ISO-10303-21;
HEADER;
FILE_DESCRIPTION (( 'STEP AP214' ),
    '1' );
FILE_NAME ('LQP03TG1N4B02D.STEP',
    '2019-12-13T10:25:14',
    ( '' ),
    ( '' ),
    'SwSTEP 2.0',
    'SolidWorks 2017',
    '' );
FILE_SCHEMA (( 'AUTOMOTIVE_DESIGN' ));
ENDSEC;

DATA;
#1 = DIRECTION ( 'NONE',  ( -1.000000000000000000, 0.0000000000000000000, 0.0000000000000000000 ) ) ;
#2 = EDGE_CURVE ( 'NONE', #1044, #397, #144, .T. ) ;
#3 = FACE_OUTER_BOUND ( 'NONE', #567, .T. ) ;
#4 = ORIENTED_EDGE ( 'NONE', *, *, #876, .F. ) ;
#5 = DIRECTION ( 'NONE',  ( 0.0000000000000000000, 0.0000000000000000000, 1.000000000000000000 ) ) ;
#6 = FACE_OUTER_BOUND ( 'NONE', #886, .T. ) ;
#7 = AXIS2_PLACEMENT_3D ( 'NONE', #382, #402, #155 ) ;
#8 = CARTESIAN_POINT ( 'NONE',  ( 0.1500000000191903400, 0.01499999999999998600, -0.1449999999999998800 ) ) ;
#9 = VECTOR ( 'NONE', #720, 1000.000000000000000 ) ;
#10 = EDGE_CURVE ( 'NONE', #1245, #958, #917, .T. ) ;
#11 = AXIS2_PLACEMENT_3D ( 'NONE', #1016, #202, #1266 ) ;
#12 =( NAMED_UNIT ( * ) PLANE_ANGLE_UNIT ( ) SI_UNIT ( $, .RADIAN. ) );
#13 = LINE ( 'NONE', #788, #1410 ) ;
#14 = VECTOR ( 'NONE', #963, 1000.000000000000000 ) ;
#15 = CARTESIAN_POINT ( 'NONE',  ( -0.1499999999999999700, 0.3149999999999999500, -0.1349999999999998700 ) ) ;
#16 = CARTESIAN_POINT ( 'NONE',  ( -0.1499999999999999700, 0.01499999999999998600, 0.1349999999999999800 ) ) ;
#17 = ADVANCED_FACE ( 'NONE', ( #1149 ), #1388, .T. ) ;
#18 = ORIENTED_EDGE ( 'NONE', *, *, #129, .F. ) ;
#19 = CARTESIAN_POINT ( 'NONE',  ( -0.3000000000000000400, 0.01499999999999998600, -0.1349999999999999300 ) ) ;
#20 = EDGE_LOOP ( 'NONE', ( #511, #57, #1171 ) ) ;
#21 = CARTESIAN_POINT ( 'NONE',  ( 0.1499999999999999700, 0.3300000000000000200, -0.1499999999999999100 ) ) ;
#22 = DIRECTION ( 'NONE',  ( -1.000000000000000000, -0.0000000000000000000, 8.673617379884036700E-017 ) ) ;
#23 = CYLINDRICAL_SURFACE ( 'NONE', #1071, 0.01499999999999998600 ) ;
#24 = ADVANCED_FACE ( 'NONE', ( #54 ), #1444, .T. ) ;
#25 = CARTESIAN_POINT ( 'NONE',  ( 0.1499999999999999400, 0.01499999999999998600, 0.1349999999999999800 ) ) ;
#26 = VERTEX_POINT ( 'NONE', #416 ) ;
#27 = ORIENTED_EDGE ( 'NONE', *, *, #1468, .T. ) ;
#28 = EDGE_CURVE ( 'NONE', #1097, #772, #1107, .T. ) ;
#29 = CARTESIAN_POINT ( 'NONE',  ( -0.2849999999999999200, 0.3150000000000000000, 0.1349999999999999800 ) ) ;
#30 = CARTESIAN_POINT ( 'NONE',  ( -0.2850000000000000300, 0.3300000000000000200, -0.1349999999999999300 ) ) ;
#31 = FACE_OUTER_BOUND ( 'NONE', #1306, .T. ) ;
#32 = DIRECTION ( 'NONE',  ( -1.807003620809175400E-016, 0.0000000000000000000, -1.000000000000000000 ) ) ;
#33 = ADVANCED_FACE ( 'NONE', ( #793, #183 ), #914, .F. ) ;
#34 = EDGE_LOOP ( 'NONE', ( #1390, #697, #1159, #148 ) ) ;
#35 = EDGE_CURVE ( 'NONE', #553, #869, #219, .T. ) ;
#36 = LINE ( 'NONE', #516, #1247 ) ;
#37 = CARTESIAN_POINT ( 'NONE',  ( 0.2999999999999999300, 0.01499999999999998600, 0.1349999999999999800 ) ) ;
#38 = ORIENTED_EDGE ( 'NONE', *, *, #257, .T. ) ;
#39 = DIRECTION ( 'NONE',  ( -1.000000000000000000, 0.0000000000000000000, 0.0000000000000000000 ) ) ;
#40 = LINE ( 'NONE', #1056, #299 ) ;
#41 = ORIENTED_EDGE ( 'NONE', *, *, #763, .F. ) ;
#42 = ORIENTED_EDGE ( 'NONE', *, *, #876, .T. ) ;
#43 = AXIS2_PLACEMENT_3D ( 'NONE', #796, #313, #1156 ) ;
#44 = CARTESIAN_POINT ( 'NONE',  ( 0.3000000000000000400, 0.3300000000000000200, -0.1499999999999999400 ) ) ;
#45 = DIRECTION ( 'NONE',  ( -1.000000000000000000, 0.0000000000000000000, 0.0000000000000000000 ) ) ;
#46 = CARTESIAN_POINT ( 'NONE',  ( -0.2999999999999999300, 0.3300000000000000200, 0.1499999999999999900 ) ) ;
#47 = EDGE_CURVE ( 'NONE', #105, #249, #629, .T. ) ;
#48 = CARTESIAN_POINT ( 'NONE',  ( -0.1499999999999999400, 0.3150000000000000000, 0.1349999999999999800 ) ) ;
#49 = EDGE_LOOP ( 'NONE', ( #661, #1433, #579, #522, #802, #230, #1532, #741 ) ) ;
#50 = VERTEX_POINT ( 'NONE', #85 ) ;
#51 = CARTESIAN_POINT ( 'NONE',  ( 0.1499999999999999400, 0.0000000000000000000, 0.1349999999999999800 ) ) ;
#52 = CYLINDRICAL_SURFACE ( 'NONE', #644, 0.05999999999999998400 ) ;
#53 = CARTESIAN_POINT ( 'NONE',  ( 0.2850000000000000300, 0.3300000000000000200, -0.1349999999999999300 ) ) ;
#54 = FACE_OUTER_BOUND ( 'NONE', #1133, .T. ) ;
#55 = DIRECTION ( 'NONE',  ( -0.0000000000000000000, 1.000000000000000000, -0.0000000000000000000 ) ) ;
#56 = AXIS2_PLACEMENT_3D ( 'NONE', #1207, #371, #1474 ) ;
#57 = ORIENTED_EDGE ( 'NONE', *, *, #1473, .T. ) ;
#58 =( LENGTH_UNIT ( ) NAMED_UNIT ( * ) SI_UNIT ( .MILLI., .METRE. ) );
#59 = MECHANICAL_DESIGN_GEOMETRIC_PRESENTATION_REPRESENTATION (  '', ( #950 ), #84 ) ;
#60 = DIRECTION ( 'NONE',  ( -1.000000000000000000, -0.0000000000000000000, 8.673617379884036700E-017 ) ) ;
#61 = UNCERTAINTY_MEASURE_WITH_UNIT (LENGTH_MEASURE( 1.000000000000000100E-005 ), #356, 'distance_accuracy_value', 'NONE');
#62 = FACE_OUTER_BOUND ( 'NONE', #189, .T. ) ;
#63 = ORIENTED_EDGE ( 'NONE', *, *, #612, .T. ) ;
#64 = CARTESIAN_POINT ( 'NONE',  ( -0.1499999999999999700, 0.3150000000000000000, -0.1499999999999999100 ) ) ;
#65 = VECTOR ( 'NONE', #1168, 1000.000000000000000 ) ;
#66 = ORIENTED_EDGE ( 'NONE', *, *, #1327, .T. ) ;
#67 = AXIS2_PLACEMENT_3D ( 'NONE', #648, #1246, #659 ) ;
#68 = VERTEX_POINT ( 'NONE', #549 ) ;
#69 = CARTESIAN_POINT ( 'NONE',  ( -0.3000000000000000400, 0.3150000000000000000, -0.1499999999999999400 ) ) ;
#70 = PRODUCT_DEFINITION ( 'UNKNOWN', '', #194, #1138 ) ;
#71 = EDGE_CURVE ( 'NONE', #633, #1356, #1277, .T. ) ;
#72 = CARTESIAN_POINT ( 'NONE',  ( -0.2850000000000000300, 0.01499999999999998600, -0.1349999999999999300 ) ) ;
#73 = CIRCLE ( 'NONE', #893, 0.01499999999999999900 ) ;
#74 = CIRCLE ( 'NONE', #1477, 0.01499999999999998600 ) ;
#75 = ORIENTED_EDGE ( 'NONE', *, *, #203, .F. ) ;
#76 = DIRECTION ( 'NONE',  ( 0.0000000000000000000, -1.000000000000000000, 0.0000000000000000000 ) ) ;
#77 = CARTESIAN_POINT ( 'NONE',  ( -0.2849999999999999200, 0.3150000000000000000, 0.1349999999999999800 ) ) ;
#78 = ORIENTED_EDGE ( 'NONE', *, *, #136, .F. ) ;
#79 = CARTESIAN_POINT ( 'NONE',  ( -0.2999999999999999300, 0.01499999999999998600, 0.1349999999999999800 ) ) ;
#80 = EDGE_CURVE ( 'NONE', #875, #653, #1493, .T. ) ;
#81 = DIRECTION ( 'NONE',  ( 0.0000000000000000000, -0.0000000000000000000, 1.000000000000000000 ) ) ;
#82 = FILL_AREA_STYLE ('',( #904 ) ) ;
#83 = CARTESIAN_POINT ( 'NONE',  ( -0.2850000000000000300, 0.3150000000000000000, -0.1349999999999999300 ) ) ;
#84 =( GEOMETRIC_REPRESENTATION_CONTEXT ( 3 ) GLOBAL_UNCERTAINTY_ASSIGNED_CONTEXT ( ( #392 ) ) GLOBAL_UNIT_ASSIGNED_CONTEXT ( ( #1088, #1447, #133 ) ) REPRESENTATION_CONTEXT ( 'NONE', 'WORKASPACE' ) );
#85 = CARTESIAN_POINT ( 'NONE',  ( -0.07499999999999999700, 0.3250000000000000100, 0.06000000000000000500 ) ) ;
#86 = CARTESIAN_POINT ( 'NONE',  ( 0.1499999999999999400, 0.01499999999999998600, 0.1499999999999999900 ) ) ;
#87 = VERTEX_POINT ( 'NONE', #785 ) ;
#88 = DIRECTION ( 'NONE',  ( 0.0000000000000000000, 0.0000000000000000000, -1.000000000000000000 ) ) ;
#89 = EDGE_CURVE ( 'NONE', #68, #249, #95, .T. ) ;
#90 =( NAMED_UNIT ( * ) PLANE_ANGLE_UNIT ( ) SI_UNIT ( $, .RADIAN. ) );
#91 = PLANE ( 'NONE',  #1347 ) ;
#92 = MECHANICAL_DESIGN_GEOMETRIC_PRESENTATION_REPRESENTATION (  '', ( #505 ), #551 ) ;
#93 = VECTOR ( 'NONE', #736, 1000.000000000000000 ) ;
#94 = CARTESIAN_POINT ( 'NONE',  ( 0.2999999999999999300, 0.3150000000000000000, 0.1349999999999999800 ) ) ;
#95 = LINE ( 'NONE', #1412, #1419 ) ;
#96 = EDGE_LOOP ( 'NONE', ( #75, #400, #63, #401 ) ) ;
#97 = DIRECTION ( 'NONE',  ( -0.0000000000000000000, 1.000000000000000000, -0.0000000000000000000 ) ) ;
#98 = CARTESIAN_POINT ( 'NONE',  ( -0.2849999999999999200, 0.3150000000000000000, 0.1349999999999999800 ) ) ;
#99 = DIRECTION ( 'NONE',  ( 0.0000000000000000000, -1.000000000000000000, 0.0000000000000000000 ) ) ;
#100 =( NAMED_UNIT ( * ) SI_UNIT ( $, .STERADIAN. ) SOLID_ANGLE_UNIT ( ) );
#101 = VERTEX_POINT ( 'NONE', #1516 ) ;
#102 = DIRECTION ( 'NONE',  ( -1.000000000000000000, 0.0000000000000000000, -3.614007241618349300E-016 ) ) ;
#103 = DIRECTION ( 'NONE',  ( 0.0000000000000000000, -1.000000000000000000, 0.0000000000000000000 ) ) ;
#104 = CARTESIAN_POINT ( 'NONE',  ( 0.2850000000000000300, 0.01499999999999999900, -0.1349999999999999300 ) ) ;
#105 = VERTEX_POINT ( 'NONE', #906 ) ;
#106 = DIRECTION ( 'NONE',  ( 0.0000000000000000000, 1.000000000000000000, 0.0000000000000000000 ) ) ;
#107 = EDGE_CURVE ( 'NONE', #415, #117, #1124, .T. ) ;
#108 = CIRCLE ( 'NONE', #957, 0.01499999999999999900 ) ;
#109 = CARTESIAN_POINT ( 'NONE',  ( -0.2849999999999999200, 0.01499999999999998600, 0.1349999999999999800 ) ) ;
#110 = VECTOR ( 'NONE', #597, 1000.000000000000000 ) ;
#111 = ADVANCED_FACE ( 'NONE', ( #315, #451 ), #1290, .F. ) ;
#112 = DIRECTION ( 'NONE',  ( -1.000000000000000000, 0.0000000000000000000, 0.0000000000000000000 ) ) ;
#113 = ORIENTED_EDGE ( 'NONE', *, *, #263, .F. ) ;
#114 = DIRECTION ( 'NONE',  ( 0.0000000000000000000, -0.0000000000000000000, -1.000000000000000000 ) ) ;
#115 = ORIENTED_EDGE ( 'NONE', *, *, #668, .F. ) ;
#116 = DIRECTION ( 'NONE',  ( 0.0000000000000000000, -1.000000000000000000, -0.0000000000000000000 ) ) ;
#117 = VERTEX_POINT ( 'NONE', #236 ) ;
#118 = CARTESIAN_POINT ( 'NONE',  ( 0.2850000000000000300, 0.0000000000000000000, -0.1349999999999999300 ) ) ;
#119 = AXIS2_PLACEMENT_3D ( 'NONE', #1455, #1198, #586 ) ;
#120 = CARTESIAN_POINT ( 'NONE',  ( -0.1499999999999999700, 0.3300000000000000200, -0.1349999999999999000 ) ) ;
#121 = ORIENTED_EDGE ( 'NONE', *, *, #266, .T. ) ;
#122 = CARTESIAN_POINT ( 'NONE',  ( -0.2849999999999999200, 0.3300000000000000200, 0.1499999999999999900 ) ) ;
#123 = ORIENTED_EDGE ( 'NONE', *, *, #203, .T. ) ;
#124 = LINE ( 'NONE', #1283, #934 ) ;
#125 = ADVANCED_FACE ( 'NONE', ( #395 ), #23, .T. ) ;
#126 = CIRCLE ( 'NONE', #1223, 0.05999999999999998400 ) ;
#127 = EDGE_CURVE ( 'NONE', #413, #548, #1089, .T. ) ;
#128 = LINE ( 'NONE', #1326, #93 ) ;
#129 = EDGE_CURVE ( 'NONE', #811, #274, #559, .T. ) ;
#130 = DIRECTION ( 'NONE',  ( -1.000000000000000000, -0.0000000000000000000, 8.673617379884036700E-017 ) ) ;
#131 = ORIENTED_EDGE ( 'NONE', *, *, #1193, .T. ) ;
#132 = CARTESIAN_POINT ( 'NONE',  ( 0.2850000000000000300, 0.3150000000000000000, -0.1349999999999999300 ) ) ;
#133 =( NAMED_UNIT ( * ) SI_UNIT ( $, .STERADIAN. ) SOLID_ANGLE_UNIT ( ) );
#134 = ADVANCED_FACE ( 'NONE', ( #769 ), #898, .T. ) ;
#135 = MECHANICAL_DESIGN_GEOMETRIC_PRESENTATION_REPRESENTATION (  '', ( #165 ), #1134 ) ;
#136 = EDGE_CURVE ( 'NONE', #292, #50, #598, .T. ) ;
#137 = CARTESIAN_POINT ( 'NONE',  ( -0.1499999999999999700, 0.3250000000000000100, 0.1349999999999998700 ) ) ;
#138 = ORIENTED_EDGE ( 'NONE', *, *, #789, .T. ) ;
#139 = CYLINDRICAL_SURFACE ( 'NONE', #147, 0.01499999999999999900 ) ;
#140 = ADVANCED_FACE ( 'NONE', ( #166 ), #987, .T. ) ;
#141 = DIRECTION ( 'NONE',  ( 1.000000000000000000, 0.0000000000000000000, -1.807003620809173200E-016 ) ) ;
#142 = ORIENTED_EDGE ( 'NONE', *, *, #1193, .F. ) ;
#143 = CIRCLE ( 'NONE', #880, 0.01499999999999998600 ) ;
#144 = LINE ( 'NONE', #1035, #272 ) ;
#145 = CARTESIAN_POINT ( 'NONE',  ( -0.07499999999999998300, 0.3149999999999999500, -0.05999999999999996300 ) ) ;
#146 = EDGE_LOOP ( 'NONE', ( #1140, #1405, #952, #581 ) ) ;
#147 = AXIS2_PLACEMENT_3D ( 'NONE', #1026, #457, #572 ) ;
#148 = ORIENTED_EDGE ( 'NONE', *, *, #890, .F. ) ;
#149 = CARTESIAN_POINT ( 'NONE',  ( -0.07499999999999999700, -0.001000000000000024300, 2.265596578422603300E-017 ) ) ;
#150 = FACE_OUTER_BOUND ( 'NONE', #20, .T. ) ;
#151 = DIRECTION ( 'NONE',  ( -1.000000000000000000, 0.0000000000000000000, 1.807003620809173200E-016 ) ) ;
#152 = FACE_OUTER_BOUND ( 'NONE', #288, .T. ) ;
#153 = ORIENTED_EDGE ( 'NONE', *, *, #1020, .T. ) ;
#154 = EDGE_CURVE ( 'NONE', #332, #523, #538, .T. ) ;
#155 = DIRECTION ( 'NONE',  ( 0.0000000000000000000, -0.0000000000000000000, 1.000000000000000000 ) ) ;
#156 = EDGE_CURVE ( 'NONE', #26, #486, #1403, .T. ) ;
#157 = PLANE ( 'NONE',  #1500 ) ;
#158 = AXIS2_PLACEMENT_3D ( 'NONE', #191, #418, #767 ) ;
#159 = ORIENTED_EDGE ( 'NONE', *, *, #1079, .F. ) ;
#160 = CARTESIAN_POINT ( 'NONE',  ( -0.07499999999999998300, 0.3250000000000000100, -0.05999999999999996300 ) ) ;
#161 = CIRCLE ( 'NONE', #791, 0.05999999999999998400 ) ;
#162 = VECTOR ( 'NONE', #1019, 1000.000000000000000 ) ;
#163 = CARTESIAN_POINT ( 'NONE',  ( -0.2849999999999999200, 0.0000000000000000000, 0.1349999999999999800 ) ) ;
#164 = CIRCLE ( 'NONE', #819, 0.01499999999999999900 ) ;
#165 = STYLED_ITEM ( 'NONE', ( #291 ), #977 ) ;
#166 = FACE_OUTER_BOUND ( 'NONE', #1169, .T. ) ;
#167 = ORIENTED_EDGE ( 'NONE', *, *, #784, .T. ) ;
#168 =( NAMED_UNIT ( * ) PLANE_ANGLE_UNIT ( ) SI_UNIT ( $, .RADIAN. ) );
#169 = ORIENTED_EDGE ( 'NONE', *, *, #1358, .F. ) ;
#170 = AXIS2_PLACEMENT_3D ( 'NONE', #83, #1161, #691 ) ;
#171 = DIRECTION ( 'NONE',  ( -1.000000000000000000, -0.0000000000000000000, 8.673617379884036700E-017 ) ) ;
#172 = ORIENTED_EDGE ( 'NONE', *, *, #1519, .T. ) ;
#173 = LINE ( 'NONE', #212, #1099 ) ;
#174 = ORIENTED_EDGE ( 'NONE', *, *, #637, .T. ) ;
#175 = APPLICATION_PROTOCOL_DEFINITION ( 'draft international standard', 'automotive_design', 1998, #386 ) ;
#176 = FACE_OUTER_BOUND ( 'NONE', #976, .T. ) ;
#177 = PLANE ( 'NONE',  #7 ) ;
#178 = AXIS2_PLACEMENT_3D ( 'NONE', #98, #421, #918 ) ;
#179 = CARTESIAN_POINT ( 'NONE',  ( 500000.0000000000600, 0.01499999999999998600, 0.1349999999566318900 ) ) ;
#180 = SURFACE_STYLE_USAGE ( .BOTH. , #764 ) ;
#181 = FACE_OUTER_BOUND ( 'NONE', #671, .T. ) ;
#182 = CARTESIAN_POINT ( 'NONE',  ( 0.2849999999999999800, 0.3150000000000000000, 1.029992063861229600E-016 ) ) ;
#183 = FACE_OUTER_BOUND ( 'NONE', #296, .T. ) ;
#184 = EDGE_CURVE ( 'NONE', #249, #397, #578, .T. ) ;
#185 = ORIENTED_EDGE ( 'NONE', *, *, #810, .T. ) ;
#186 = DIRECTION ( 'NONE',  ( -1.000000000000000000, -0.0000000000000000000, 8.673617379884036700E-017 ) ) ;
#187 = DIRECTION ( 'NONE',  ( 0.0000000000000000000, 0.0000000000000000000, 1.000000000000000000 ) ) ;
#188 = LINE ( 'NONE', #1106, #621 ) ;
#189 = EDGE_LOOP ( 'NONE', ( #840, #1081, #544, #1162 ) ) ;
#190 = CARTESIAN_POINT ( 'NONE',  ( 0.2849999999999999200, 0.01499999999999998600, 0.1349999999999999800 ) ) ;
#191 = CARTESIAN_POINT ( 'NONE',  ( -0.2850000000000000300, 0.01499999999999998600, -0.1499999999999999400 ) ) ;
#192 = VERTEX_POINT ( 'NONE', #1043 ) ;
#193 = DIRECTION ( 'NONE',  ( 0.0000000000000000000, 1.000000000000000000, 0.0000000000000000000 ) ) ;
#194 = PRODUCT_DEFINITION_FORMATION_WITH_SPECIFIED_SOURCE ( 'ANY', '', #1183, .NOT_KNOWN. ) ;
#195 = LINE ( 'NONE', #1148, #730 ) ;
#196 = CIRCLE ( 'NONE', #702, 0.01499999999999999900 ) ;
#197 = CARTESIAN_POINT ( 'NONE',  ( 0.2999999999999999300, 0.3300000000000000200, 0.1349999999999999500 ) ) ;
#198 = VECTOR ( 'NONE', #822, 1000.000000000000000 ) ;
#199 = DIRECTION ( 'NONE',  ( -1.000000000000000000, 0.0000000000000000000, 8.673617379884036700E-017 ) ) ;
#200 = CARTESIAN_POINT ( 'NONE',  ( 0.1500000000191903400, 0.3150000000000000000, -0.1349999999999998700 ) ) ;
#201 = ORIENTED_EDGE ( 'NONE', *, *, #127, .T. ) ;
#202 = DIRECTION ( 'NONE',  ( 1.000000000000000000, 0.0000000000000000000, 9.035018104045873200E-017 ) ) ;
#203 = EDGE_CURVE ( 'NONE', #1352, #231, #1042, .T. ) ;
#204 =( LENGTH_UNIT ( ) NAMED_UNIT ( * ) SI_UNIT ( .MILLI., .METRE. ) );
#205 = DIRECTION ( 'NONE',  ( 1.000000000000000000, 0.0000000000000000000, 9.035018104045873200E-017 ) ) ;
#206 = CARTESIAN_POINT ( 'NONE',  ( -0.1499999999999999700, 0.3150000000000000000, -0.1349999999999998700 ) ) ;
#207 = EDGE_CURVE ( 'NONE', #958, #1356, #865, .T. ) ;
#208 = DIRECTION ( 'NONE',  ( -1.807003620809173200E-016, 0.0000000000000000000, 1.000000000000000000 ) ) ;
#209 = ORIENTED_EDGE ( 'NONE', *, *, #972, .F. ) ;
#210 = EDGE_LOOP ( 'NONE', ( #552, #1281, #403, #1208 ) ) ;
#211 = CARTESIAN_POINT ( 'NONE',  ( 0.2849999999999999200, 0.01499999999999999900, 0.1349999999999999800 ) ) ;
#212 = CARTESIAN_POINT ( 'NONE',  ( 0.1500000000191903400, 0.3250000000000000100, -0.1350000000885430200 ) ) ;
#213 = CARTESIAN_POINT ( 'NONE',  ( -0.2850000000000000300, 0.3150000000000000000, -0.1349999999999999300 ) ) ;
#214 = ORIENTED_EDGE ( 'NONE', *, *, #331, .F. ) ;
#215 = VECTOR ( 'NONE', #833, 1000.000000000000000 ) ;
#216 = CARTESIAN_POINT ( 'NONE',  ( 500000.0000000000600, 0.3150000000000000000, 0.1449999999566318800 ) ) ;
#217 = AXIS2_PLACEMENT_3D ( 'NONE', #832, #1323, #1072 ) ;
#218 = DIRECTION ( 'NONE',  ( 1.000000000000000000, 0.0000000000000000000, 0.0000000000000000000 ) ) ;
#219 = LINE ( 'NONE', #656, #508 ) ;
#220 = AXIS2_PLACEMENT_3D ( 'NONE', #37, #39, #363 ) ;
#221 = ORIENTED_EDGE ( 'NONE', *, *, #835, .F. ) ;
#222 = DIRECTION ( 'NONE',  ( 0.0000000000000000000, 1.000000000000000000, 0.0000000000000000000 ) ) ;
#223 = CARTESIAN_POINT ( 'NONE',  ( 500000.0000000000600, 0.3150000000000000000, -0.1350000000433679600 ) ) ;
#224 = ADVANCED_FACE ( 'NONE', ( #1380 ), #1421, .T. ) ;
#225 = LINE ( 'NONE', #69, #1386 ) ;
#226 = DIRECTION ( 'NONE',  ( -1.000000000000000000, -0.0000000000000000000, -0.0000000000000000000 ) ) ;
#227 = AXIS2_PLACEMENT_3D ( 'NONE', #1305, #445, #1530 ) ;
#228 = ORIENTED_EDGE ( 'NONE', *, *, #988, .F. ) ;
#229 = DIRECTION ( 'NONE',  ( 0.0000000000000000000, -0.0000000000000000000, -1.000000000000000000 ) ) ;
#230 = ORIENTED_EDGE ( 'NONE', *, *, #354, .F. ) ;
#231 = VERTEX_POINT ( 'NONE', #118 ) ;
#232 = ADVANCED_FACE ( 'NONE', ( #1167 ), #285, .T. ) ;
#233 = DIRECTION ( 'NONE',  ( 0.0000000000000000000, 0.0000000000000000000, -1.000000000000000000 ) ) ;
#234 = EDGE_CURVE ( 'NONE', #1189, #1125, #238, .T. ) ;
#235 = VECTOR ( 'NONE', #546, 1000.000000000000000 ) ;
#236 = CARTESIAN_POINT ( 'NONE',  ( 0.2849999999999999200, 0.3150000000000000000, 0.1499999999999999900 ) ) ;
#237 = CARTESIAN_POINT ( 'NONE',  ( 500000.0000000000600, 0.3149999999999998900, -0.1450000000433679700 ) ) ;
#238 = CIRCLE ( 'NONE', #931, 0.009999999999999998500 ) ;
#239 = CARTESIAN_POINT ( 'NONE',  ( -0.07499999999999999700, 0.3250000000000000100, 2.265596578422603300E-017 ) ) ;
#240 = ORIENTED_EDGE ( 'NONE', *, *, #588, .T. ) ;
#241 = ADVANCED_FACE ( 'NONE', ( #1235 ), #607, .T. ) ;
#242 = MANIFOLD_SOLID_BREP ( 'Cut-Extrude2', #642 ) ;
#243 = DIRECTION ( 'NONE',  ( 0.0000000000000000000, 0.0000000000000000000, -1.000000000000000000 ) ) ;
#244 = PLANE ( 'NONE',  #217 ) ;
#245 = AXIS2_PLACEMENT_3D ( 'NONE', #1180, #1409, #1275 ) ;
#246 = ORIENTED_EDGE ( 'NONE', *, *, #537, .T. ) ;
#247 = DIRECTION ( 'NONE',  ( 0.0000000000000000000, 1.000000000000000000, 0.0000000000000000000 ) ) ;
#248 = ADVANCED_FACE ( 'NONE', ( #1324 ), #244, .F. ) ;
#249 = VERTEX_POINT ( 'NONE', #352 ) ;
#250 = AXIS2_PLACEMENT_3D ( 'NONE', #325, #677, #938 ) ;
#251 = DIRECTION ( 'NONE',  ( 0.0000000000000000000, 1.000000000000000000, 0.0000000000000000000 ) ) ;
#252 = VECTOR ( 'NONE', #1075, 1000.000000000000000 ) ;
#253 = DIRECTION ( 'NONE',  ( 0.0000000000000000000, 0.0000000000000000000, -1.000000000000000000 ) ) ;
#254 = CIRCLE ( 'NONE', #573, 0.01499999999999998600 ) ;
#255 = DIRECTION ( 'NONE',  ( 1.000000000000000000, 0.0000000000000000000, -8.673617379884036700E-017 ) ) ;
#256 = ADVANCED_FACE ( 'NONE', ( #864 ), #1233, .T. ) ;
#257 = EDGE_CURVE ( 'NONE', #523, #324, #1443, .T. ) ;
#258 = DIRECTION ( 'NONE',  ( 0.0000000000000000000, 0.0000000000000000000, 1.000000000000000000 ) ) ;
#259 = ORIENTED_EDGE ( 'NONE', *, *, #129, .T. ) ;
#260 = APPLICATION_CONTEXT ( 'automotive_design' ) ;
#261 = CARTESIAN_POINT ( 'NONE',  ( 0.2999999999999999300, 0.01499999999999998600, 0.1499999999999999900 ) ) ;
#262 = VECTOR ( 'NONE', #186, 1000.000000000000000 ) ;
#263 = EDGE_CURVE ( 'NONE', #710, #811, #954, .T. ) ;
#264 = SURFACE_STYLE_FILL_AREA ( #82 ) ;
#265 = ORIENTED_EDGE ( 'NONE', *, *, #754, .F. ) ;
#266 = EDGE_CURVE ( 'NONE', #1044, #703, #196, .T. ) ;
#267 = CIRCLE ( 'NONE', #725, 0.01499999999999999900 ) ;
#268 = ORIENTED_EDGE ( 'NONE', *, *, #666, .T. ) ;
#269 = CIRCLE ( 'NONE', #1073, 0.01499999999999999900 ) ;
#270 = CIRCLE ( 'NONE', #447, 0.01499999999999999900 ) ;
#271 = CARTESIAN_POINT ( 'NONE',  ( 0.1499999999999999400, 0.3150000000000000000, 0.1349999999999999800 ) ) ;
#272 = VECTOR ( 'NONE', #1521, 1000.000000000000000 ) ;
#273 = DIRECTION ( 'NONE',  ( -0.0000000000000000000, 1.000000000000000000, -0.0000000000000000000 ) ) ;
#274 = VERTEX_POINT ( 'NONE', #1338 ) ;
#275 = EDGE_LOOP ( 'NONE', ( #1337, #639, #259, #1060 ) ) ;
#276 = FILL_AREA_STYLE ('',( #1234 ) ) ;
#277 = CARTESIAN_POINT ( 'NONE',  ( -0.3000000000000000400, 0.01499999999999998600, -0.1499999999999999400 ) ) ;
#278 = EDGE_CURVE ( 'NONE', #653, #782, #355, .T. ) ;
#279 = EDGE_CURVE ( 'NONE', #979, #794, #1341, .T. ) ;
#280 = DIRECTION ( 'NONE',  ( 0.0000000000000000000, 0.0000000000000000000, 1.000000000000000000 ) ) ;
#281 = ORIENTED_EDGE ( 'NONE', *, *, #618, .F. ) ;
#282 = CARTESIAN_POINT ( 'NONE',  ( -0.07499999999999999700, 0.1452943725152285900, 2.265596578422603300E-017 ) ) ;
#283 = DIRECTION ( 'NONE',  ( 0.0000000000000000000, 0.0000000000000000000, 1.000000000000000000 ) ) ;
#284 = FACE_OUTER_BOUND ( 'NONE', #560, .T. ) ;
#285 = CYLINDRICAL_SURFACE ( 'NONE', #1253, 0.009999999999999998500 ) ;
#286 = CARTESIAN_POINT ( 'NONE',  ( 0.3000000000000000400, 0.01499999999999998600, -0.1349999999999999300 ) ) ;
#287 = EDGE_CURVE ( 'NONE', #1101, #869, #411, .T. ) ;
#288 = EDGE_LOOP ( 'NONE', ( #1457, #1151, #1513, #406 ) ) ;
#289 = PLANE ( 'NONE',  #945 ) ;
#290 = DIRECTION ( 'NONE',  ( 3.614007241618349300E-016, 0.0000000000000000000, -1.000000000000000000 ) ) ;
#291 = PRESENTATION_STYLE_ASSIGNMENT (( #631 ) ) ;
#292 = VERTEX_POINT ( 'NONE', #712 ) ;
#293 = VERTEX_POINT ( 'NONE', #1064 ) ;
#294 = CARTESIAN_POINT ( 'NONE',  ( 0.2850000000000000300, 0.01499999999999998600, -0.1499999999999999400 ) ) ;
#295 =( GEOMETRIC_REPRESENTATION_CONTEXT ( 3 ) GLOBAL_UNCERTAINTY_ASSIGNED_CONTEXT ( ( #61 ) ) GLOBAL_UNIT_ASSIGNED_CONTEXT ( ( #356, #1334, #1345 ) ) REPRESENTATION_CONTEXT ( 'NONE', 'WORKASPACE' ) );
#296 = EDGE_LOOP ( 'NONE', ( #27, #527, #873, #348 ) ) ;
#297 = EDGE_CURVE ( 'NONE', #293, #1318, #790, .T. ) ;
#298 = DIRECTION ( 'NONE',  ( -1.000000000000000000, -0.0000000000000000000, -0.0000000000000000000 ) ) ;
#299 = VECTOR ( 'NONE', #339, 1000.000000000000000 ) ;
#300 = DIRECTION ( 'NONE',  ( 0.0000000000000000000, 1.000000000000000000, 0.0000000000000000000 ) ) ;
#301 = EDGE_CURVE ( 'NONE', #486, #26, #1004, .T. ) ;
#302 = EDGE_LOOP ( 'NONE', ( #209, #1037, #1330, #1317 ) ) ;
#303 = DIRECTION ( 'NONE',  ( 0.0000000000000000000, 0.0000000000000000000, -1.000000000000000000 ) ) ;
#304 = CARTESIAN_POINT ( 'NONE',  ( -0.3000000000000000400, 0.3300000000000000200, -0.1349999999999999300 ) ) ;
#305 = ORIENTED_EDGE ( 'NONE', *, *, #381, .T. ) ;
#306 = AXIS2_PLACEMENT_3D ( 'NONE', #1363, #171, #280 ) ;
#307 = EDGE_LOOP ( 'NONE', ( #465, #1425, #1454, #759 ) ) ;
#308 = DIRECTION ( 'NONE',  ( 1.000000000000000000, -0.0000000000000000000, 0.0000000000000000000 ) ) ;
#309 = DIRECTION ( 'NONE',  ( 0.0000000000000000000, 1.000000000000000000, 0.0000000000000000000 ) ) ;
#310 = PLANE ( 'NONE',  #871 ) ;
#311 = EDGE_LOOP ( 'NONE', ( #1431, #542, #1046, #1141 ) ) ;
#312 = CARTESIAN_POINT ( 'NONE',  ( 0.1499999999999999700, 0.3150000000000000000, -0.1499999999999999100 ) ) ;
#313 = DIRECTION ( 'NONE',  ( -0.0000000000000000000, 1.000000000000000000, -0.0000000000000000000 ) ) ;
#314 = VECTOR ( 'NONE', #514, 1000.000000000000000 ) ;
#315 = FACE_BOUND ( 'NONE', #990, .T. ) ;
#316 = PLANE ( 'NONE',  #776 ) ;
#317 =( LENGTH_UNIT ( ) NAMED_UNIT ( * ) SI_UNIT ( .MILLI., .METRE. ) );
#318 = AXIS2_PLACEMENT_3D ( 'NONE', #25, #358, #1201 ) ;
#319 = ORIENTED_EDGE ( 'NONE', *, *, #1381, .T. ) ;
#320 = DIRECTION ( 'NONE',  ( 0.0000000000000000000, 0.0000000000000000000, 1.000000000000000000 ) ) ;
#321 = ORIENTED_EDGE ( 'NONE', *, *, #512, .T. ) ;
#322 = DIRECTION ( 'NONE',  ( 0.0000000000000000000, 0.0000000000000000000, 1.000000000000000000 ) ) ;
#323 = SURFACE_STYLE_USAGE ( .BOTH. , #1173 ) ;
#324 = VERTEX_POINT ( 'NONE', #1369 ) ;
#325 = CARTESIAN_POINT ( 'NONE',  ( -0.1499999999999999700, 0.01499999999999998600, -0.1349999999999999000 ) ) ;
#326 = SURFACE_STYLE_FILL_AREA ( #1031 ) ;
#327 = FILL_AREA_STYLE_COLOUR ( '', #483 ) ;
#328 = ORIENTED_EDGE ( 'NONE', *, *, #495, .F. ) ;
#329 = ADVANCED_FACE ( 'NONE', ( #1508 ), #366, .T. ) ;
#330 = PLANE ( 'NONE',  #414 ) ;
#331 = EDGE_CURVE ( 'NONE', #388, #50, #687, .T. ) ;
#332 = VERTEX_POINT ( 'NONE', #1230 ) ;
#333 = DIRECTION ( 'NONE',  ( -0.0000000000000000000, 1.000000000000000000, -0.0000000000000000000 ) ) ;
#334 = LINE ( 'NONE', #933, #1360 ) ;
#335 = CARTESIAN_POINT ( 'NONE',  ( 0.1499999999999999400, 0.3300000000000000200, 0.1499999999999999900 ) ) ;
#336 = EDGE_LOOP ( 'NONE', ( #201, #1015, #328, #981 ) ) ;
#337 = ADVANCED_FACE ( 'NONE', ( #374 ), #373, .F. ) ;
#338 = ORIENTED_EDGE ( 'NONE', *, *, #942, .T. ) ;
#339 = DIRECTION ( 'NONE',  ( -3.614007241618349300E-016, 0.0000000000000000000, 1.000000000000000000 ) ) ;
#340 = FACE_OUTER_BOUND ( 'NONE', #1119, .T. ) ;
#341 = CARTESIAN_POINT ( 'NONE',  ( 0.1500000000191903400, 0.004999999999999999200, 0.1349999999114568100 ) ) ;
#342 = VECTOR ( 'NONE', #1227, 1000.000000000000000 ) ;
#343 = ADVANCED_FACE ( 'NONE', ( #1401 ), #616, .F. ) ;
#344 = CARTESIAN_POINT ( 'NONE',  ( 0.0000000000000000000, 0.3150000000000000000, 0.1349999999999999800 ) ) ;
#345 = ORIENTED_EDGE ( 'NONE', *, *, #1381, .F. ) ;
#346 = CARTESIAN_POINT ( 'NONE',  ( -0.1499999999999999700, 0.01499999999999998600, -0.1349999999999998700 ) ) ;
#347 = DIRECTION ( 'NONE',  ( -1.000000000000000000, 0.0000000000000000000, 0.0000000000000000000 ) ) ;
#348 = ORIENTED_EDGE ( 'NONE', *, *, #351, .F. ) ;
#349 = CARTESIAN_POINT ( 'NONE',  ( -0.07499999999999999700, 0.3149999999999999500, 2.265596578422603300E-017 ) ) ;
#350 = EDGE_LOOP ( 'NONE', ( #1202, #530, #1127, #115 ) ) ;
#351 = EDGE_CURVE ( 'NONE', #87, #517, #916, .T. ) ;
#352 = CARTESIAN_POINT ( 'NONE',  ( -0.1499999999999999700, 0.0000000000000000000, -0.1349999999999999000 ) ) ;
#353 = ADVANCED_FACE ( 'NONE', ( #897 ), #157, .F. ) ;
#354 = EDGE_CURVE ( 'NONE', #1383, #794, #270, .T. ) ;
#355 = LINE ( 'NONE', #1463, #110 ) ;
#356 =( LENGTH_UNIT ( ) NAMED_UNIT ( * ) SI_UNIT ( .MILLI., .METRE. ) );
#357 = ORIENTED_EDGE ( 'NONE', *, *, #866, .T. ) ;
#358 = DIRECTION ( 'NONE',  ( 1.000000000000000000, 0.0000000000000000000, 9.035018104045873200E-017 ) ) ;
#359 = ORIENTED_EDGE ( 'NONE', *, *, #569, .F. ) ;
#360 = VERTEX_POINT ( 'NONE', #506 ) ;
#361 = AXIS2_PLACEMENT_3D ( 'NONE', #1404, #1137, #662 ) ;
#362 = ADVANCED_FACE ( 'NONE', ( #536 ), #1147, .T. ) ;
#363 = DIRECTION ( 'NONE',  ( 0.0000000000000000000, 0.0000000000000000000, -1.000000000000000000 ) ) ;
#364 = CIRCLE ( 'NONE', #1435, 0.01499999999999998600 ) ;
#365 = FACE_OUTER_BOUND ( 'NONE', #1216, .T. ) ;
#366 = PLANE ( 'NONE',  #680 ) ;
#367 = ORIENTED_EDGE ( 'NONE', *, *, #734, .F. ) ;
#368 = CARTESIAN_POINT ( 'NONE',  ( 0.0000000000000000000, 0.0000000000000000000, 0.0000000000000000000 ) ) ;
#369 = ORIENTED_EDGE ( 'NONE', *, *, #618, .T. ) ;
#370 = CARTESIAN_POINT ( 'NONE',  ( 0.1499999999999999700, 0.3300000000000000200, -0.1499999999999999100 ) ) ;
#371 = DIRECTION ( 'NONE',  ( -3.614007241618349300E-016, 0.0000000000000000000, -1.000000000000000000 ) ) ;
#372 = FACE_OUTER_BOUND ( 'NONE', #302, .T. ) ;
#373 = PLANE ( 'NONE',  #766 ) ;
#374 = FACE_OUTER_BOUND ( 'NONE', #96, .T. ) ;
#375 = ORIENTED_EDGE ( 'NONE', *, *, #513, .F. ) ;
#376 = ORIENTED_EDGE ( 'NONE', *, *, #1236, .T. ) ;
#377 = ORIENTED_EDGE ( 'NONE', *, *, #80, .T. ) ;
#378 = DIRECTION ( 'NONE',  ( 0.0000000000000000000, 0.0000000000000000000, -1.000000000000000000 ) ) ;
#379 = AXIS2_PLACEMENT_3D ( 'NONE', #760, #1495, #1239 ) ;
#380 = VECTOR ( 'NONE', #755, 1000.000000000000000 ) ;
#381 = EDGE_CURVE ( 'NONE', #397, #721, #750, .T. ) ;
#382 = CARTESIAN_POINT ( 'NONE',  ( 500000.0000000000600, 0.004999999999999999200, 0.1349999999566318900 ) ) ;
#383 = ORIENTED_EDGE ( 'NONE', *, *, #789, .F. ) ;
#384 = DIRECTION ( 'NONE',  ( 1.000000000000000000, 0.0000000000000000000, 9.035018104045873200E-017 ) ) ;
#385 = AXIS2_PLACEMENT_3D ( 'NONE', #179, #1122, #992 ) ;
#386 = APPLICATION_CONTEXT ( 'automotive_design' ) ;
#387 = ORIENTED_EDGE ( 'NONE', *, *, #778, .T. ) ;
#388 = VERTEX_POINT ( 'NONE', #1215 ) ;
#389 = DIRECTION ( 'NONE',  ( -0.0000000000000000000, 1.000000000000000000, -0.0000000000000000000 ) ) ;
#390 = AXIS2_PLACEMENT_3D ( 'NONE', #1112, #45, #510 ) ;
#391 = LINE ( 'NONE', #473, #215 ) ;
#392 = UNCERTAINTY_MEASURE_WITH_UNIT (LENGTH_MEASURE( 1.000000000000000100E-005 ), #1088, 'distance_accuracy_value', 'NONE');
#393 = CIRCLE ( 'NONE', #1204, 0.01499999999999999900 ) ;
#394 = CARTESIAN_POINT ( 'NONE',  ( 2.439454888092381300E-017, 0.3150000000000000000, -0.1349999999999998700 ) ) ;
#395 = FACE_OUTER_BOUND ( 'NONE', #818, .T. ) ;
#396 = AXIS2_PLACEMENT_3D ( 'NONE', #1274, #1160, #1264 ) ;
#397 = VERTEX_POINT ( 'NONE', #611 ) ;
#398 = ORIENTED_EDGE ( 'NONE', *, *, #35, .T. ) ;
#399 = DIRECTION ( 'NONE',  ( -1.000000000000000000, 0.0000000000000000000, 9.035018104045873200E-017 ) ) ;
#400 = ORIENTED_EDGE ( 'NONE', *, *, #1387, .F. ) ;
#401 = ORIENTED_EDGE ( 'NONE', *, *, #1128, .F. ) ;
#402 = DIRECTION ( 'NONE',  ( 0.0000000000000000000, 1.000000000000000000, 0.0000000000000000000 ) ) ;
#403 = ORIENTED_EDGE ( 'NONE', *, *, #1217, .T. ) ;
#404 = AXIS2_PLACEMENT_3D ( 'NONE', #109, #462, #1172 ) ;
#405 = DIRECTION ( 'NONE',  ( 0.0000000000000000000, 0.0000000000000000000, 1.000000000000000000 ) ) ;
#406 = ORIENTED_EDGE ( 'NONE', *, *, #998, .F. ) ;
#407 = APPLICATION_PROTOCOL_DEFINITION ( 'draft international standard', 'automotive_design', 1998, #260 ) ;
#408 = CARTESIAN_POINT ( 'NONE',  ( 500000.0000000000600, 0.3250000000000000100, 0.1349999999566317800 ) ) ;
#409 = DIRECTION ( 'NONE',  ( 3.614007241618349300E-016, -0.0000000000000000000, 1.000000000000000000 ) ) ;
#410 = LINE ( 'NONE', #1382, #1186 ) ;
#411 = CIRCLE ( 'NONE', #978, 0.009999999999999998500 ) ;
#412 = EDGE_CURVE ( 'NONE', #831, #388, #126, .T. ) ;
#413 = VERTEX_POINT ( 'NONE', #163 ) ;
#414 = AXIS2_PLACEMENT_3D ( 'NONE', #1175, #1438, #229 ) ;
#415 = VERTEX_POINT ( 'NONE', #1108 ) ;
#416 = CARTESIAN_POINT ( 'NONE',  ( -0.07499999999999998300, 0.3149999999999999500, -0.05999999999999996300 ) ) ;
#417 = VECTOR ( 'NONE', #193, 1000.000000000000000 ) ;
#418 = DIRECTION ( 'NONE',  ( 3.614007241618349300E-016, -0.0000000000000000000, 1.000000000000000000 ) ) ;
#419 = EDGE_LOOP ( 'NONE', ( #1153, #66, #490, #1000, #589, #319 ) ) ;
#420 = VECTOR ( 'NONE', #76, 1000.000000000000000 ) ;
#421 = DIRECTION ( 'NONE',  ( -0.0000000000000000000, 0.0000000000000000000, -1.000000000000000000 ) ) ;
#422 = CARTESIAN_POINT ( 'NONE',  ( 0.1499999999999999700, 0.0000000000000000000, -0.1349999999999999000 ) ) ;
#423 = DIRECTION ( 'NONE',  ( 1.000000000000000000, 0.0000000000000000000, 0.0000000000000000000 ) ) ;
#424 = ORIENTED_EDGE ( 'NONE', *, *, #848, .T. ) ;
#425 = CARTESIAN_POINT ( 'NONE',  ( -0.3000000000000000400, 0.3300000000000000200, -0.1499999999999999400 ) ) ;
#426 = CARTESIAN_POINT ( 'NONE',  ( -0.2850000000000000300, 0.3150000000000000000, -0.1349999999999999300 ) ) ;
#427 = VECTOR ( 'NONE', #587, 1000.000000000000000 ) ;
#428 = LINE ( 'NONE', #429, #1023 ) ;
#429 = CARTESIAN_POINT ( 'NONE',  ( -0.1499999999999999400, 0.3300000000000000200, 0.1499999999999999900 ) ) ;
#430 = DIRECTION ( 'NONE',  ( 1.000000000000000000, 0.0000000000000000000, 3.614007241618346800E-016 ) ) ;
#431 = VECTOR ( 'NONE', #1482, 1000.000000000000000 ) ;
#432 = CARTESIAN_POINT ( 'NONE',  ( -0.2999999999999999300, 0.3150000000000000000, 0.1349999999999999800 ) ) ;
#433 = VECTOR ( 'NONE', #944, 1000.000000000000000 ) ;
#434 = EDGE_CURVE ( 'NONE', #700, #1044, #878, .T. ) ;
#435 = DIRECTION ( 'NONE',  ( 0.0000000000000000000, -1.000000000000000000, 0.0000000000000000000 ) ) ;
#436 = ORIENTED_EDGE ( 'NONE', *, *, #1519, .F. ) ;
#437 = EDGE_CURVE ( 'NONE', #794, #994, #1276, .T. ) ;
#438 = FACE_OUTER_BOUND ( 'NONE', #311, .T. ) ;
#439 = DIRECTION ( 'NONE',  ( -1.000000000000000000, 0.0000000000000000000, 0.0000000000000000000 ) ) ;
#440 = DIRECTION ( 'NONE',  ( -0.0000000000000000000, -1.000000000000000000, -0.0000000000000000000 ) ) ;
#441 =( NAMED_UNIT ( * ) PLANE_ANGLE_UNIT ( ) SI_UNIT ( $, .RADIAN. ) );
#442 = ORIENTED_EDGE ( 'NONE', *, *, #835, .T. ) ;
#443 = AXIS2_PLACEMENT_3D ( 'NONE', #200, #1013, #781 ) ;
#444 = CARTESIAN_POINT ( 'NONE',  ( 0.1500000000191903400, 0.3250000000000000100, 0.1349999999999998700 ) ) ;
#445 = DIRECTION ( 'NONE',  ( 1.000000000000000000, 0.0000000000000000000, -8.673617379884036700E-017 ) ) ;
#446 = DIRECTION ( 'NONE',  ( 0.0000000000000000000, 0.0000000000000000000, 1.000000000000000000 ) ) ;
#447 = AXIS2_PLACEMENT_3D ( 'NONE', #980, #384, #753 ) ;
#448 = EDGE_LOOP ( 'NONE', ( #1494, #989, #1271, #770 ) ) ;
#449 = LINE ( 'NONE', #485, #1219 ) ;
#450 = LINE ( 'NONE', #575, #519 ) ;
#451 = FACE_OUTER_BOUND ( 'NONE', #1368, .T. ) ;
#452 = VERTEX_POINT ( 'NONE', #51 ) ;
#453 = PLANE ( 'NONE',  #1032 ) ;
#454 = EDGE_LOOP ( 'NONE', ( #1226, #713, #138, #461 ) ) ;
#455 = DIRECTION ( 'NONE',  ( 0.0000000000000000000, 0.0000000000000000000, -1.000000000000000000 ) ) ;
#456 = ORIENTED_EDGE ( 'NONE', *, *, #71, .T. ) ;
#457 = DIRECTION ( 'NONE',  ( 0.0000000000000000000, -1.000000000000000000, 0.0000000000000000000 ) ) ;
#458 = ADVANCED_FACE ( 'NONE', ( #1024 ), #577, .T. ) ;
#459 = DIRECTION ( 'NONE',  ( -0.0000000000000000000, -1.000000000000000000, -0.0000000000000000000 ) ) ;
#460 = FACE_OUTER_BOUND ( 'NONE', #857, .T. ) ;
#461 = ORIENTED_EDGE ( 'NONE', *, *, #1051, .T. ) ;
#462 = DIRECTION ( 'NONE',  ( -0.0000000000000000000, -0.0000000000000000000, -1.000000000000000000 ) ) ;
#463 = CARTESIAN_POINT ( 'NONE',  ( 0.3000000000000000400, 0.3150000000000000000, -0.1349999999999999300 ) ) ;
#464 = EDGE_CURVE ( 'NONE', #1352, #293, #628, .T. ) ;
#465 = ORIENTED_EDGE ( 'NONE', *, *, #600, .F. ) ;
#466 = DIRECTION ( 'NONE',  ( 0.0000000000000000000, 1.000000000000000000, 0.0000000000000000000 ) ) ;
#467 = ADVANCED_FACE ( 'NONE', ( #1480 ), #1364, .T. ) ;
#468 = AXIS2_PLACEMENT_3D ( 'NONE', #1077, #726, #32 ) ;
#469 = SPHERICAL_SURFACE ( 'NONE', #1282, 0.01499999999999999900 ) ;
#470 = DIRECTION ( 'NONE',  ( 0.0000000000000000000, 0.0000000000000000000, 1.000000000000000000 ) ) ;
#471 = VECTOR ( 'NONE', #825, 1000.000000000000000 ) ;
#472 = VERTEX_POINT ( 'NONE', #894 ) ;
#473 = CARTESIAN_POINT ( 'NONE',  ( 0.1499999999999999700, 0.3300000000000000200, -0.1499999999999999100 ) ) ;
#474 = ORIENTED_EDGE ( 'NONE', *, *, #1445, .F. ) ;
#475 = ADVANCED_FACE ( 'NONE', ( #507 ), #289, .F. ) ;
#476 = DIRECTION ( 'NONE',  ( 0.0000000000000000000, 0.0000000000000000000, -1.000000000000000000 ) ) ;
#477 = DIRECTION ( 'NONE',  ( 1.000000000000000000, -0.0000000000000000000, -9.035018104045873200E-017 ) ) ;
#478 = PRESENTATION_LAYER_ASSIGNMENT (  '', '', ( #715 ) ) ;
#479 = FACE_OUTER_BOUND ( 'NONE', #49, .T. ) ;
#480 = DIRECTION ( 'NONE',  ( -0.0000000000000000000, 1.000000000000000000, -0.0000000000000000000 ) ) ;
#481 = ORIENTED_EDGE ( 'NONE', *, *, #1413, .T. ) ;
#482 = CARTESIAN_POINT ( 'NONE',  ( -0.1499999999999999700, 0.3250000000000000100, -0.1349999999999998700 ) ) ;
#483 = COLOUR_RGB ( '',0.7921568627450980000, 0.8196078431372548800, 0.9333333333333333500 ) ;
#484 = ADVANCED_FACE ( 'NONE', ( #1066 ), #1525, .T. ) ;
#485 = CARTESIAN_POINT ( 'NONE',  ( 500000.0000000000600, 0.01500000000000009300, 0.1449999999566319000 ) ) ;
#486 = VERTEX_POINT ( 'NONE', #1373 ) ;
#487 = CIRCLE ( 'NONE', #119, 0.01499999999999998600 ) ;
#488 = EDGE_CURVE ( 'NONE', #721, #68, #164, .T. ) ;
#489 = FACE_OUTER_BOUND ( 'NONE', #1184, .T. ) ;
#490 = ORIENTED_EDGE ( 'NONE', *, *, #991, .T. ) ;
#491 = ADVANCED_FACE ( 'NONE', ( #284 ), #1242, .F. ) ;
#492 = AXIS2_PLACEMENT_3D ( 'NONE', #19, #698, #930 ) ;
#493 = CARTESIAN_POINT ( 'NONE',  ( -0.1499999999999999700, 0.3150000000000000000, -0.1349999999999999000 ) ) ;
#494 = ORIENTED_EDGE ( 'NONE', *, *, #287, .T. ) ;
#495 = EDGE_CURVE ( 'NONE', #68, #856, #74, .T. ) ;
#496 = CIRCLE ( 'NONE', #636, 0.01499999999999998600 ) ;
#497 = DIRECTION ( 'NONE',  ( -1.000000000000000000, 0.0000000000000000000, 0.0000000000000000000 ) ) ;
#498 = AXIS2_PLACEMENT_3D ( 'NONE', #349, #947, #476 ) ;
#499 = ORIENTED_EDGE ( 'NONE', *, *, #28, .T. ) ;
#500 = DIRECTION ( 'NONE',  ( 0.0000000000000000000, -1.000000000000000000, 0.0000000000000000000 ) ) ;
#501 = AXIS2_PLACEMENT_3D ( 'NONE', #1415, #333, #455 ) ;
#502 = ORIENTED_EDGE ( 'NONE', *, *, #287, .F. ) ;
#503 = FACE_OUTER_BOUND ( 'NONE', #448, .T. ) ;
#504 = FACE_OUTER_BOUND ( 'NONE', #711, .T. ) ;
#505 = STYLED_ITEM ( 'NONE', ( #1197 ), #1229 ) ;
#506 = CARTESIAN_POINT ( 'NONE',  ( -0.1499999999999999400, 0.3300000000000000200, 0.1349999999999999800 ) ) ;
#507 = FACE_OUTER_BOUND ( 'NONE', #805, .T. ) ;
#508 = VECTOR ( 'NONE', #1402, 1000.000000000000000 ) ;
#509 = CLOSED_SHELL ( 'NONE', ( #1225, #343, #491, #584, #241, #1069, #714, #1200, #1295, #1078, #1451, #967, #834, #484, #743, #1179, #704, #827 ) ) ;
#510 = DIRECTION ( 'NONE',  ( 0.0000000000000000000, 0.0000000000000000000, 1.000000000000000000 ) ) ;
#511 = ORIENTED_EDGE ( 'NONE', *, *, #1135, .T. ) ;
#512 = EDGE_CURVE ( 'NONE', #782, #772, #393, .T. ) ;
#513 = EDGE_CURVE ( 'NONE', #360, #703, #665, .T. ) ;
#514 = DIRECTION ( 'NONE',  ( -1.000000000000000000, -0.0000000000000000000, 8.673617379884036700E-017 ) ) ;
#515 = ORIENTED_EDGE ( 'NONE', *, *, #645, .F. ) ;
#516 = CARTESIAN_POINT ( 'NONE',  ( -0.2850000000000000300, 0.3300000000000000200, -0.1499999999999999400 ) ) ;
#517 = VERTEX_POINT ( 'NONE', #1509 ) ;
#518 = LINE ( 'NONE', #341, #787 ) ;
#519 = VECTOR ( 'NONE', #1432, 1000.000000000000000 ) ;
#520 = DIRECTION ( 'NONE',  ( 0.0000000000000000000, 0.0000000000000000000, 1.000000000000000000 ) ) ;
#521 = ORIENTED_EDGE ( 'NONE', *, *, #1303, .T. ) ;
#522 = ORIENTED_EDGE ( 'NONE', *, *, #942, .F. ) ;
#523 = VERTEX_POINT ( 'NONE', #1261 ) ;
#524 = CARTESIAN_POINT ( 'NONE',  ( 0.0000000000000000000, 0.0000000000000000000, 0.0000000000000000000 ) ) ;
#525 = CARTESIAN_POINT ( 'NONE',  ( -0.2850000000000000300, 0.01499999999999999900, -0.1349999999999999300 ) ) ;
#526 = VECTOR ( 'NONE', #641, 1000.000000000000000 ) ;
#527 = ORIENTED_EDGE ( 'NONE', *, *, #1449, .T. ) ;
#528 = SURFACE_STYLE_USAGE ( .BOTH. , #1517 ) ;
#529 = EDGE_CURVE ( 'NONE', #821, #979, #1205, .T. ) ;
#530 = ORIENTED_EDGE ( 'NONE', *, *, #1244, .T. ) ;
#531 = DIRECTION ( 'NONE',  ( 0.0000000000000000000, 0.0000000000000000000, 1.000000000000000000 ) ) ;
#532 = DIRECTION ( 'NONE',  ( 0.0000000000000000000, 1.000000000000000000, 0.0000000000000000000 ) ) ;
#533 = DIRECTION ( 'NONE',  ( -1.000000000000000000, 0.0000000000000000000, 0.0000000000000000000 ) ) ;
#534 = CYLINDRICAL_SURFACE ( 'NONE', #1249, 0.01499999999999998600 ) ;
#535 = AXIS2_PLACEMENT_3D ( 'NONE', #48, #765, #862 ) ;
#536 = FACE_OUTER_BOUND ( 'NONE', #1465, .T. ) ;
#537 = EDGE_CURVE ( 'NONE', #782, #921, #410, .T. ) ;
#538 = LINE ( 'NONE', #1434, #471 ) ;
#539 = CARTESIAN_POINT ( 'NONE',  ( 0.1500000000191903400, 0.3150000000000000000, 0.1349999999999999800 ) ) ;
#540 = CARTESIAN_POINT ( 'NONE',  ( 0.2849999999999999200, 0.3150000000000000000, 0.1349999999999999800 ) ) ;
#541 = EDGE_CURVE ( 'NONE', #856, #548, #1003, .T. ) ;
#542 = ORIENTED_EDGE ( 'NONE', *, *, #257, .F. ) ;
#543 = PRESENTATION_LAYER_ASSIGNMENT (  '', '', ( #950 ) ) ;
#544 = ORIENTED_EDGE ( 'NONE', *, *, #763, .T. ) ;
#545 = DIRECTION ( 'NONE',  ( -0.0000000000000000000, 1.000000000000000000, -0.0000000000000000000 ) ) ;
#546 = DIRECTION ( 'NONE',  ( -0.0000000000000000000, 1.000000000000000000, -0.0000000000000000000 ) ) ;
#547 = LINE ( 'NONE', #1336, #855 ) ;
#548 = VERTEX_POINT ( 'NONE', #79 ) ;
#549 = CARTESIAN_POINT ( 'NONE',  ( -0.2850000000000000300, 0.0000000000000000000, -0.1349999999999999300 ) ) ;
#550 = CARTESIAN_POINT ( 'NONE',  ( -0.3000000000000000400, 0.3300000000000000200, -0.1499999999999999400 ) ) ;
#551 =( GEOMETRIC_REPRESENTATION_CONTEXT ( 3 ) GLOBAL_UNCERTAINTY_ASSIGNED_CONTEXT ( ( #1354 ) ) GLOBAL_UNIT_ASSIGNED_CONTEXT ( ( #317, #441, #100 ) ) REPRESENTATION_CONTEXT ( 'NONE', 'WORKASPACE' ) );
#552 = ORIENTED_EDGE ( 'NONE', *, *, #1017, .F. ) ;
#553 = VERTEX_POINT ( 'NONE', #773 ) ;
#554 = LINE ( 'NONE', #739, #252 ) ;
#555 = LINE ( 'NONE', #1067, #1361 ) ;
#556 = CARTESIAN_POINT ( 'NONE',  ( 0.1500000000191903400, 0.3150000000000000000, 0.1449999999999999600 ) ) ;
#557 = DIRECTION ( 'NONE',  ( -0.0000000000000000000, -1.000000000000000000, -0.0000000000000000000 ) ) ;
#558 = LINE ( 'NONE', #1406, #768 ) ;
#559 = CIRCLE ( 'NONE', #227, 0.009999999999999998500 ) ;
#560 = EDGE_LOOP ( 'NONE', ( #1289, #1375, #1232, #121, #375, #1048, #1399, #369 ) ) ;
#561 = DIRECTION ( 'NONE',  ( -8.673617379884036700E-017, 0.0000000000000000000, -1.000000000000000000 ) ) ;
#562 = ORIENTED_EDGE ( 'NONE', *, *, #47, .F. ) ;
#563 = DIRECTION ( 'NONE',  ( 0.0000000000000000000, 0.0000000000000000000, -1.000000000000000000 ) ) ;
#564 = CARTESIAN_POINT ( 'NONE',  ( 0.0000000000000000000, 0.3300000000000000200, 0.0000000000000000000 ) ) ;
#565 = CIRCLE ( 'NONE', #361, 0.009999999999999998500 ) ;
#566 = CARTESIAN_POINT ( 'NONE',  ( -0.2849999999999999200, 0.01499999999999999900, 0.1349999999999999800 ) ) ;
#567 = EDGE_LOOP ( 'NONE', ( #960, #692, #669, #214 ) ) ;
#568 = CARTESIAN_POINT ( 'NONE',  ( -0.1499999999999999700, 0.3250000000000000100, -0.1349999999999998700 ) ) ;
#569 = EDGE_CURVE ( 'NONE', #50, #292, #161, .T. ) ;
#570 = CARTESIAN_POINT ( 'NONE',  ( -0.07499999999999999700, 0.1452943725152285900, 2.265596578422603300E-017 ) ) ;
#571 = ADVANCED_FACE ( 'NONE', ( #6 ), #1040, .T. ) ;
#572 = DIRECTION ( 'NONE',  ( 0.0000000000000000000, 0.0000000000000000000, -1.000000000000000000 ) ) ;
#573 = AXIS2_PLACEMENT_3D ( 'NONE', #1182, #459, #1302 ) ;
#574 = ORIENTED_EDGE ( 'NONE', *, *, #699, .T. ) ;
#575 = CARTESIAN_POINT ( 'NONE',  ( -0.1499999999999999700, 0.3150000000000000000, 0.1449999999999999900 ) ) ;
#576 = SPHERICAL_SURFACE ( 'NONE', #1126, 0.01499999999999999900 ) ;
#577 = CYLINDRICAL_SURFACE ( 'NONE', #306, 0.009999999999999998500 ) ;
#578 = CIRCLE ( 'NONE', #250, 0.01499999999999999900 ) ;
#579 = ORIENTED_EDGE ( 'NONE', *, *, #778, .F. ) ;
#580 = DIRECTION ( 'NONE',  ( 0.0000000000000000000, 0.0000000000000000000, 1.000000000000000000 ) ) ;
#581 = ORIENTED_EDGE ( 'NONE', *, *, #437, .F. ) ;
#582 = CARTESIAN_POINT ( 'NONE',  ( -0.2850000000000000300, 0.01499999999999999900, -0.1349999999999999300 ) ) ;
#583 = SURFACE_SIDE_STYLE ('',( #1206 ) ) ;
#584 = ADVANCED_FACE ( 'NONE', ( #181 ), #310, .F. ) ;
#585 = VERTEX_POINT ( 'NONE', #444 ) ;
#586 = DIRECTION ( 'NONE',  ( 0.0000000000000000000, 0.0000000000000000000, -1.000000000000000000 ) ) ;
#587 = DIRECTION ( 'NONE',  ( -8.673617379884036700E-017, 0.0000000000000000000, -1.000000000000000000 ) ) ;
#588 = EDGE_CURVE ( 'NONE', #958, #700, #863, .T. ) ;
#589 = ORIENTED_EDGE ( 'NONE', *, *, #645, .T. ) ;
#590 = DIRECTION ( 'NONE',  ( 0.0000000000000000000, -0.0000000000000000000, 1.000000000000000000 ) ) ;
#591 = ORIENTED_EDGE ( 'NONE', *, *, #464, .F. ) ;
#592 = AXIS2_PLACEMENT_3D ( 'NONE', #1278, #801, #903 ) ;
#593 = DIRECTION ( 'NONE',  ( -0.0000000000000000000, 1.000000000000000000, 0.0000000000000000000 ) ) ;
#594 = ADVANCED_FACE ( 'NONE', ( #685 ), #534, .T. ) ;
#595 = CARTESIAN_POINT ( 'NONE',  ( 0.3000000000000000400, 0.01499999999999998600, -0.1349999999999999300 ) ) ;
#596 = VECTOR ( 'NONE', #603, 1000.000000000000000 ) ;
#597 = DIRECTION ( 'NONE',  ( 3.614007241618349300E-016, -0.0000000000000000000, -1.000000000000000000 ) ) ;
#598 = CIRCLE ( 'NONE', #718, 0.05999999999999998400 ) ;
#599 = CARTESIAN_POINT ( 'NONE',  ( 0.1500000000191903400, 0.01499999999999998700, -0.1449999999999998800 ) ) ;
#600 = EDGE_CURVE ( 'NONE', #831, #292, #1400, .T. ) ;
#601 = ORIENTED_EDGE ( 'NONE', *, *, #1076, .F. ) ;
#602 = DIRECTION ( 'NONE',  ( -1.000000000000000000, -0.0000000000000000000, -0.0000000000000000000 ) ) ;
#603 = DIRECTION ( 'NONE',  ( 0.0000000000000000000, 0.0000000000000000000, 1.000000000000000000 ) ) ;
#604 = ADVANCED_FACE ( 'NONE', ( #646 ), #1033, .F. ) ;
#605 = VECTOR ( 'NONE', #1518, 1000.000000000000000 ) ;
#606 = ORIENTED_EDGE ( 'NONE', *, *, #1190, .T. ) ;
#607 = PLANE ( 'NONE',  #1240 ) ;
#608 = DIRECTION ( 'NONE',  ( 0.0000000000000000000, 0.0000000000000000000, 1.000000000000000000 ) ) ;
#609 = ORIENTED_EDGE ( 'NONE', *, *, #10, .T. ) ;
#610 = AXIS2_PLACEMENT_3D ( 'NONE', #29, #347, #258 ) ;
#611 = CARTESIAN_POINT ( 'NONE',  ( -0.1499999999999999700, 0.01499999999999998600, -0.1499999999999999100 ) ) ;
#612 = EDGE_CURVE ( 'NONE', #452, #1304, #558, .T. ) ;
#613 = SPHERICAL_SURFACE ( 'NONE', #1372, 0.01499999999999999900 ) ;
#614 = VECTOR ( 'NONE', #1376, 1000.000000000000000 ) ;
#615 = ORIENTED_EDGE ( 'NONE', *, *, #488, .F. ) ;
#616 = PLANE ( 'NONE',  #649 ) ;
#617 = ORIENTED_EDGE ( 'NONE', *, *, #297, .F. ) ;
#618 = EDGE_CURVE ( 'NONE', #101, #105, #1022, .T. ) ;
#619 = EDGE_CURVE ( 'NONE', #486, #1268, #1062, .T. ) ;
#620 = AXIS2_PLACEMENT_3D ( 'NONE', #1385, #298, #283 ) ;
#621 = VECTOR ( 'NONE', #751, 1000.000000000000000 ) ;
#622 = ORIENTED_EDGE ( 'NONE', *, *, #156, .T. ) ;
#623 = CARTESIAN_POINT ( 'NONE',  ( 500000.0000000000600, 0.004999999999999999200, -0.1350000000433678500 ) ) ;
#624 = CARTESIAN_POINT ( 'NONE',  ( -0.1499999999999999700, 0.3150000000000000000, -0.1499999999999999100 ) ) ;
#625 = ORIENTED_EDGE ( 'NONE', *, *, #512, .F. ) ;
#626 = COLOUR_RGB ( '',0.7921568627450980000, 0.8196078431372548800, 0.9333333333333333500 ) ;
#627 = PRESENTATION_LAYER_ASSIGNMENT (  '', '', ( #1065 ) ) ;
#628 = CIRCLE ( 'NONE', #620, 0.01499999999999998600 ) ;
#629 = LINE ( 'NONE', #1142, #1025 ) ;
#630 = ORIENTED_EDGE ( 'NONE', *, *, #278, .F. ) ;
#631 = SURFACE_STYLE_USAGE ( .BOTH. , #872 ) ;
#632 = AXIS2_PLACEMENT_3D ( 'NONE', #564, #682, #5 ) ;
#633 = VERTEX_POINT ( 'NONE', #432 ) ;
#634 = FILL_AREA_STYLE ('',( #1195 ) ) ;
#635 = CARTESIAN_POINT ( 'NONE',  ( 0.1499999999999999400, 0.3300000000000000200, 0.1349999999999999800 ) ) ;
#636 = AXIS2_PLACEMENT_3D ( 'NONE', #540, #1300, #1 ) ;
#637 = EDGE_CURVE ( 'NONE', #1356, #360, #195, .T. ) ;
#638 = CARTESIAN_POINT ( 'NONE',  ( -0.3000000000000000400, 0.01499999999999998600, -0.1499999999999999400 ) ) ;
#639 = ORIENTED_EDGE ( 'NONE', *, *, #1076, .T. ) ;
#640 = ORIENTED_EDGE ( 'NONE', *, *, #870, .F. ) ;
#641 = DIRECTION ( 'NONE',  ( -1.000000000000000000, -0.0000000000000000000, 1.807003620809173200E-016 ) ) ;
#642 = CLOSED_SHELL ( 'NONE', ( #1209, #329, #1192, #458, #111, #232, #686, #845 ) ) ;
#643 = DIRECTION ( 'NONE',  ( 0.0000000000000000000, 0.0000000000000000000, 1.000000000000000000 ) ) ;
#644 = AXIS2_PLACEMENT_3D ( 'NONE', #149, #480, #608 ) ;
#645 = EDGE_CURVE ( 'NONE', #192, #780, #1255, .T. ) ;
#646 = FACE_OUTER_BOUND ( 'NONE', #1068, .T. ) ;
#647 = CARTESIAN_POINT ( 'NONE',  ( 0.1500000000191903400, 0.3150000000000000000, 0.1449999999999999900 ) ) ;
#648 = CARTESIAN_POINT ( 'NONE',  ( -0.2849999999999999200, 0.3150000000000000000, 0.1349999999999999800 ) ) ;
#649 = AXIS2_PLACEMENT_3D ( 'NONE', #46, #378, #1476 ) ;
#650 = DIRECTION ( 'NONE',  ( 1.000000000000000000, -0.0000000000000000000, 1.807003620809173200E-016 ) ) ;
#651 = ORIENTED_EDGE ( 'NONE', *, *, #1163, .F. ) ;
#652 = CARTESIAN_POINT ( 'NONE',  ( -0.07499999999999998300, 0.1452943725152285900, -0.05999999999999996300 ) ) ;
#653 = VERTEX_POINT ( 'NONE', #94 ) ;
#654 = DIRECTION ( 'NONE',  ( 0.0000000000000000000, 0.0000000000000000000, 1.000000000000000000 ) ) ;
#655 = LINE ( 'NONE', #905, #526 ) ;
#656 = CARTESIAN_POINT ( 'NONE',  ( 500000.0000000000600, 0.004999999999999979300, 0.1349999999566318900 ) ) ;
#657 = LINE ( 'NONE', #1370, #1132 ) ;
#658 =( NAMED_UNIT ( * ) SI_UNIT ( $, .STERADIAN. ) SOLID_ANGLE_UNIT ( ) );
#659 = DIRECTION ( 'NONE',  ( 0.0000000000000000000, 0.0000000000000000000, 1.000000000000000000 ) ) ;
#660 = MECHANICAL_DESIGN_GEOMETRIC_PRESENTATION_REPRESENTATION (  '', ( #715 ), #690 ) ;
#661 = ORIENTED_EDGE ( 'NONE', *, *, #612, .F. ) ;
#662 = DIRECTION ( 'NONE',  ( 0.0000000000000000000, 0.0000000000000000000, -1.000000000000000000 ) ) ;
#663 = ORIENTED_EDGE ( 'NONE', *, *, #381, .F. ) ;
#664 = SHAPE_DEFINITION_REPRESENTATION ( #1348, #1514 ) ;
#665 = LINE ( 'NONE', #1237, #614 ) ;
#666 = EDGE_CURVE ( 'NONE', #293, #875, #108, .T. ) ;
#667 = COLOUR_RGB ( '',0.0000000000000000000, 0.4823529411764706000, 1.000000000000000000 ) ;
#668 = EDGE_CURVE ( 'NONE', #836, #891, #124, .T. ) ;
#669 = ORIENTED_EDGE ( 'NONE', *, *, #136, .T. ) ;
#670 = CARTESIAN_POINT ( 'NONE',  ( -0.2850000000000000300, 0.3150000000000000000, -0.1349999999999999300 ) ) ;
#671 = EDGE_LOOP ( 'NONE', ( #1484, #305, #706, #1027 ) ) ;
#672 = DIRECTION ( 'NONE',  ( -0.0000000000000000000, 1.000000000000000000, -0.0000000000000000000 ) ) ;
#673 = DIRECTION ( 'NONE',  ( 0.0000000000000000000, 0.0000000000000000000, 1.000000000000000000 ) ) ;
#674 = LINE ( 'NONE', #1488, #380 ) ;
#675 = EDGE_CURVE ( 'NONE', #388, #831, #707, .T. ) ;
#676 = ORIENTED_EDGE ( 'NONE', *, *, #488, .T. ) ;
#677 = DIRECTION ( 'NONE',  ( 1.000000000000000000, -0.0000000000000000000, -9.035018104045873200E-017 ) ) ;
#678 = LINE ( 'NONE', #216, #65 ) ;
#679 = DIRECTION ( 'NONE',  ( -3.614007241618349300E-016, 0.0000000000000000000, -1.000000000000000000 ) ) ;
#680 = AXIS2_PLACEMENT_3D ( 'NONE', #370, #860, #1098 ) ;
#681 = CARTESIAN_POINT ( 'NONE',  ( 0.2850000000000000300, 0.3300000000000000200, -0.1349999999999999300 ) ) ;
#682 = DIRECTION ( 'NONE',  ( 0.0000000000000000000, 1.000000000000000000, 0.0000000000000000000 ) ) ;
#683 = PRESENTATION_STYLE_ASSIGNMENT (( #180 ) ) ;
#684 = CARTESIAN_POINT ( 'NONE',  ( 0.1499999999999999700, 0.01499999999999998600, -0.1499999999999999100 ) ) ;
#685 = FACE_OUTER_BOUND ( 'NONE', #1055, .T. ) ;
#686 = ADVANCED_FACE ( 'NONE', ( #1377, #1478 ), #330, .T. ) ;
#687 = LINE ( 'NONE', #1113, #1222 ) ;
#688 = DIRECTION ( 'NONE',  ( 0.0000000000000000000, 0.0000000000000000000, 1.000000000000000000 ) ) ;
#689 = ORIENTED_EDGE ( 'NONE', *, *, #838, .T. ) ;
#690 =( GEOMETRIC_REPRESENTATION_CONTEXT ( 3 ) GLOBAL_UNCERTAINTY_ASSIGNED_CONTEXT ( ( #946 ) ) GLOBAL_UNIT_ASSIGNED_CONTEXT ( ( #899, #90, #658 ) ) REPRESENTATION_CONTEXT ( 'NONE', 'WORKASPACE' ) );
#691 = DIRECTION ( 'NONE',  ( 1.000000000000000000, 0.0000000000000000000, 0.0000000000000000000 ) ) ;
#692 = ORIENTED_EDGE ( 'NONE', *, *, #600, .T. ) ;
#693 = EDGE_LOOP ( 'NONE', ( #574, #1080 ) ) ;
#694 = CARTESIAN_POINT ( 'NONE',  ( 0.2850000000000000300, 0.3150000000000000000, -0.1499999999999999400 ) ) ;
#695 = ADVANCED_FACE ( 'NONE', ( #808 ), #453, .F. ) ;
#696 = PRESENTATION_STYLE_ASSIGNMENT (( #528 ) ) ;
#697 = ORIENTED_EDGE ( 'NONE', *, *, #1051, .F. ) ;
#698 = DIRECTION ( 'NONE',  ( -1.000000000000000000, 0.0000000000000000000, -1.807003620809173200E-016 ) ) ;
#699 = EDGE_CURVE ( 'NONE', #1268, #964, #895, .T. ) ;
#700 = VERTEX_POINT ( 'NONE', #1296 ) ;
#701 = CARTESIAN_POINT ( 'NONE',  ( 0.2849999999999999800, 0.0000000000000000000, 1.029992063861229600E-016 ) ) ;
#702 = AXIS2_PLACEMENT_3D ( 'NONE', #493, #477, #970 ) ;
#703 = VERTEX_POINT ( 'NONE', #120 ) ;
#704 = ADVANCED_FACE ( 'NONE', ( #1218 ), #469, .T. ) ;
#705 = DIRECTION ( 'NONE',  ( 0.0000000000000000000, -1.000000000000000000, 0.0000000000000000000 ) ) ;
#706 = ORIENTED_EDGE ( 'NONE', *, *, #1269, .T. ) ;
#707 = CIRCLE ( 'NONE', #498, 0.05999999999999998400 ) ;
#708 = FACE_OUTER_BOUND ( 'NONE', #1014, .T. ) ;
#709 =( NAMED_UNIT ( * ) SI_UNIT ( $, .STERADIAN. ) SOLID_ANGLE_UNIT ( ) );
#710 = VERTEX_POINT ( 'NONE', #568 ) ;
#711 = EDGE_LOOP ( 'NONE', ( #376, #185, #974 ) ) ;
#712 = CARTESIAN_POINT ( 'NONE',  ( -0.07499999999999998300, 0.3250000000000000100, -0.05999999999999996300 ) ) ;
#713 = ORIENTED_EDGE ( 'NONE', *, *, #437, .T. ) ;
#714 = ADVANCED_FACE ( 'NONE', ( #372 ), #1297, .T. ) ;
#715 = STYLED_ITEM ( 'NONE', ( #696 ), #1333 ) ;
#716 = DIRECTION ( 'NONE',  ( 1.000000000000000000, 0.0000000000000000000, 0.0000000000000000000 ) ) ;
#717 = CARTESIAN_POINT ( 'NONE',  ( -0.3000000000000000400, 0.3300000000000000200, -0.1349999999999999300 ) ) ;
#718 = AXIS2_PLACEMENT_3D ( 'NONE', #1178, #1311, #580 ) ;
#719 = ORIENTED_EDGE ( 'NONE', *, *, #913, .T. ) ;
#720 = DIRECTION ( 'NONE',  ( -1.000000000000000000, 0.0000000000000000000, 0.0000000000000000000 ) ) ;
#721 = VERTEX_POINT ( 'NONE', #1322 ) ;
#722 = CARTESIAN_POINT ( 'NONE',  ( 0.0000000000000000000, 0.0000000000000000000, 0.1349999999999999800 ) ) ;
#723 = ADVANCED_FACE ( 'NONE', ( #1340 ), #613, .T. ) ;
#724 = DIRECTION ( 'NONE',  ( 0.0000000000000000000, 0.0000000000000000000, -1.000000000000000000 ) ) ;
#725 = AXIS2_PLACEMENT_3D ( 'NONE', #213, #557, #920 ) ;
#726 = DIRECTION ( 'NONE',  ( -1.000000000000000000, 0.0000000000000000000, 1.807003620809173200E-016 ) ) ;
#727 = ORIENTED_EDGE ( 'NONE', *, *, #1220, .F. ) ;
#728 = EDGE_CURVE ( 'NONE', #274, #891, #1087, .T. ) ;
#729 = CARTESIAN_POINT ( 'NONE',  ( -0.2849999999999999200, 0.01499999999999998600, 0.1349999999999999800 ) ) ;
#730 = VECTOR ( 'NONE', #798, 1000.000000000000000 ) ;
#731 = DIRECTION ( 'NONE',  ( 0.0000000000000000000, 0.0000000000000000000, -1.000000000000000000 ) ) ;
#732 = VECTOR ( 'NONE', #1343, 1000.000000000000000 ) ;
#733 = AXIS2_PLACEMENT_3D ( 'NONE', #282, #1120, #520 ) ;
#734 = EDGE_CURVE ( 'NONE', #324, #101, #334, .T. ) ;
#735 = EDGE_LOOP ( 'NONE', ( #1396, #123, #131, #752 ) ) ;
#736 = DIRECTION ( 'NONE',  ( -0.0000000000000000000, 1.000000000000000000, -0.0000000000000000000 ) ) ;
#737 = ORIENTED_EDGE ( 'NONE', *, *, #10, .F. ) ;
#738 = CIRCLE ( 'NONE', #67, 0.01499999999999998600 ) ;
#739 = CARTESIAN_POINT ( 'NONE',  ( -0.1499999999999999700, 0.004999999999999999200, 0.1349999999999999800 ) ) ;
#740 = VECTOR ( 'NONE', #849, 1000.000000000000000 ) ;
#741 = ORIENTED_EDGE ( 'NONE', *, *, #1308, .F. ) ;
#742 = CARTESIAN_POINT ( 'NONE',  ( 0.2850000000000000300, 0.3150000000000000000, -0.1349999999999999300 ) ) ;
#743 = ADVANCED_FACE ( 'NONE', ( #1144 ), #1165, .T. ) ;
#744 = ORIENTED_EDGE ( 'NONE', *, *, #1170, .F. ) ;
#745 = CARTESIAN_POINT ( 'NONE',  ( -0.2850000000000000300, 0.3300000000000000200, -0.1349999999999999300 ) ) ;
#746 = ORIENTED_EDGE ( 'NONE', *, *, #870, .T. ) ;
#747 = AXIS2_PLACEMENT_3D ( 'NONE', #953, #247, #243 ) ;
#748 = DIRECTION ( 'NONE',  ( 0.0000000000000000000, 1.000000000000000000, 0.0000000000000000000 ) ) ;
#749 = VECTOR ( 'NONE', #106, 1000.000000000000000 ) ;
#750 = LINE ( 'NONE', #277, #431 ) ;
#751 = DIRECTION ( 'NONE',  ( -3.614007241618349300E-016, 0.0000000000000000000, 1.000000000000000000 ) ) ;
#752 = ORIENTED_EDGE ( 'NONE', *, *, #924, .T. ) ;
#753 = DIRECTION ( 'NONE',  ( 0.0000000000000000000, 0.0000000000000000000, 1.000000000000000000 ) ) ;
#754 = EDGE_CURVE ( 'NONE', #653, #117, #254, .T. ) ;
#755 = DIRECTION ( 'NONE',  ( 0.0000000000000000000, -1.000000000000000000, 0.0000000000000000000 ) ) ;
#756 = AXIS2_PLACEMENT_3D ( 'NONE', #1150, #1270, #81 ) ;
#757 = DIRECTION ( 'NONE',  ( 1.000000000000000000, 0.0000000000000000000, -1.807003620809173200E-016 ) ) ;
#758 = LINE ( 'NONE', #1231, #1243 ) ;
#759 = ORIENTED_EDGE ( 'NONE', *, *, #569, .T. ) ;
#760 = CARTESIAN_POINT ( 'NONE',  ( 0.1499999999999999700, 0.3300000000000000200, -0.1499999999999999100 ) ) ;
#761 = DIRECTION ( 'NONE',  ( 0.0000000000000000000, -1.000000000000000000, 0.0000000000000000000 ) ) ;
#762 = AXIS2_PLACEMENT_3D ( 'NONE', #271, #1100, #1367 ) ;
#763 = EDGE_CURVE ( 'NONE', #517, #1101, #450, .T. ) ;
#764 = SURFACE_SIDE_STYLE ('',( #1002 ) ) ;
#765 = DIRECTION ( 'NONE',  ( 1.000000000000000000, -0.0000000000000000000, -9.035018104045873200E-017 ) ) ;
#766 = AXIS2_PLACEMENT_3D ( 'NONE', #983, #748, #986 ) ;
#767 = DIRECTION ( 'NONE',  ( 1.000000000000000000, 0.0000000000000000000, 0.0000000000000000000 ) ) ;
#768 = VECTOR ( 'NONE', #1021, 1000.000000000000000 ) ;
#769 = FACE_OUTER_BOUND ( 'NONE', #877, .T. ) ;
#770 = ORIENTED_EDGE ( 'NONE', *, *, #297, .T. ) ;
#771 = DIRECTION ( 'NONE',  ( 0.0000000000000000000, -0.0000000000000000000, 1.000000000000000000 ) ) ;
#772 = VERTEX_POINT ( 'NONE', #694 ) ;
#773 = CARTESIAN_POINT ( 'NONE',  ( 0.1500000000191903400, 0.004999999999999979300, 0.1349999999999999800 ) ) ;
#774 = ORIENTED_EDGE ( 'NONE', *, *, #1085, .T. ) ;
#775 = DIRECTION ( 'NONE',  ( -8.673617379884036700E-017, 0.0000000000000000000, -1.000000000000000000 ) ) ;
#776 = AXIS2_PLACEMENT_3D ( 'NONE', #1507, #775, #199 ) ;
#777 = LINE ( 'NONE', #1252, #1094 ) ;
#778 = EDGE_CURVE ( 'NONE', #415, #1318, #971, .T. ) ;
#779 = DIRECTION ( 'NONE',  ( 0.0000000000000000000, 0.0000000000000000000, 1.000000000000000000 ) ) ;
#780 = VERTEX_POINT ( 'NONE', #8 ) ;
#781 = DIRECTION ( 'NONE',  ( 0.0000000000000000000, 0.0000000000000000000, -1.000000000000000000 ) ) ;
#782 = VERTEX_POINT ( 'NONE', #463 ) ;
#783 = DIRECTION ( 'NONE',  ( 0.0000000000000000000, -0.0000000000000000000, -1.000000000000000000 ) ) ;
#784 = EDGE_CURVE ( 'NONE', #994, #821, #40, .T. ) ;
#785 = CARTESIAN_POINT ( 'NONE',  ( 0.1500000000191903400, 0.3150000000000000000, 0.1449999999999999600 ) ) ;
#786 = VECTOR ( 'NONE', #409, 1000.000000000000000 ) ;
#787 = VECTOR ( 'NONE', #959, 1000.000000000000000 ) ;
#788 = CARTESIAN_POINT ( 'NONE',  ( 0.1499999999999999700, 0.3149999999999999500, -0.1499999999999999100 ) ) ;
#789 = EDGE_CURVE ( 'NONE', #994, #772, #73, .T. ) ;
#790 = LINE ( 'NONE', #261, #9 ) ;
#791 = AXIS2_PLACEMENT_3D ( 'NONE', #889, #1005, #779 ) ;
#792 = CARTESIAN_POINT ( 'NONE',  ( 0.2849999999999999200, 0.01499999999999998600, 0.1349999999999999800 ) ) ;
#793 = FACE_BOUND ( 'NONE', #1503, .T. ) ;
#794 = VERTEX_POINT ( 'NONE', #1210 ) ;
#795 = CARTESIAN_POINT ( 'NONE',  ( 0.2849999999999999200, 0.0000000000000000000, 0.1349999999999999800 ) ) ;
#796 = CARTESIAN_POINT ( 'NONE',  ( -0.07499999999999999700, -0.001000000000000024300, 2.265596578422603300E-017 ) ) ;
#797 = ORIENTED_EDGE ( 'NONE', *, *, #1498, .F. ) ;
#798 = DIRECTION ( 'NONE',  ( 1.000000000000000000, -0.0000000000000000000, 0.0000000000000000000 ) ) ;
#799 = CIRCLE ( 'NONE', #1185, 0.01499999999999998600 ) ;
#800 = ORIENTED_EDGE ( 'NONE', *, *, #1217, .F. ) ;
#801 = DIRECTION ( 'NONE',  ( 0.0000000000000000000, -1.000000000000000000, 0.0000000000000000000 ) ) ;
#802 = ORIENTED_EDGE ( 'NONE', *, *, #279, .T. ) ;
#803 = CARTESIAN_POINT ( 'NONE',  ( -0.2849999999999999200, 0.01499999999999999900, 0.1349999999999999800 ) ) ;
#804 = CARTESIAN_POINT ( 'NONE',  ( 0.1500000000191903400, 0.3250000000000000100, -0.1349999999999998700 ) ) ;
#805 = EDGE_LOOP ( 'NONE', ( #345, #1213, #172, #850 ) ) ;
#806 = DIRECTION ( 'NONE',  ( 0.0000000000000000000, -1.000000000000000000, 0.0000000000000000000 ) ) ;
#807 = LINE ( 'NONE', #722, #1524 ) ;
#808 = FACE_OUTER_BOUND ( 'NONE', #1136, .T. ) ;
#809 = ORIENTED_EDGE ( 'NONE', *, *, #728, .F. ) ;
#810 = EDGE_CURVE ( 'NONE', #324, #548, #269, .T. ) ;
#811 = VERTEX_POINT ( 'NONE', #137 ) ;
#812 = ADVANCED_FACE ( 'NONE', ( #503 ), #1462, .T. ) ;
#813 = DIRECTION ( 'NONE',  ( 0.0000000000000000000, 0.0000000000000000000, 1.000000000000000000 ) ) ;
#814 = CIRCLE ( 'NONE', #847, 0.01499999999999998600 ) ;
#815 = EDGE_CURVE ( 'NONE', #1318, #452, #1505, .T. ) ;
#816 = EDGE_LOOP ( 'NONE', ( #797, #398, #689, #1483 ) ) ;
#817 = CYLINDRICAL_SURFACE ( 'NONE', #43, 0.05999999999999998400 ) ;
#818 = EDGE_LOOP ( 'NONE', ( #338, #1238, #606, #861 ) ) ;
#819 = AXIS2_PLACEMENT_3D ( 'NONE', #72, #1394, #405 ) ;
#820 = ADVANCED_FACE ( 'NONE', ( #1492 ), #1103, .T. ) ;
#821 = VERTEX_POINT ( 'NONE', #1095 ) ;
#822 = DIRECTION ( 'NONE',  ( 3.614007241618349300E-016, -0.0000000000000000000, -1.000000000000000000 ) ) ;
#823 = FACE_OUTER_BOUND ( 'NONE', #1090, .T. ) ;
#824 = VECTOR ( 'NONE', #22, 1000.000000000000000 ) ;
#825 = DIRECTION ( 'NONE',  ( -1.000000000000000000, -0.0000000000000000000, -0.0000000000000000000 ) ) ;
#826 = ORIENTED_EDGE ( 'NONE', *, *, #1105, .T. ) ;
#827 = ADVANCED_FACE ( 'NONE', ( #489 ), #1123, .T. ) ;
#828 = PRESENTATION_LAYER_ASSIGNMENT (  '', '', ( #505 ) ) ;
#829 = ORIENTED_EDGE ( 'NONE', *, *, #998, .T. ) ;
#830 = DIRECTION ( 'NONE',  ( 1.000000000000000000, -0.0000000000000000000, -0.0000000000000000000 ) ) ;
#831 = VERTEX_POINT ( 'NONE', #145 ) ;
#832 = CARTESIAN_POINT ( 'NONE',  ( -0.1499999999999999700, 0.3150000000000000000, -0.1349999999999998700 ) ) ;
#833 = DIRECTION ( 'NONE',  ( 0.0000000000000000000, -1.000000000000000000, -0.0000000000000000000 ) ) ;
#834 = ADVANCED_FACE ( 'NONE', ( #823 ), #1320, .T. ) ;
#835 = EDGE_CURVE ( 'NONE', #782, #994, #143, .T. ) ;
#836 = VERTEX_POINT ( 'NONE', #1342 ) ;
#837 = DIRECTION ( 'NONE',  ( 0.0000000000000000000, 1.000000000000000000, 0.0000000000000000000 ) ) ;
#838 = EDGE_CURVE ( 'NONE', #869, #1189, #554, .T. ) ;
#839 = CARTESIAN_POINT ( 'NONE',  ( -0.1499999999999999700, 0.01499999999999998700, -0.1449999999999998800 ) ) ;
#840 = ORIENTED_EDGE ( 'NONE', *, *, #1327, .F. ) ;
#841 = CARTESIAN_POINT ( 'NONE',  ( -0.3000000000000000400, 0.01499999999999998600, -0.1349999999999999300 ) ) ;
#842 = EDGE_LOOP ( 'NONE', ( #1350, #829, #851, #174 ) ) ;
#843 = LINE ( 'NONE', #237, #824 ) ;
#844 = DIRECTION ( 'NONE',  ( 0.0000000000000000000, 0.0000000000000000000, -1.000000000000000000 ) ) ;
#845 = ADVANCED_FACE ( 'NONE', ( #846 ), #52, .F. ) ;
#846 = FACE_OUTER_BOUND ( 'NONE', #307, .T. ) ;
#847 = AXIS2_PLACEMENT_3D ( 'NONE', #190, #1392, #1378 ) ;
#848 = EDGE_CURVE ( 'NONE', #548, #633, #128, .T. ) ;
#849 = DIRECTION ( 'NONE',  ( -1.000000000000000000, 0.0000000000000000000, -0.0000000000000000000 ) ) ;
#850 = ORIENTED_EDGE ( 'NONE', *, *, #1449, .F. ) ;
#851 = ORIENTED_EDGE ( 'NONE', *, *, #207, .T. ) ;
#852 = DIRECTION ( 'NONE',  ( 1.000000000000000000, 0.0000000000000000000, 0.0000000000000000000 ) ) ;
#853 = DIRECTION ( 'NONE',  ( 9.035018104045873200E-017, -0.0000000000000000000, -1.000000000000000000 ) ) ;
#854 = AXIS2_PLACEMENT_3D ( 'NONE', #595, #1346, #858 ) ;
#855 = VECTOR ( 'NONE', #141, 1000.000000000000000 ) ;
#856 = VERTEX_POINT ( 'NONE', #841 ) ;
#857 = EDGE_LOOP ( 'NONE', ( #609, #240, #727 ) ) ;
#858 = DIRECTION ( 'NONE',  ( 0.0000000000000000000, 0.0000000000000000000, 1.000000000000000000 ) ) ;
#859 = MECHANICAL_DESIGN_GEOMETRIC_PRESENTATION_REPRESENTATION (  '', ( #1065 ), #1211 ) ;
#860 = DIRECTION ( 'NONE',  ( 1.000000000000000000, 0.0000000000000000000, 9.035018104045873200E-017 ) ) ;
#861 = ORIENTED_EDGE ( 'NONE', *, *, #529, .T. ) ;
#862 = DIRECTION ( 'NONE',  ( 0.0000000000000000000, 0.0000000000000000000, 1.000000000000000000 ) ) ;
#863 = CIRCLE ( 'NONE', #1139, 0.01499999999999999900 ) ;
#864 = FACE_OUTER_BOUND ( 'NONE', #454, .T. ) ;
#865 = LINE ( 'NONE', #122, #433 ) ;
#866 = EDGE_CURVE ( 'NONE', #1245, #856, #956, .T. ) ;
#867 = EDGE_LOOP ( 'NONE', ( #881, #985, #494, #1287 ) ) ;
#868 = PLANE ( 'NONE',  #379 ) ;
#869 = VERTEX_POINT ( 'NONE', #1470 ) ;
#870 = EDGE_CURVE ( 'NONE', #105, #413, #1453, .T. ) ;
#871 = AXIS2_PLACEMENT_3D ( 'NONE', #425, #208, #1028 ) ;
#872 = SURFACE_SIDE_STYLE ('',( #1430 ) ) ;
#873 = ORIENTED_EDGE ( 'NONE', *, *, #1085, .F. ) ;
#874 = FACE_OUTER_BOUND ( 'NONE', #1260, .T. ) ;
#875 = VERTEX_POINT ( 'NONE', #1086 ) ;
#876 = EDGE_CURVE ( 'NONE', #1097, #231, #1471, .T. ) ;
#877 = EDGE_LOOP ( 'NONE', ( #268, #377, #912, #1366 ) ) ;
#878 = LINE ( 'NONE', #624, #732 ) ;
#879 = PRESENTATION_STYLE_ASSIGNMENT (( #949 ) ) ;
#880 = AXIS2_PLACEMENT_3D ( 'NONE', #132, #1214, #852 ) ;
#881 = ORIENTED_EDGE ( 'NONE', *, *, #991, .F. ) ;
#882 = DIRECTION ( 'NONE',  ( -1.000000000000000000, -0.0000000000000000000, 8.673617379884036700E-017 ) ) ;
#883 = AXIS2_PLACEMENT_3D ( 'NONE', #1325, #1315, #673 ) ;
#884 = AXIS2_PLACEMENT_3D ( 'NONE', #426, #1029, #439 ) ;
#885 = CARTESIAN_POINT ( 'NONE',  ( 500000.0000000000600, 0.01499999999999998700, -0.1450000000433679700 ) ) ;
#886 = EDGE_LOOP ( 'NONE', ( #515, #719, #932, #1018 ) ) ;
#887 = DIRECTION ( 'NONE',  ( -1.000000000000000000, -0.0000000000000000000, 1.807003620809173200E-016 ) ) ;
#888 = ORIENTED_EDGE ( 'NONE', *, *, #89, .F. ) ;
#889 = CARTESIAN_POINT ( 'NONE',  ( -0.07499999999999999700, 0.3250000000000000100, 2.265596578422603300E-017 ) ) ;
#890 = EDGE_CURVE ( 'NONE', #1188, #1097, #547, .T. ) ;
#891 = VERTEX_POINT ( 'NONE', #1456 ) ;
#892 = CARTESIAN_POINT ( 'NONE',  ( -0.2999999999999999300, 0.01499999999999998600, 0.1349999999999999800 ) ) ;
#893 = AXIS2_PLACEMENT_3D ( 'NONE', #1329, #602, #962 ) ;
#894 = CARTESIAN_POINT ( 'NONE',  ( 0.1500000000191903400, 0.3149999999999998900, -0.1449999999999998800 ) ) ;
#895 = CIRCLE ( 'NONE', #1194, 0.05999999999999998400 ) ;
#896 = VECTOR ( 'NONE', #251, 1000.000000000000000 ) ;
#897 = FACE_OUTER_BOUND ( 'NONE', #34, .T. ) ;
#898 = CYLINDRICAL_SURFACE ( 'NONE', #1427, 0.01499999999999999900 ) ;
#899 =( LENGTH_UNIT ( ) NAMED_UNIT ( * ) SI_UNIT ( .MILLI., .METRE. ) );
#900 = ORIENTED_EDGE ( 'NONE', *, *, #1294, .T. ) ;
#901 = DIRECTION ( 'NONE',  ( 9.035018104045873200E-017, 0.0000000000000000000, 1.000000000000000000 ) ) ;
#902 = ORIENTED_EDGE ( 'NONE', *, *, #89, .T. ) ;
#903 = DIRECTION ( 'NONE',  ( 0.0000000000000000000, -0.0000000000000000000, -1.000000000000000000 ) ) ;
#904 = FILL_AREA_STYLE_COLOUR ( '', #1057 ) ;
#905 = CARTESIAN_POINT ( 'NONE',  ( 0.1499999999999999700, 0.3150000000000000000, -0.1499999999999999100 ) ) ;
#906 = CARTESIAN_POINT ( 'NONE',  ( -0.1499999999999999400, 0.0000000000000000000, 0.1349999999999999800 ) ) ;
#907 = ORIENTED_EDGE ( 'NONE', *, *, #866, .F. ) ;
#908 = CARTESIAN_POINT ( 'NONE',  ( -0.2849999999999999200, 0.3300000000000000200, 0.1349999999999999800 ) ) ;
#909 = DIRECTION ( 'NONE',  ( 1.000000000000000000, 0.0000000000000000000, -8.673617379884036700E-017 ) ) ;
#910 = ORIENTED_EDGE ( 'NONE', *, *, #278, .T. ) ;
#911 = DIRECTION ( 'NONE',  ( 1.000000000000000000, -0.0000000000000000000, -9.035018104045873200E-017 ) ) ;
#912 = ORIENTED_EDGE ( 'NONE', *, *, #754, .T. ) ;
#913 = EDGE_CURVE ( 'NONE', #192, #1189, #928, .T. ) ;
#914 = PLANE ( 'NONE',  #592 ) ;
#915 = EDGE_CURVE ( 'NONE', #413, #68, #657, .T. ) ;
#916 = LINE ( 'NONE', #1221, #314 ) ;
#917 = CIRCLE ( 'NONE', #884, 0.01499999999999998600 ) ;
#918 = DIRECTION ( 'NONE',  ( 1.000000000000000000, 0.0000000000000000000, 0.0000000000000000000 ) ) ;
#919 = CARTESIAN_POINT ( 'NONE',  ( 0.1500000000191903400, 0.01500000000000009300, 0.1449999999999999900 ) ) ;
#920 = DIRECTION ( 'NONE',  ( 0.0000000000000000000, 0.0000000000000000000, 1.000000000000000000 ) ) ;
#921 = VERTEX_POINT ( 'NONE', #286 ) ;
#922 = AXIS2_PLACEMENT_3D ( 'NONE', #524, #309, #771 ) ;
#923 = DIRECTION ( 'NONE',  ( -1.000000000000000000, -0.0000000000000000000, 8.673617379884036700E-017 ) ) ;
#924 = EDGE_CURVE ( 'NONE', #921, #875, #188, .T. ) ;
#925 = LINE ( 'NONE', #408, #262 ) ;
#926 = CARTESIAN_POINT ( 'NONE',  ( -0.1499999999999999700, 0.004999999999999999200, -0.1349999999999997600 ) ) ;
#927 = AXIS2_PLACEMENT_3D ( 'NONE', #742, #1355, #497 ) ;
#928 = LINE ( 'NONE', #623, #342 ) ;
#929 = EDGE_LOOP ( 'NONE', ( #38, #1490, #169, #1314 ) ) ;
#930 = DIRECTION ( 'NONE',  ( 0.0000000000000000000, 0.0000000000000000000, 1.000000000000000000 ) ) ;
#931 = AXIS2_PLACEMENT_3D ( 'NONE', #346, #1191, #731 ) ;
#932 = ORIENTED_EDGE ( 'NONE', *, *, #234, .T. ) ;
#933 = CARTESIAN_POINT ( 'NONE',  ( -0.2999999999999999300, 0.01499999999999998600, 0.1499999999999999900 ) ) ;
#934 = VECTOR ( 'NONE', #923, 1000.000000000000000 ) ;
#935 = DIRECTION ( 'NONE',  ( 0.0000000000000000000, 0.0000000000000000000, -1.000000000000000000 ) ) ;
#936 = PRODUCT_RELATED_PRODUCT_CATEGORY ( 'part', '', ( #1183 ) ) ;
#937 = CARTESIAN_POINT ( 'NONE',  ( 0.2999999999999999300, 0.3300000000000000200, 0.1499999999999999900 ) ) ;
#938 = DIRECTION ( 'NONE',  ( 0.0000000000000000000, 0.0000000000000000000, 1.000000000000000000 ) ) ;
#939 = ADVANCED_FACE ( 'NONE', ( #1115 ), #1502, .T. ) ;
#940 = DIRECTION ( 'NONE',  ( -1.000000000000000000, 0.0000000000000000000, 0.0000000000000000000 ) ) ;
#941 = CYLINDRICAL_SURFACE ( 'NONE', #1301, 0.01499999999999998600 ) ;
#942 = EDGE_CURVE ( 'NONE', #979, #415, #1176, .T. ) ;
#943 = EDGE_LOOP ( 'NONE', ( #4, #481, #142 ) ) ;
#944 = DIRECTION ( 'NONE',  ( 3.614007241618349300E-016, -0.0000000000000000000, 1.000000000000000000 ) ) ;
#945 = AXIS2_PLACEMENT_3D ( 'NONE', #885, #993, #1129 ) ;
#946 = UNCERTAINTY_MEASURE_WITH_UNIT (LENGTH_MEASURE( 1.000000000000000100E-005 ), #899, 'distance_accuracy_value', 'NONE');
#947 = DIRECTION ( 'NONE',  ( -0.0000000000000000000, 1.000000000000000000, -0.0000000000000000000 ) ) ;
#948 = ORIENTED_EDGE ( 'NONE', *, *, #541, .T. ) ;
#949 = SURFACE_STYLE_USAGE ( .BOTH. , #583 ) ;
#950 = STYLED_ITEM ( 'NONE', ( #879 ), #242 ) ;
#951 = ADVANCED_FACE ( 'NONE', ( #1096 ), #177, .F. ) ;
#952 = ORIENTED_EDGE ( 'NONE', *, *, #784, .F. ) ;
#953 = CARTESIAN_POINT ( 'NONE',  ( -0.2850000000000000300, 0.01499999999999998600, -0.1349999999999999300 ) ) ;
#954 = LINE ( 'NONE', #482, #596 ) ;
#955 = CARTESIAN_POINT ( 'NONE',  ( 0.0000000000000000000, 0.3300000000000000200, 0.0000000000000000000 ) ) ;
#956 = LINE ( 'NONE', #717, #14 ) ;
#957 = AXIS2_PLACEMENT_3D ( 'NONE', #792, #97, #88 ) ;
#958 = VERTEX_POINT ( 'NONE', #745 ) ;
#959 = DIRECTION ( 'NONE',  ( 9.035018104045873200E-017, 0.0000000000000000000, -1.000000000000000000 ) ) ;
#960 = ORIENTED_EDGE ( 'NONE', *, *, #412, .F. ) ;
#961 = ADVANCED_FACE ( 'NONE', ( #479 ), #868, .F. ) ;
#962 = DIRECTION ( 'NONE',  ( 0.0000000000000000000, 0.0000000000000000000, 1.000000000000000000 ) ) ;
#963 = DIRECTION ( 'NONE',  ( 0.0000000000000000000, -1.000000000000000000, 0.0000000000000000000 ) ) ;
#964 = VERTEX_POINT ( 'NONE', #160 ) ;
#965 = AXIS2_PLACEMENT_3D ( 'NONE', #550, #1039, #679 ) ;
#966 = ORIENTED_EDGE ( 'NONE', *, *, #1335, .T. ) ;
#967 = ADVANCED_FACE ( 'NONE', ( #152 ), #1389, .T. ) ;
#968 = AXIS2_PLACEMENT_3D ( 'NONE', #211, #435, #1273 ) ;
#969 = ORIENTED_EDGE ( 'NONE', *, *, #1220, .T. ) ;
#970 = DIRECTION ( 'NONE',  ( 0.0000000000000000000, 0.0000000000000000000, 1.000000000000000000 ) ) ;
#971 = LINE ( 'NONE', #335, #1439 ) ;
#972 = EDGE_CURVE ( 'NONE', #360, #332, #1267, .T. ) ;
#973 = CARTESIAN_POINT ( 'NONE',  ( 0.0000000000000000000, 0.0000000000000000000, 0.1349999999999999800 ) ) ;
#974 = ORIENTED_EDGE ( 'NONE', *, *, #127, .F. ) ;
#975 = DIRECTION ( 'NONE',  ( 0.0000000000000000000, 0.0000000000000000000, -1.000000000000000000 ) ) ;
#976 = EDGE_LOOP ( 'NONE', ( #1437, #357, #948, #424 ) ) ;
#977 = MANIFOLD_SOLID_BREP ( 'Boss-Extrude4', #1012 ) ;
#978 = AXIS2_PLACEMENT_3D ( 'NONE', #16, #255, #844 ) ;
#979 = VERTEX_POINT ( 'NONE', #635 ) ;
#980 = CARTESIAN_POINT ( 'NONE',  ( 0.1499999999999999700, 0.3150000000000000000, -0.1349999999999999000 ) ) ;
#981 = ORIENTED_EDGE ( 'NONE', *, *, #915, .F. ) ;
#982 = DIRECTION ( 'NONE',  ( 1.000000000000000000, -0.0000000000000000000, 1.807003620809173200E-016 ) ) ;
#983 = CARTESIAN_POINT ( 'NONE',  ( 0.0000000000000000000, 0.0000000000000000000, 0.0000000000000000000 ) ) ;
#984 = ORIENTED_EDGE ( 'NONE', *, *, #80, .F. ) ;
#985 = ORIENTED_EDGE ( 'NONE', *, *, #1420, .T. ) ;
#986 = DIRECTION ( 'NONE',  ( 0.0000000000000000000, 0.0000000000000000000, 1.000000000000000000 ) ) ;
#987 = CYLINDRICAL_SURFACE ( 'NONE', #1154, 0.05999999999999998400 ) ;
#988 = EDGE_CURVE ( 'NONE', #117, #293, #674, .T. ) ;
#989 = ORIENTED_EDGE ( 'NONE', *, *, #1387, .T. ) ;
#990 = EDGE_LOOP ( 'NONE', ( #359, #78 ) ) ;
#991 = EDGE_CURVE ( 'NONE', #1496, #553, #565, .T. ) ;
#992 = DIRECTION ( 'NONE',  ( 0.0000000000000000000, 0.0000000000000000000, 1.000000000000000000 ) ) ;
#993 = DIRECTION ( 'NONE',  ( 8.673617379884036700E-017, -0.0000000000000000000, 1.000000000000000000 ) ) ;
#994 = VERTEX_POINT ( 'NONE', #53 ) ;
#995 = EDGE_CURVE ( 'NONE', #780, #1125, #758, .T. ) ;
#996 = CIRCLE ( 'NONE', #1259, 0.01499999999999998600 ) ;
#997 = DIRECTION ( 'NONE',  ( -3.614007241618349300E-016, -0.0000000000000000000, -1.000000000000000000 ) ) ;
#998 = EDGE_CURVE ( 'NONE', #703, #958, #1428, .T. ) ;
#999 = AXIS2_PLACEMENT_3D ( 'NONE', #1117, #399, #901 ) ;
#1000 = ORIENTED_EDGE ( 'NONE', *, *, #1498, .T. ) ;
#1001 = DIRECTION ( 'NONE',  ( -1.000000000000000000, 0.0000000000000000000, 0.0000000000000000000 ) ) ;
#1002 = SURFACE_STYLE_FILL_AREA ( #634 ) ;
#1003 = LINE ( 'NONE', #638, #786 ) ;
#1004 = CIRCLE ( 'NONE', #1309, 0.05999999999999998400 ) ;
#1005 = DIRECTION ( 'NONE',  ( 0.0000000000000000000, 1.000000000000000000, 0.0000000000000000000 ) ) ;
#1006 = ORIENTED_EDGE ( 'NONE', *, *, #263, .T. ) ;
#1007 = ORIENTED_EDGE ( 'NONE', *, *, #924, .F. ) ;
#1008 = DIRECTION ( 'NONE',  ( -8.673617379884036700E-017, 0.0000000000000000000, -1.000000000000000000 ) ) ;
#1009 = ORIENTED_EDGE ( 'NONE', *, *, #915, .T. ) ;
#1010 = AXIS2_PLACEMENT_3D ( 'NONE', #1528, #99, #1074 ) ;
#1011 = LINE ( 'NONE', #1130, #1131 ) ;
#1012 = CLOSED_SHELL ( 'NONE', ( #939, #33, #248, #1316, #475, #571, #951, #467, #1307, #17, #140 ) ) ;
#1013 = DIRECTION ( 'NONE',  ( 1.000000000000000000, 0.0000000000000000000, 9.035018104045873200E-017 ) ) ;
#1014 = EDGE_LOOP ( 'NONE', ( #265, #1357, #1109 ) ) ;
#1015 = ORIENTED_EDGE ( 'NONE', *, *, #541, .F. ) ;
#1016 = CARTESIAN_POINT ( 'NONE',  ( 0.1500000000191903400, 0.01499999999999998600, -0.1349999999999998700 ) ) ;
#1017 = EDGE_CURVE ( 'NONE', #836, #1248, #1265, .T. ) ;
#1018 = ORIENTED_EDGE ( 'NONE', *, *, #995, .F. ) ;
#1019 = DIRECTION ( 'NONE',  ( -1.000000000000000000, -0.0000000000000000000, 8.673617379884036700E-017 ) ) ;
#1020 = EDGE_CURVE ( 'NONE', #1448, #836, #13, .T. ) ;
#1021 = DIRECTION ( 'NONE',  ( 9.035018104045873200E-017, -0.0000000000000000000, -1.000000000000000000 ) ) ;
#1022 = CIRCLE ( 'NONE', #1174, 0.01499999999999998600 ) ;
#1023 = VECTOR ( 'NONE', #440, 1000.000000000000000 ) ;
#1024 = FACE_OUTER_BOUND ( 'NONE', #275, .T. ) ;
#1025 = VECTOR ( 'NONE', #1511, 1000.000000000000000 ) ;
#1026 = CARTESIAN_POINT ( 'NONE',  ( -0.2849999999999999200, 0.3300000000000000200, 0.1349999999999999800 ) ) ;
#1027 = ORIENTED_EDGE ( 'NONE', *, *, #434, .T. ) ;
#1028 = DIRECTION ( 'NONE',  ( 1.000000000000000000, 0.0000000000000000000, 1.807003620809173200E-016 ) ) ;
#1029 = DIRECTION ( 'NONE',  ( 0.0000000000000000000, 0.0000000000000000000, -1.000000000000000000 ) ) ;
#1030 = DIRECTION ( 'NONE',  ( -0.0000000000000000000, 1.000000000000000000, -0.0000000000000000000 ) ) ;
#1031 = FILL_AREA_STYLE ('',( #327 ) ) ;
#1032 = AXIS2_PLACEMENT_3D ( 'NONE', #937, #233, #1426 ) ;
#1033 = PLANE ( 'NONE',  #1339 ) ;
#1034 = VERTEX_POINT ( 'NONE', #1146 ) ;
#1035 = CARTESIAN_POINT ( 'NONE',  ( -0.1499999999999999700, 0.3300000000000000200, -0.1499999999999999100 ) ) ;
#1036 = DIRECTION ( 'NONE',  ( 3.614007241618349300E-016, 0.0000000000000000000, -1.000000000000000000 ) ) ;
#1037 = ORIENTED_EDGE ( 'NONE', *, *, #637, .F. ) ;
#1038 = AXIS2_PLACEMENT_3D ( 'NONE', #1328, #1059, #1450 ) ;
#1039 = DIRECTION ( 'NONE',  ( 1.000000000000000000, 0.0000000000000000000, -3.614007241618349300E-016 ) ) ;
#1040 = CYLINDRICAL_SURFACE ( 'NONE', #1110, 0.009999999999999998500 ) ;
#1041 = DIRECTION ( 'NONE',  ( 1.000000000000000000, 0.0000000000000000000, 0.0000000000000000000 ) ) ;
#1042 = LINE ( 'NONE', #701, #198 ) ;
#1043 = CARTESIAN_POINT ( 'NONE',  ( 0.1500000000191903400, 0.004999999999999999200, -0.1349999999999997600 ) ) ;
#1044 = VERTEX_POINT ( 'NONE', #64 ) ;
#1045 = DIRECTION ( 'NONE',  ( 1.000000000000000000, 0.0000000000000000000, 0.0000000000000000000 ) ) ;
#1046 = ORIENTED_EDGE ( 'NONE', *, *, #1135, .F. ) ;
#1047 = PRESENTATION_LAYER_ASSIGNMENT (  '', '', ( #165 ) ) ;
#1048 = ORIENTED_EDGE ( 'NONE', *, *, #972, .T. ) ;
#1049 = ADVANCED_FACE ( 'NONE', ( #31 ), #941, .T. ) ;
#1050 = DIRECTION ( 'NONE',  ( 0.0000000000000000000, 0.0000000000000000000, 1.000000000000000000 ) ) ;
#1051 = EDGE_CURVE ( 'NONE', #772, #1383, #655, .T. ) ;
#1052 = DIRECTION ( 'NONE',  ( -1.000000000000000000, -0.0000000000000000000, 8.673617379884036700E-017 ) ) ;
#1053 = LINE ( 'NONE', #652, #417 ) ;
#1054 = COLOUR_RGB ( '',1.000000000000000000, 1.000000000000000000, 1.000000000000000000 ) ;
#1055 = EDGE_LOOP ( 'NONE', ( #625, #246, #1487, #499 ) ) ;
#1056 = CARTESIAN_POINT ( 'NONE',  ( 0.2849999999999999200, 0.3300000000000000200, 0.1499999999999999900 ) ) ;
#1057 = COLOUR_RGB ( '',0.7921568627450980000, 0.8196078431372548800, 0.9333333333333333500 ) ;
#1058 = CARTESIAN_POINT ( 'NONE',  ( 0.2849999999999999200, 0.3300000000000000200, 0.1349999999999999800 ) ) ;
#1059 = DIRECTION ( 'NONE',  ( -3.614007241618349300E-016, 0.0000000000000000000, 1.000000000000000000 ) ) ;
#1060 = ORIENTED_EDGE ( 'NONE', *, *, #1244, .F. ) ;
#1061 = DIRECTION ( 'NONE',  ( 0.0000000000000000000, 1.000000000000000000, 0.0000000000000000000 ) ) ;
#1062 = LINE ( 'NONE', #1164, #749 ) ;
#1063 = CIRCLE ( 'NONE', #883, 0.05999999999999998400 ) ;
#1064 = CARTESIAN_POINT ( 'NONE',  ( 0.2849999999999999200, 0.01499999999999998600, 0.1499999999999999900 ) ) ;
#1065 = STYLED_ITEM ( 'NONE', ( #683 ), #1514 ) ;
#1066 = FACE_OUTER_BOUND ( 'NONE', #336, .T. ) ;
#1067 = CARTESIAN_POINT ( 'NONE',  ( 0.1499999999999999700, 0.3149999999999999500, -0.1499999999999999100 ) ) ;
#1068 = EDGE_LOOP ( 'NONE', ( #630, #984, #1007, #1411 ) ) ;
#1069 = ADVANCED_FACE ( 'NONE', ( #340 ), #1499, .F. ) ;
#1070 = DIRECTION ( 'NONE',  ( 1.000000000000000000, -0.0000000000000000000, 0.0000000000000000000 ) ) ;
#1071 = AXIS2_PLACEMENT_3D ( 'NONE', #1441, #1533, #688 ) ;
#1072 = DIRECTION ( 'NONE',  ( -8.673617379884036700E-017, 0.0000000000000000000, -1.000000000000000000 ) ) ;
#1073 = AXIS2_PLACEMENT_3D ( 'NONE', #729, #500, #724 ) ;
#1074 = DIRECTION ( 'NONE',  ( -1.000000000000000000, 0.0000000000000000000, 0.0000000000000000000 ) ) ;
#1075 = DIRECTION ( 'NONE',  ( 0.0000000000000000000, 0.0000000000000000000, -1.000000000000000000 ) ) ;
#1076 = EDGE_CURVE ( 'NONE', #585, #811, #925, .T. ) ;
#1077 = CARTESIAN_POINT ( 'NONE',  ( -2.439454888092381300E-017, 0.3150000000000000000, -0.1349999999999998700 ) ) ;
#1078 = ADVANCED_FACE ( 'NONE', ( #150 ), #1371, .T. ) ;
#1079 = EDGE_CURVE ( 'NONE', #633, #1245, #225, .T. ) ;
#1080 = ORIENTED_EDGE ( 'NONE', *, *, #1362, .T. ) ;
#1081 = ORIENTED_EDGE ( 'NONE', *, *, #351, .T. ) ;
#1082 = FILL_AREA_STYLE_COLOUR ( '', #667 ) ;
#1083 = AXIS2_PLACEMENT_3D ( 'NONE', #77, #532, #423 ) ;
#1084 = CYLINDRICAL_SURFACE ( 'NONE', #1038, 0.01499999999999998600 ) ;
#1085 = EDGE_CURVE ( 'NONE', #517, #1034, #1011, .T. ) ;
#1086 = CARTESIAN_POINT ( 'NONE',  ( 0.2999999999999999300, 0.01499999999999998600, 0.1349999999999999800 ) ) ;
#1087 = LINE ( 'NONE', #15, #427 ) ;
#1088 =( LENGTH_UNIT ( ) NAMED_UNIT ( * ) SI_UNIT ( .MILLI., .METRE. ) );
#1089 = CIRCLE ( 'NONE', #404, 0.01499999999999998600 ) ;
#1090 = EDGE_LOOP ( 'NONE', ( #456, #1529, #737, #159 ) ) ;
#1091 = DIRECTION ( 'NONE',  ( 0.0000000000000000000, -1.000000000000000000, 0.0000000000000000000 ) ) ;
#1092 = EDGE_LOOP ( 'NONE', ( #1250, #1466, #1523, #1446 ) ) ;
#1093 = CARTESIAN_POINT ( 'NONE',  ( -0.07499999999999999700, 0.3149999999999999500, 2.265596578422603300E-017 ) ) ;
#1094 = VECTOR ( 'NONE', #887, 1000.000000000000000 ) ;
#1095 = CARTESIAN_POINT ( 'NONE',  ( 0.2849999999999999200, 0.3300000000000000200, 0.1349999999999999800 ) ) ;
#1096 = FACE_OUTER_BOUND ( 'NONE', #816, .T. ) ;
#1097 = VERTEX_POINT ( 'NONE', #294 ) ;
#1098 = DIRECTION ( 'NONE',  ( -9.035018104045873200E-017, 0.0000000000000000000, 1.000000000000000000 ) ) ;
#1099 = VECTOR ( 'NONE', #1391, 1000.000000000000000 ) ;
#1100 = DIRECTION ( 'NONE',  ( 1.000000000000000000, 0.0000000000000000000, 9.035018104045873200E-017 ) ) ;
#1101 = VERTEX_POINT ( 'NONE', #1398 ) ;
#1102 = CARTESIAN_POINT ( 'NONE',  ( -0.07499999999999999700, 0.3149999999999999500, 2.265596578422603300E-017 ) ) ;
#1103 = CYLINDRICAL_SURFACE ( 'NONE', #854, 0.01499999999999999900 ) ;
#1104 = VECTOR ( 'NONE', #757, 1000.000000000000000 ) ;
#1105 = EDGE_CURVE ( 'NONE', #1352, #875, #814, .T. ) ;
#1106 = CARTESIAN_POINT ( 'NONE',  ( 0.3000000000000000400, 0.01499999999999998600, -0.1499999999999999400 ) ) ;
#1107 = LINE ( 'NONE', #1395, #1527 ) ;
#1108 = CARTESIAN_POINT ( 'NONE',  ( 0.1499999999999999400, 0.3150000000000000000, 0.1499999999999999900 ) ) ;
#1109 = ORIENTED_EDGE ( 'NONE', *, *, #1190, .F. ) ;
#1110 = AXIS2_PLACEMENT_3D ( 'NONE', #1497, #60, #643 ) ;
#1111 = ORIENTED_EDGE ( 'NONE', *, *, #675, .T. ) ;
#1112 = CARTESIAN_POINT ( 'NONE',  ( 0.2850000000000000300, 0.01499999999999998600, -0.1349999999999999300 ) ) ;
#1113 = CARTESIAN_POINT ( 'NONE',  ( -0.07499999999999999700, -0.001000000000000024300, 0.06000000000000000500 ) ) ;
#1114 = AXIS2_PLACEMENT_3D ( 'NONE', #394, #982, #1359 ) ;
#1115 = FACE_OUTER_BOUND ( 'NONE', #1092, .T. ) ;
#1116 = ORIENTED_EDGE ( 'NONE', *, *, #107, .F. ) ;
#1117 = CARTESIAN_POINT ( 'NONE',  ( -0.1499999999999999700, 0.3300000000000000200, -0.1499999999999999100 ) ) ;
#1118 = ORIENTED_EDGE ( 'NONE', *, *, #619, .T. ) ;
#1119 = EDGE_LOOP ( 'NONE', ( #1009, #902, #562, #746 ) ) ;
#1120 = DIRECTION ( 'NONE',  ( 0.0000000000000000000, 1.000000000000000000, 0.0000000000000000000 ) ) ;
#1121 = AXIS2_PLACEMENT_3D ( 'NONE', #30, #1091, #253 ) ;
#1122 = DIRECTION ( 'NONE',  ( -1.000000000000000000, -0.0000000000000000000, 8.673617379884036700E-017 ) ) ;
#1123 = CYLINDRICAL_SURFACE ( 'NONE', #1121, 0.01499999999999998600 ) ;
#1124 = LINE ( 'NONE', #1526, #1510 ) ;
#1125 = VERTEX_POINT ( 'NONE', #1152 ) ;
#1126 = AXIS2_PLACEMENT_3D ( 'NONE', #803, #1319, #716 ) ;
#1127 = ORIENTED_EDGE ( 'NONE', *, *, #728, .T. ) ;
#1128 = EDGE_CURVE ( 'NONE', #231, #1304, #777, .T. ) ;
#1129 = DIRECTION ( 'NONE',  ( 1.000000000000000000, 0.0000000000000000000, -8.673617379884036700E-017 ) ) ;
#1130 = CARTESIAN_POINT ( 'NONE',  ( -0.1499999999999999700, 0.3149999999999999500, -0.1349999999999998700 ) ) ;
#1131 = VECTOR ( 'NONE', #1008, 1000.000000000000000 ) ;
#1132 = VECTOR ( 'NONE', #1353, 1000.000000000000000 ) ;
#1133 = EDGE_LOOP ( 'NONE', ( #591, #826, #1199 ) ) ;
#1134 =( GEOMETRIC_REPRESENTATION_CONTEXT ( 3 ) GLOBAL_UNCERTAINTY_ASSIGNED_CONTEXT ( ( #1436 ) ) GLOBAL_UNIT_ASSIGNED_CONTEXT ( ( #58, #168, #1491 ) ) REPRESENTATION_CONTEXT ( 'NONE', 'WORKASPACE' ) );
#1135 = EDGE_CURVE ( 'NONE', #633, #523, #738, .T. ) ;
#1136 = EDGE_LOOP ( 'NONE', ( #228, #1116, #387, #617 ) ) ;
#1137 = DIRECTION ( 'NONE',  ( 1.000000000000000000, 0.0000000000000000000, 9.035018104045873200E-017 ) ) ;
#1138 = PRODUCT_DEFINITION_CONTEXT ( 'detailed design', #260, 'design' ) ;
#1139 = AXIS2_PLACEMENT_3D ( 'NONE', #670, #1520, #320 ) ;
#1140 = ORIENTED_EDGE ( 'NONE', *, *, #279, .F. ) ;
#1141 = ORIENTED_EDGE ( 'NONE', *, *, #848, .F. ) ;
#1142 = CARTESIAN_POINT ( 'NONE',  ( -0.1499999999999999700, 0.0000000000000000000, -0.1499999999999999100 ) ) ;
#1143 = UNCERTAINTY_MEASURE_WITH_UNIT (LENGTH_MEASURE( 1.000000000000000100E-005 ), #204, 'distance_accuracy_value', 'NONE');
#1144 = FACE_OUTER_BOUND ( 'NONE', #1512, .T. ) ;
#1145 = LINE ( 'NONE', #1397, #162 ) ;
#1146 = CARTESIAN_POINT ( 'NONE',  ( -0.1499999999999999700, 0.3149999999999998900, -0.1449999999999998800 ) ) ;
#1147 = SPHERICAL_SURFACE ( 'NONE', #927, 0.01499999999999999900 ) ;
#1148 = CARTESIAN_POINT ( 'NONE',  ( -0.1499999999999999400, 0.3300000000000000200, 0.1349999999999999800 ) ) ;
#1149 = FACE_OUTER_BOUND ( 'NONE', #693, .T. ) ;
#1150 = CARTESIAN_POINT ( 'NONE',  ( -0.07499999999999999700, 0.3250000000000000100, 2.265596578422603300E-017 ) ) ;
#1151 = ORIENTED_EDGE ( 'NONE', *, *, #434, .F. ) ;
#1152 = CARTESIAN_POINT ( 'NONE',  ( -0.1499999999999999700, 0.01499999999999998600, -0.1449999999999998800 ) ) ;
#1153 = ORIENTED_EDGE ( 'NONE', *, *, #1468, .F. ) ;
#1154 = AXIS2_PLACEMENT_3D ( 'NONE', #570, #466, #1284 ) ;
#1155 = DIRECTION ( 'NONE',  ( 0.0000000000000000000, 0.0000000000000000000, -1.000000000000000000 ) ) ;
#1156 = DIRECTION ( 'NONE',  ( 0.0000000000000000000, 0.0000000000000000000, 1.000000000000000000 ) ) ;
#1157 = EDGE_LOOP ( 'NONE', ( #1460, #1384, #42, #1504 ) ) ;
#1158 = CARTESIAN_POINT ( 'NONE',  ( 0.3000000000000000400, 0.3300000000000000200, -0.1499999999999999400 ) ) ;
#1159 = ORIENTED_EDGE ( 'NONE', *, *, #28, .F. ) ;
#1160 = DIRECTION ( 'NONE',  ( 1.000000000000000000, 0.0000000000000000000, 9.035018104045873200E-017 ) ) ;
#1161 = DIRECTION ( 'NONE',  ( 0.0000000000000000000, 1.000000000000000000, 0.0000000000000000000 ) ) ;
#1162 = ORIENTED_EDGE ( 'NONE', *, *, #1420, .F. ) ;
#1163 = EDGE_CURVE ( 'NONE', #653, #821, #496, .T. ) ;
#1164 = CARTESIAN_POINT ( 'NONE',  ( -0.07499999999999999700, 0.1452943725152285900, 0.06000000000000000500 ) ) ;
#1165 = CYLINDRICAL_SURFACE ( 'NONE', #492, 0.01499999999999999900 ) ;
#1166 = CARTESIAN_POINT ( 'NONE',  ( 500000.0000000000600, 0.3250000000000000100, -0.1350000000433679600 ) ) ;
#1167 = FACE_OUTER_BOUND ( 'NONE', #210, .T. ) ;
#1168 = DIRECTION ( 'NONE',  ( -1.000000000000000000, -0.0000000000000000000, 8.673617379884036700E-017 ) ) ;
#1169 = EDGE_LOOP ( 'NONE', ( #744, #622, #1118, #1424 ) ) ;
#1170 = EDGE_CURVE ( 'NONE', #26, #964, #1053, .T. ) ;
#1171 = ORIENTED_EDGE ( 'NONE', *, *, #71, .F. ) ;
#1172 = DIRECTION ( 'NONE',  ( 1.000000000000000000, 0.0000000000000000000, 0.0000000000000000000 ) ) ;
#1173 = SURFACE_SIDE_STYLE ('',( #326 ) ) ;
#1174 = AXIS2_PLACEMENT_3D ( 'NONE', #1418, #911, #1414 ) ;
#1175 = CARTESIAN_POINT ( 'NONE',  ( 0.0000000000000000000, 0.3149999999999999500, -1.177667877010117200E-016 ) ) ;
#1176 = CIRCLE ( 'NONE', #762, 0.01499999999999998600 ) ;
#1177 = ORIENTED_EDGE ( 'NONE', *, *, #838, .F. ) ;
#1178 = CARTESIAN_POINT ( 'NONE',  ( -0.07499999999999999700, 0.3250000000000000100, 2.265596578422603300E-017 ) ) ;
#1179 = ADVANCED_FACE ( 'NONE', ( #460 ), #1469, .T. ) ;
#1180 = CARTESIAN_POINT ( 'NONE',  ( -0.1499999999999999700, 0.3150000000000000000, -0.1349999999999998700 ) ) ;
#1181 = ORIENTED_EDGE ( 'NONE', *, *, #184, .F. ) ;
#1182 = CARTESIAN_POINT ( 'NONE',  ( 0.2849999999999999200, 0.3150000000000000000, 0.1349999999999999800 ) ) ;
#1183 = PRODUCT ( 'LQP03TG1N4B02D', 'LQP03TG1N4B02D', '', ( #1310 ) ) ;
#1184 = EDGE_LOOP ( 'NONE', ( #969, #1293, #1422, #907 ) ) ;
#1185 = AXIS2_PLACEMENT_3D ( 'NONE', #1429, #226, #813 ) ;
#1186 = VECTOR ( 'NONE', #761, 1000.000000000000000 ) ;
#1187 = CIRCLE ( 'NONE', #747, 0.01499999999999998600 ) ;
#1188 = VERTEX_POINT ( 'NONE', #684 ) ;
#1189 = VERTEX_POINT ( 'NONE', #926 ) ;
#1190 = EDGE_CURVE ( 'NONE', #117, #821, #799, .T. ) ;
#1191 = DIRECTION ( 'NONE',  ( 1.000000000000000000, 0.0000000000000000000, -8.673617379884036700E-017 ) ) ;
#1192 = ADVANCED_FACE ( 'NONE', ( #365 ), #91, .F. ) ;
#1193 = EDGE_CURVE ( 'NONE', #231, #921, #364, .T. ) ;
#1194 = AXIS2_PLACEMENT_3D ( 'NONE', #239, #222, #470 ) ;
#1195 = FILL_AREA_STYLE_COLOUR ( '', #626 ) ;
#1196 = DIRECTION ( 'NONE',  ( 0.0000000000000000000, -1.000000000000000000, 0.0000000000000000000 ) ) ;
#1197 = PRESENTATION_STYLE_ASSIGNMENT (( #323 ) ) ;
#1198 = DIRECTION ( 'NONE',  ( 0.0000000000000000000, -1.000000000000000000, -0.0000000000000000000 ) ) ;
#1199 = ORIENTED_EDGE ( 'NONE', *, *, #666, .F. ) ;
#1200 = ADVANCED_FACE ( 'NONE', ( #438 ), #139, .T. ) ;
#1201 = DIRECTION ( 'NONE',  ( 0.0000000000000000000, 0.0000000000000000000, 1.000000000000000000 ) ) ;
#1202 = ORIENTED_EDGE ( 'NONE', *, *, #1020, .F. ) ;
#1203 = FILL_AREA_STYLE ('',( #1082 ) ) ;
#1204 = AXIS2_PLACEMENT_3D ( 'NONE', #1501, #300, #187 ) ;
#1205 = LINE ( 'NONE', #1254, #1417 ) ;
#1206 = SURFACE_STYLE_FILL_AREA ( #1203 ) ;
#1207 = CARTESIAN_POINT ( 'NONE',  ( -0.2849999999999999800, 0.3150000000000000000, 1.029992063861229600E-016 ) ) ;
#1208 = ORIENTED_EDGE ( 'NONE', *, *, #1335, .F. ) ;
#1209 = ADVANCED_FACE ( 'NONE', ( #3 ), #817, .F. ) ;
#1210 = CARTESIAN_POINT ( 'NONE',  ( 0.1499999999999999700, 0.3300000000000000200, -0.1349999999999999000 ) ) ;
#1211 =( GEOMETRIC_REPRESENTATION_CONTEXT ( 3 ) GLOBAL_UNCERTAINTY_ASSIGNED_CONTEXT ( ( #1143 ) ) GLOBAL_UNIT_ASSIGNED_CONTEXT ( ( #204, #12, #709 ) ) REPRESENTATION_CONTEXT ( 'NONE', 'WORKASPACE' ) );
#1212 = AXIS2_PLACEMENT_3D ( 'NONE', #1166, #103, #114 ) ;
#1213 = ORIENTED_EDGE ( 'NONE', *, *, #995, .T. ) ;
#1214 = DIRECTION ( 'NONE',  ( -0.0000000000000000000, -0.0000000000000000000, 1.000000000000000000 ) ) ;
#1215 = CARTESIAN_POINT ( 'NONE',  ( -0.07499999999999999700, 0.3149999999999999500, 0.06000000000000000500 ) ) ;
#1216 = EDGE_LOOP ( 'NONE', ( #809, #18, #113, #800 ) ) ;
#1217 = EDGE_CURVE ( 'NONE', #891, #710, #1241, .T. ) ;
#1218 = FACE_OUTER_BOUND ( 'NONE', #1481, .T. ) ;
#1219 = VECTOR ( 'NONE', #130, 1000.000000000000000 ) ;
#1220 = EDGE_CURVE ( 'NONE', #1245, #700, #267, .T. ) ;
#1221 = CARTESIAN_POINT ( 'NONE',  ( 500000.0000000000600, 0.3150000000000000000, 0.1449999999566318800 ) ) ;
#1222 = VECTOR ( 'NONE', #273, 1000.000000000000000 ) ;
#1223 = AXIS2_PLACEMENT_3D ( 'NONE', #1093, #55, #1489 ) ;
#1224 = EDGE_LOOP ( 'NONE', ( #900, #153, #1313, #521 ) ) ;
#1225 = ADVANCED_FACE ( 'NONE', ( #176 ), #1285, .F. ) ;
#1226 = ORIENTED_EDGE ( 'NONE', *, *, #354, .T. ) ;
#1227 = DIRECTION ( 'NONE',  ( -1.000000000000000000, -0.0000000000000000000, 8.673617379884036700E-017 ) ) ;
#1228 = EDGE_LOOP ( 'NONE', ( #1111, #1464 ) ) ;
#1229 = MANIFOLD_SOLID_BREP ( 'Mirror2', #1472 ) ;
#1230 = CARTESIAN_POINT ( 'NONE',  ( -0.1499999999999999400, 0.3150000000000000000, 0.1499999999999999900 ) ) ;
#1231 = CARTESIAN_POINT ( 'NONE',  ( 500000.0000000000600, 0.01499999999999998600, -0.1450000000433679700 ) ) ;
#1232 = ORIENTED_EDGE ( 'NONE', *, *, #2, .F. ) ;
#1233 = CYLINDRICAL_SURFACE ( 'NONE', #468, 0.01499999999999998600 ) ;
#1234 = FILL_AREA_STYLE_COLOUR ( '', #1054 ) ;
#1235 = FACE_OUTER_BOUND ( 'NONE', #842, .T. ) ;
#1236 = EDGE_CURVE ( 'NONE', #413, #324, #996, .T. ) ;
#1237 = CARTESIAN_POINT ( 'NONE',  ( -0.1499999999999999700, 0.3300000000000000200, -0.1499999999999999100 ) ) ;
#1238 = ORIENTED_EDGE ( 'NONE', *, *, #107, .T. ) ;
#1239 = DIRECTION ( 'NONE',  ( -9.035018104045873200E-017, 0.0000000000000000000, 1.000000000000000000 ) ) ;
#1240 = AXIS2_PLACEMENT_3D ( 'NONE', #955, #837, #590 ) ;
#1241 = CIRCLE ( 'NONE', #245, 0.009999999999999998500 ) ;
#1242 = PLANE ( 'NONE',  #999 ) ;
#1243 = VECTOR ( 'NONE', #882, 1000.000000000000000 ) ;
#1244 = EDGE_CURVE ( 'NONE', #1448, #274, #678, .T. ) ;
#1245 = VERTEX_POINT ( 'NONE', #1292 ) ;
#1246 = DIRECTION ( 'NONE',  ( 0.0000000000000000000, 1.000000000000000000, -0.0000000000000000000 ) ) ;
#1247 = VECTOR ( 'NONE', #1030, 1000.000000000000000 ) ;
#1248 = VERTEX_POINT ( 'NONE', #804 ) ;
#1249 = AXIS2_PLACEMENT_3D ( 'NONE', #681, #806, #563 ) ;
#1250 = ORIENTED_EDGE ( 'NONE', *, *, #301, .T. ) ;
#1251 = DIRECTION ( 'NONE',  ( 1.000000000000000000, 0.0000000000000000000, 9.035018104045873200E-017 ) ) ;
#1252 = CARTESIAN_POINT ( 'NONE',  ( -2.439454888092381300E-017, 0.0000000000000000000, -0.1349999999999998700 ) ) ;
#1253 = AXIS2_PLACEMENT_3D ( 'NONE', #223, #1052, #322 ) ;
#1254 = CARTESIAN_POINT ( 'NONE',  ( 0.1499999999999999400, 0.3300000000000000200, 0.1349999999999999800 ) ) ;
#1255 = CIRCLE ( 'NONE', #11, 0.009999999999999998500 ) ;
#1256 = VECTOR ( 'NONE', #1196, 1000.000000000000000 ) ;
#1257 = CARTESIAN_POINT ( 'NONE',  ( 0.1499999999999999700, 0.01499999999999998600, -0.1349999999999999000 ) ) ;
#1258 = DIRECTION ( 'NONE',  ( 9.035018104045873200E-017, 0.0000000000000000000, -1.000000000000000000 ) ) ;
#1259 = AXIS2_PLACEMENT_3D ( 'NONE', #566, #1423, #446 ) ;
#1260 = EDGE_LOOP ( 'NONE', ( #281, #367, #1407, #640 ) ) ;
#1261 = CARTESIAN_POINT ( 'NONE',  ( -0.2849999999999999200, 0.3150000000000000000, 0.1499999999999999900 ) ) ;
#1262 = ORIENTED_EDGE ( 'NONE', *, *, #1303, .F. ) ;
#1263 = DIRECTION ( 'NONE',  ( 1.000000000000000000, -0.0000000000000000000, -0.0000000000000000000 ) ) ;
#1264 = DIRECTION ( 'NONE',  ( -9.035018104045873200E-017, 0.0000000000000000000, 1.000000000000000000 ) ) ;
#1265 = CIRCLE ( 'NONE', #443, 0.009999999999999998500 ) ;
#1266 = DIRECTION ( 'NONE',  ( 0.0000000000000000000, 0.0000000000000000000, -1.000000000000000000 ) ) ;
#1267 = CIRCLE ( 'NONE', #535, 0.01499999999999998600 ) ;
#1268 = VERTEX_POINT ( 'NONE', #1531 ) ;
#1269 = EDGE_CURVE ( 'NONE', #721, #700, #36, .T. ) ;
#1270 = DIRECTION ( 'NONE',  ( 0.0000000000000000000, 1.000000000000000000, 0.0000000000000000000 ) ) ;
#1271 = ORIENTED_EDGE ( 'NONE', *, *, #464, .T. ) ;
#1272 = ORIENTED_EDGE ( 'NONE', *, *, #495, .T. ) ;
#1273 = DIRECTION ( 'NONE',  ( -1.000000000000000000, 0.0000000000000000000, 0.0000000000000000000 ) ) ;
#1274 = CARTESIAN_POINT ( 'NONE',  ( 0.1499999999999999700, 0.3300000000000000200, -0.1499999999999999100 ) ) ;
#1275 = DIRECTION ( 'NONE',  ( 0.0000000000000000000, 0.0000000000000000000, -1.000000000000000000 ) ) ;
#1276 = LINE ( 'NONE', #1486, #1104 ) ;
#1277 = CIRCLE ( 'NONE', #178, 0.01499999999999998600 ) ;
#1278 = CARTESIAN_POINT ( 'NONE',  ( 0.0000000000000000000, 0.3149999999999999500, -1.177667877010117200E-016 ) ) ;
#1279 = DIRECTION ( 'NONE',  ( 9.035018104045873200E-017, 0.0000000000000000000, -1.000000000000000000 ) ) ;
#1280 = DIRECTION ( 'NONE',  ( 0.0000000000000000000, -0.0000000000000000000, 1.000000000000000000 ) ) ;
#1281 = ORIENTED_EDGE ( 'NONE', *, *, #668, .T. ) ;
#1282 = AXIS2_PLACEMENT_3D ( 'NONE', #582, #1061, #1041 ) ;
#1283 = CARTESIAN_POINT ( 'NONE',  ( 500000.0000000000600, 0.3149999999999998900, -0.1450000000433679700 ) ) ;
#1284 = DIRECTION ( 'NONE',  ( 0.0000000000000000000, 0.0000000000000000000, 1.000000000000000000 ) ) ;
#1285 = PLANE ( 'NONE',  #965 ) ;
#1286 = CIRCLE ( 'NONE', #1379, 0.01499999999999999900 ) ;
#1287 = ORIENTED_EDGE ( 'NONE', *, *, #35, .F. ) ;
#1288 = CARTESIAN_POINT ( 'NONE',  ( -0.07499999999999998300, -0.001000000000000024300, -0.05999999999999996300 ) ) ;
#1289 = ORIENTED_EDGE ( 'NONE', *, *, #47, .T. ) ;
#1290 = PLANE ( 'NONE',  #1212 ) ;
#1291 = AXIS2_PLACEMENT_3D ( 'NONE', #892, #308, #1155 ) ;
#1292 = CARTESIAN_POINT ( 'NONE',  ( -0.3000000000000000400, 0.3150000000000000000, -0.1349999999999999300 ) ) ;
#1293 = ORIENTED_EDGE ( 'NONE', *, *, #1269, .F. ) ;
#1294 = EDGE_CURVE ( 'NONE', #585, #1448, #1312, .T. ) ;
#1295 = ADVANCED_FACE ( 'NONE', ( #874 ), #1351, .T. ) ;
#1296 = CARTESIAN_POINT ( 'NONE',  ( -0.2850000000000000300, 0.3150000000000000000, -0.1499999999999999400 ) ) ;
#1297 = CYLINDRICAL_SURFACE ( 'NONE', #1459, 0.01499999999999998600 ) ;
#1298 = DIRECTION ( 'NONE',  ( 0.0000000000000000000, -1.000000000000000000, 0.0000000000000000000 ) ) ;
#1299 = VECTOR ( 'NONE', #853, 1000.000000000000000 ) ;
#1300 = DIRECTION ( 'NONE',  ( 0.0000000000000000000, 0.0000000000000000000, 1.000000000000000000 ) ) ;
#1301 = AXIS2_PLACEMENT_3D ( 'NONE', #182, #290, #430 ) ;
#1302 = DIRECTION ( 'NONE',  ( 0.0000000000000000000, 0.0000000000000000000, 1.000000000000000000 ) ) ;
#1303 = EDGE_CURVE ( 'NONE', #1248, #585, #173, .T. ) ;
#1304 = VERTEX_POINT ( 'NONE', #422 ) ;
#1305 = CARTESIAN_POINT ( 'NONE',  ( -0.1499999999999999700, 0.3150000000000000000, 0.1349999999999999800 ) ) ;
#1306 = EDGE_LOOP ( 'NONE', ( #651, #910, #442, #167 ) ) ;
#1307 = ADVANCED_FACE ( 'NONE', ( #1393 ), #1408, .T. ) ;
#1308 = EDGE_CURVE ( 'NONE', #1304, #1188, #1286, .T. ) ;
#1309 = AXIS2_PLACEMENT_3D ( 'NONE', #1102, #389, #975 ) ;
#1310 = PRODUCT_CONTEXT ( 'NONE', #386, 'mechanical' ) ;
#1311 = DIRECTION ( 'NONE',  ( 0.0000000000000000000, 1.000000000000000000, 0.0000000000000000000 ) ) ;
#1312 = CIRCLE ( 'NONE', #1485, 0.009999999999999998500 ) ;
#1313 = ORIENTED_EDGE ( 'NONE', *, *, #1017, .T. ) ;
#1314 = ORIENTED_EDGE ( 'NONE', *, *, #154, .T. ) ;
#1315 = DIRECTION ( 'NONE',  ( 0.0000000000000000000, 1.000000000000000000, 0.0000000000000000000 ) ) ;
#1316 = ADVANCED_FACE ( 'NONE', ( #62 ), #316, .F. ) ;
#1317 = ORIENTED_EDGE ( 'NONE', *, *, #154, .F. ) ;
#1318 = VERTEX_POINT ( 'NONE', #86 ) ;
#1319 = DIRECTION ( 'NONE',  ( 0.0000000000000000000, 1.000000000000000000, 0.0000000000000000000 ) ) ;
#1320 = CYLINDRICAL_SURFACE ( 'NONE', #56, 0.01499999999999998600 ) ;
#1321 = LINE ( 'NONE', #839, #896 ) ;
#1322 = CARTESIAN_POINT ( 'NONE',  ( -0.2850000000000000300, 0.01499999999999998600, -0.1499999999999999400 ) ) ;
#1323 = DIRECTION ( 'NONE',  ( 1.000000000000000000, 0.0000000000000000000, -8.673617379884036700E-017 ) ) ;
#1324 = FACE_OUTER_BOUND ( 'NONE', #1344, .T. ) ;
#1325 = CARTESIAN_POINT ( 'NONE',  ( -0.07499999999999999700, 0.3250000000000000100, 2.265596578422603300E-017 ) ) ;
#1326 = CARTESIAN_POINT ( 'NONE',  ( -0.2999999999999999300, 0.3300000000000000200, 0.1349999999999999500 ) ) ;
#1327 = EDGE_CURVE ( 'NONE', #87, #1496, #1374, .T. ) ;
#1328 = CARTESIAN_POINT ( 'NONE',  ( 0.2850000000000000300, 0.01499999999999998600, -0.1499999999999999400 ) ) ;
#1329 = CARTESIAN_POINT ( 'NONE',  ( 0.2850000000000000300, 0.3150000000000000000, -0.1349999999999999300 ) ) ;
#1330 = ORIENTED_EDGE ( 'NONE', *, *, #1473, .F. ) ;
#1331 = CARTESIAN_POINT ( 'NONE',  ( -0.2849999999999999200, 0.3300000000000000200, 0.1499999999999999900 ) ) ;
#1332 = ORIENTED_EDGE ( 'NONE', *, *, #301, .F. ) ;
#1333 = MANIFOLD_SOLID_BREP ( 'Fillet1', #509 ) ;
#1334 =( NAMED_UNIT ( * ) PLANE_ANGLE_UNIT ( ) SI_UNIT ( $, .RADIAN. ) );
#1335 = EDGE_CURVE ( 'NONE', #1248, #710, #1145, .T. ) ;
#1336 = CARTESIAN_POINT ( 'NONE',  ( 0.3000000000000000400, 0.01499999999999998600, -0.1499999999999999400 ) ) ;
#1337 = ORIENTED_EDGE ( 'NONE', *, *, #1294, .F. ) ;
#1338 = CARTESIAN_POINT ( 'NONE',  ( -0.1499999999999999700, 0.3150000000000000000, 0.1449999999999999600 ) ) ;
#1339 = AXIS2_PLACEMENT_3D ( 'NONE', #1158, #102, #1036 ) ;
#1340 = FACE_OUTER_BOUND ( 'NONE', #943, .T. ) ;
#1341 = LINE ( 'NONE', #21, #1299 ) ;
#1342 = CARTESIAN_POINT ( 'NONE',  ( 0.1500000000191903400, 0.3149999999999998900, -0.1449999999999998800 ) ) ;
#1343 = DIRECTION ( 'NONE',  ( 1.000000000000000000, -0.0000000000000000000, 1.807003620809173200E-016 ) ) ;
#1344 = EDGE_LOOP ( 'NONE', ( #41, #774, #436, #1475, #1177, #502 ) ) ;
#1345 =( NAMED_UNIT ( * ) SI_UNIT ( $, .STERADIAN. ) SOLID_ANGLE_UNIT ( ) );
#1346 = DIRECTION ( 'NONE',  ( 1.000000000000000000, 0.0000000000000000000, -1.807003620809173200E-016 ) ) ;
#1347 = AXIS2_PLACEMENT_3D ( 'NONE', #206, #909, #561 ) ;
#1348 = PRODUCT_DEFINITION_SHAPE ( 'NONE', 'NONE',  #70 ) ;
#1349 = DIRECTION ( 'NONE',  ( 1.807003620809173200E-016, 0.0000000000000000000, 1.000000000000000000 ) ) ;
#1350 = ORIENTED_EDGE ( 'NONE', *, *, #513, .T. ) ;
#1351 = CYLINDRICAL_SURFACE ( 'NONE', #1291, 0.01499999999999999900 ) ;
#1352 = VERTEX_POINT ( 'NONE', #795 ) ;
#1353 = DIRECTION ( 'NONE',  ( -3.614007241618349300E-016, 0.0000000000000000000, -1.000000000000000000 ) ) ;
#1354 = UNCERTAINTY_MEASURE_WITH_UNIT (LENGTH_MEASURE( 1.000000000000000100E-005 ), #317, 'distance_accuracy_value', 'NONE');
#1355 = DIRECTION ( 'NONE',  ( 0.0000000000000000000, -1.000000000000000000, 0.0000000000000000000 ) ) ;
#1356 = VERTEX_POINT ( 'NONE', #908 ) ;
#1357 = ORIENTED_EDGE ( 'NONE', *, *, #1163, .T. ) ;
#1358 = EDGE_CURVE ( 'NONE', #332, #101, #428, .T. ) ;
#1359 = DIRECTION ( 'NONE',  ( 1.807003620809175400E-016, 0.0000000000000000000, -1.000000000000000000 ) ) ;
#1360 = VECTOR ( 'NONE', #1070, 1000.000000000000000 ) ;
#1361 = VECTOR ( 'NONE', #1279, 1000.000000000000000 ) ;
#1362 = EDGE_CURVE ( 'NONE', #964, #1268, #1063, .T. ) ;
#1363 = CARTESIAN_POINT ( 'NONE',  ( 500000.0000000000600, 0.3150000000000000000, 0.1349999999566318900 ) ) ;
#1364 = CYLINDRICAL_SURFACE ( 'NONE', #385, 0.009999999999999998500 ) ;
#1365 = VECTOR ( 'NONE', #672, 1000.000000000000000 ) ;
#1366 = ORIENTED_EDGE ( 'NONE', *, *, #988, .T. ) ;
#1367 = DIRECTION ( 'NONE',  ( 0.0000000000000000000, 0.0000000000000000000, 1.000000000000000000 ) ) ;
#1368 = EDGE_LOOP ( 'NONE', ( #1262, #966, #1006, #601 ) ) ;
#1369 = CARTESIAN_POINT ( 'NONE',  ( -0.2849999999999999200, 0.01499999999999998600, 0.1499999999999999900 ) ) ;
#1370 = CARTESIAN_POINT ( 'NONE',  ( -0.2849999999999999800, 0.0000000000000000000, 1.029992063861229600E-016 ) ) ;
#1371 = SPHERICAL_SURFACE ( 'NONE', #1083, 0.01499999999999999900 ) ;
#1372 = AXIS2_PLACEMENT_3D ( 'NONE', #1452, #705, #940 ) ;
#1373 = CARTESIAN_POINT ( 'NONE',  ( -0.07499999999999999700, 0.3149999999999999500, 0.06000000000000000500 ) ) ;
#1374 = LINE ( 'NONE', #647, #420 ) ;
#1375 = ORIENTED_EDGE ( 'NONE', *, *, #184, .T. ) ;
#1376 = DIRECTION ( 'NONE',  ( -9.035018104045873200E-017, -0.0000000000000000000, -1.000000000000000000 ) ) ;
#1377 = FACE_BOUND ( 'NONE', #1228, .T. ) ;
#1378 = DIRECTION ( 'NONE',  ( -1.000000000000000000, 0.0000000000000000000, 0.0000000000000000000 ) ) ;
#1379 = AXIS2_PLACEMENT_3D ( 'NONE', #1257, #1251, #531 ) ;
#1380 = FACE_OUTER_BOUND ( 'NONE', #146, .T. ) ;
#1381 = EDGE_CURVE ( 'NONE', #780, #472, #1461, .T. ) ;
#1382 = CARTESIAN_POINT ( 'NONE',  ( 0.3000000000000000400, 0.3300000000000000200, -0.1349999999999999300 ) ) ;
#1383 = VERTEX_POINT ( 'NONE', #312 ) ;
#1384 = ORIENTED_EDGE ( 'NONE', *, *, #890, .T. ) ;
#1385 = CARTESIAN_POINT ( 'NONE',  ( 0.2849999999999999200, 0.01499999999999999900, 0.1349999999999999800 ) ) ;
#1386 = VECTOR ( 'NONE', #997, 1000.000000000000000 ) ;
#1387 = EDGE_CURVE ( 'NONE', #452, #1352, #807, .T. ) ;
#1388 = PLANE ( 'NONE',  #756 ) ;
#1389 = CYLINDRICAL_SURFACE ( 'NONE', #1114, 0.01499999999999998600 ) ;
#1390 = ORIENTED_EDGE ( 'NONE', *, *, #1515, .F. ) ;
#1391 = DIRECTION ( 'NONE',  ( -9.035018104045873200E-017, 0.0000000000000000000, 1.000000000000000000 ) ) ;
#1392 = DIRECTION ( 'NONE',  ( 0.0000000000000000000, 0.0000000000000000000, 1.000000000000000000 ) ) ;
#1393 = FACE_OUTER_BOUND ( 'NONE', #419, .T. ) ;
#1394 = DIRECTION ( 'NONE',  ( -1.000000000000000000, -0.0000000000000000000, -0.0000000000000000000 ) ) ;
#1395 = CARTESIAN_POINT ( 'NONE',  ( 0.2850000000000000300, 0.3300000000000000200, -0.1499999999999999400 ) ) ;
#1396 = ORIENTED_EDGE ( 'NONE', *, *, #1105, .F. ) ;
#1397 = CARTESIAN_POINT ( 'NONE',  ( 500000.0000000000600, 0.3250000000000000100, -0.1350000000433679600 ) ) ;
#1398 = CARTESIAN_POINT ( 'NONE',  ( -0.1499999999999999700, 0.01500000000000009300, 0.1449999999999999900 ) ) ;
#1399 = ORIENTED_EDGE ( 'NONE', *, *, #1358, .T. ) ;
#1400 = LINE ( 'NONE', #1288, #235 ) ;
#1401 = FACE_OUTER_BOUND ( 'NONE', #929, .T. ) ;
#1402 = DIRECTION ( 'NONE',  ( -1.000000000000000000, -0.0000000000000000000, 8.673617379884036700E-017 ) ) ;
#1403 = CIRCLE ( 'NONE', #501, 0.05999999999999998400 ) ;
#1404 = CARTESIAN_POINT ( 'NONE',  ( 0.1500000000191903400, 0.01499999999999998600, 0.1349999999999999800 ) ) ;
#1405 = ORIENTED_EDGE ( 'NONE', *, *, #529, .F. ) ;
#1406 = CARTESIAN_POINT ( 'NONE',  ( 0.1499999999999999700, 0.0000000000000000000, -0.1499999999999999100 ) ) ;
#1407 = ORIENTED_EDGE ( 'NONE', *, *, #1236, .F. ) ;
#1408 = PLANE ( 'NONE',  #396 ) ;
#1409 = DIRECTION ( 'NONE',  ( 1.000000000000000000, 0.0000000000000000000, -8.673617379884036700E-017 ) ) ;
#1410 = VECTOR ( 'NONE', #1258, 1000.000000000000000 ) ;
#1411 = ORIENTED_EDGE ( 'NONE', *, *, #537, .F. ) ;
#1412 = CARTESIAN_POINT ( 'NONE',  ( 2.439454888092381300E-017, 0.0000000000000000000, -0.1349999999999998700 ) ) ;
#1413 = EDGE_CURVE ( 'NONE', #1097, #921, #487, .T. ) ;
#1414 = DIRECTION ( 'NONE',  ( 0.0000000000000000000, 0.0000000000000000000, 1.000000000000000000 ) ) ;
#1415 = CARTESIAN_POINT ( 'NONE',  ( -0.07499999999999999700, 0.3149999999999999500, 2.265596578422603300E-017 ) ) ;
#1416 = FACE_OUTER_BOUND ( 'NONE', #735, .T. ) ;
#1417 = VECTOR ( 'NONE', #1001, 1000.000000000000000 ) ;
#1418 = CARTESIAN_POINT ( 'NONE',  ( -0.1499999999999999400, 0.01499999999999998600, 0.1349999999999999800 ) ) ;
#1419 = VECTOR ( 'NONE', #650, 1000.000000000000000 ) ;
#1420 = EDGE_CURVE ( 'NONE', #1496, #1101, #449, .T. ) ;
#1421 = PLANE ( 'NONE',  #632 ) ;
#1422 = ORIENTED_EDGE ( 'NONE', *, *, #1445, .T. ) ;
#1423 = DIRECTION ( 'NONE',  ( -1.000000000000000000, 0.0000000000000000000, 0.0000000000000000000 ) ) ;
#1424 = ORIENTED_EDGE ( 'NONE', *, *, #1362, .F. ) ;
#1425 = ORIENTED_EDGE ( 'NONE', *, *, #675, .F. ) ;
#1426 = DIRECTION ( 'NONE',  ( 1.000000000000000000, 0.0000000000000000000, 0.0000000000000000000 ) ) ;
#1427 = AXIS2_PLACEMENT_3D ( 'NONE', #1058, #1298, #935 ) ;
#1428 = LINE ( 'NONE', #304, #605 ) ;
#1429 = CARTESIAN_POINT ( 'NONE',  ( 0.2849999999999999200, 0.3150000000000000000, 0.1349999999999999800 ) ) ;
#1430 = SURFACE_STYLE_FILL_AREA ( #276 ) ;
#1431 = ORIENTED_EDGE ( 'NONE', *, *, #810, .F. ) ;
#1432 = DIRECTION ( 'NONE',  ( 0.0000000000000000000, -1.000000000000000000, 0.0000000000000000000 ) ) ;
#1433 = ORIENTED_EDGE ( 'NONE', *, *, #815, .F. ) ;
#1434 = CARTESIAN_POINT ( 'NONE',  ( -0.2999999999999999300, 0.3150000000000000000, 0.1499999999999999900 ) ) ;
#1435 = AXIS2_PLACEMENT_3D ( 'NONE', #104, #1280, #1045 ) ;
#1436 = UNCERTAINTY_MEASURE_WITH_UNIT (LENGTH_MEASURE( 1.000000000000000100E-005 ), #58, 'distance_accuracy_value', 'NONE');
#1437 = ORIENTED_EDGE ( 'NONE', *, *, #1079, .T. ) ;
#1438 = DIRECTION ( 'NONE',  ( 0.0000000000000000000, -1.000000000000000000, 0.0000000000000000000 ) ) ;
#1439 = VECTOR ( 'NONE', #116, 1000.000000000000000 ) ;
#1440 = SPHERICAL_SURFACE ( 'NONE', #1010, 0.01499999999999999900 ) ;
#1441 = CARTESIAN_POINT ( 'NONE',  ( 0.0000000000000000000, 0.3150000000000000000, 0.1349999999999999800 ) ) ;
#1442 = ADVANCED_FACE ( 'NONE', ( #1416 ), #1084, .T. ) ;
#1443 = LINE ( 'NONE', #1331, #1256 ) ;
#1444 = SPHERICAL_SURFACE ( 'NONE', #968, 0.01499999999999999900 ) ;
#1445 = EDGE_CURVE ( 'NONE', #721, #856, #1187, .T. ) ;
#1446 = ORIENTED_EDGE ( 'NONE', *, *, #619, .F. ) ;
#1447 =( NAMED_UNIT ( * ) PLANE_ANGLE_UNIT ( ) SI_UNIT ( $, .RADIAN. ) );
#1448 = VERTEX_POINT ( 'NONE', #556 ) ;
#1449 = EDGE_CURVE ( 'NONE', #472, #1034, #843, .T. ) ;
#1450 = DIRECTION ( 'NONE',  ( -1.000000000000000000, 0.0000000000000000000, 0.0000000000000000000 ) ) ;
#1451 = ADVANCED_FACE ( 'NONE', ( #504 ), #576, .T. ) ;
#1452 = CARTESIAN_POINT ( 'NONE',  ( 0.2850000000000000300, 0.01499999999999999900, -0.1349999999999999300 ) ) ;
#1453 = LINE ( 'NONE', #973, #740 ) ;
#1454 = ORIENTED_EDGE ( 'NONE', *, *, #331, .T. ) ;
#1455 = CARTESIAN_POINT ( 'NONE',  ( 0.2850000000000000300, 0.01499999999999998600, -0.1349999999999999300 ) ) ;
#1456 = CARTESIAN_POINT ( 'NONE',  ( -0.1499999999999999700, 0.3149999999999998900, -0.1449999999999998800 ) ) ;
#1457 = ORIENTED_EDGE ( 'NONE', *, *, #266, .F. ) ;
#1458 = ADVANCED_FACE ( 'NONE', ( #708 ), #1440, .T. ) ;
#1459 = AXIS2_PLACEMENT_3D ( 'NONE', #344, #112, #1050 ) ;
#1460 = ORIENTED_EDGE ( 'NONE', *, *, #1308, .T. ) ;
#1461 = LINE ( 'NONE', #599, #1479 ) ;
#1462 = CYLINDRICAL_SURFACE ( 'NONE', #220, 0.01499999999999999900 ) ;
#1463 = CARTESIAN_POINT ( 'NONE',  ( 0.3000000000000000400, 0.3150000000000000000, -0.1499999999999999400 ) ) ;
#1464 = ORIENTED_EDGE ( 'NONE', *, *, #412, .T. ) ;
#1465 = EDGE_LOOP ( 'NONE', ( #221, #321, #383 ) ) ;
#1466 = ORIENTED_EDGE ( 'NONE', *, *, #1170, .T. ) ;
#1467 = AXIS2_PLACEMENT_3D ( 'NONE', #368, #654, #218 ) ;
#1468 = EDGE_CURVE ( 'NONE', #87, #472, #555, .T. ) ;
#1469 = SPHERICAL_SURFACE ( 'NONE', #170, 0.01499999999999999900 ) ;
#1470 = CARTESIAN_POINT ( 'NONE',  ( -0.1499999999999999700, 0.004999999999999979300, 0.1349999999999999800 ) ) ;
#1471 = CIRCLE ( 'NONE', #390, 0.01499999999999999900 ) ;
#1472 = CLOSED_SHELL ( 'NONE', ( #604, #695, #961, #353, #224, #337, #125, #134, #812, #1458, #24, #256, #1049, #1442, #820, #362, #723, #594 ) ) ;
#1473 = EDGE_CURVE ( 'NONE', #523, #1356, #1506, .T. ) ;
#1474 = DIRECTION ( 'NONE',  ( -1.000000000000000000, 0.0000000000000000000, 3.614007241618346800E-016 ) ) ;
#1475 = ORIENTED_EDGE ( 'NONE', *, *, #234, .F. ) ;
#1476 = DIRECTION ( 'NONE',  ( -1.000000000000000000, 0.0000000000000000000, -0.0000000000000000000 ) ) ;
#1477 = AXIS2_PLACEMENT_3D ( 'NONE', #525, #783, #533 ) ;
#1478 = FACE_OUTER_BOUND ( 'NONE', #350, .T. ) ;
#1479 = VECTOR ( 'NONE', #593, 1000.000000000000000 ) ;
#1480 = FACE_OUTER_BOUND ( 'NONE', #867, .T. ) ;
#1481 = EDGE_LOOP ( 'NONE', ( #676, #1272, #474 ) ) ;
#1482 = DIRECTION ( 'NONE',  ( -1.000000000000000000, 0.0000000000000000000, -1.807003620809173200E-016 ) ) ;
#1483 = ORIENTED_EDGE ( 'NONE', *, *, #913, .F. ) ;
#1484 = ORIENTED_EDGE ( 'NONE', *, *, #2, .T. ) ;
#1485 = AXIS2_PLACEMENT_3D ( 'NONE', #539, #205, #303 ) ;
#1486 = CARTESIAN_POINT ( 'NONE',  ( 0.3000000000000000400, 0.3300000000000000200, -0.1349999999999999300 ) ) ;
#1487 = ORIENTED_EDGE ( 'NONE', *, *, #1413, .F. ) ;
#1488 = CARTESIAN_POINT ( 'NONE',  ( 0.2849999999999999200, 0.3300000000000000200, 0.1499999999999999900 ) ) ;
#1489 = DIRECTION ( 'NONE',  ( 0.0000000000000000000, 0.0000000000000000000, -1.000000000000000000 ) ) ;
#1490 = ORIENTED_EDGE ( 'NONE', *, *, #734, .T. ) ;
#1491 =( NAMED_UNIT ( * ) SI_UNIT ( $, .STERADIAN. ) SOLID_ANGLE_UNIT ( ) );
#1492 = FACE_OUTER_BOUND ( 'NONE', #1157, .T. ) ;
#1493 = LINE ( 'NONE', #197, #1365 ) ;
#1494 = ORIENTED_EDGE ( 'NONE', *, *, #815, .T. ) ;
#1495 = DIRECTION ( 'NONE',  ( 1.000000000000000000, 0.0000000000000000000, 9.035018104045873200E-017 ) ) ;
#1496 = VERTEX_POINT ( 'NONE', #919 ) ;
#1497 = CARTESIAN_POINT ( 'NONE',  ( 500000.0000000000600, 0.01499999999999998600, -0.1350000000433679600 ) ) ;
#1498 = EDGE_CURVE ( 'NONE', #553, #192, #518, .T. ) ;
#1499 = PLANE ( 'NONE',  #922 ) ;
#1500 = AXIS2_PLACEMENT_3D ( 'NONE', #44, #1349, #151 ) ;
#1501 = CARTESIAN_POINT ( 'NONE',  ( 0.2850000000000000300, 0.3150000000000000000, -0.1349999999999999300 ) ) ;
#1502 = CYLINDRICAL_SURFACE ( 'NONE', #733, 0.05999999999999998400 ) ;
#1503 = EDGE_LOOP ( 'NONE', ( #1332, #1522 ) ) ;
#1504 = ORIENTED_EDGE ( 'NONE', *, *, #1128, .T. ) ;
#1505 = CIRCLE ( 'NONE', #318, 0.01499999999999998600 ) ;
#1506 = CIRCLE ( 'NONE', #610, 0.01499999999999998600 ) ;
#1507 = CARTESIAN_POINT ( 'NONE',  ( 500000.0000000000600, 0.3150000000000000000, 0.1449999999566319000 ) ) ;
#1508 = FACE_OUTER_BOUND ( 'NONE', #1224, .T. ) ;
#1509 = CARTESIAN_POINT ( 'NONE',  ( -0.1499999999999999700, 0.3150000000000000000, 0.1449999999999999600 ) ) ;
#1510 = VECTOR ( 'NONE', #1263, 1000.000000000000000 ) ;
#1511 = DIRECTION ( 'NONE',  ( -9.035018104045873200E-017, -0.0000000000000000000, -1.000000000000000000 ) ) ;
#1512 = EDGE_LOOP ( 'NONE', ( #1181, #888, #615, #663 ) ) ;
#1513 = ORIENTED_EDGE ( 'NONE', *, *, #588, .F. ) ;
#1514 = ADVANCED_BREP_SHAPE_REPRESENTATION ( 'LQP03TG1N4B02D', ( #1333, #1229, #242, #977, #1467 ), #295 ) ;
#1515 = EDGE_CURVE ( 'NONE', #1383, #1188, #391, .T. ) ;
#1516 = CARTESIAN_POINT ( 'NONE',  ( -0.1499999999999999400, 0.01499999999999998600, 0.1499999999999999900 ) ) ;
#1517 = SURFACE_SIDE_STYLE ('',( #264 ) ) ;
#1518 = DIRECTION ( 'NONE',  ( -1.000000000000000000, 0.0000000000000000000, -1.807003620809173200E-016 ) ) ;
#1519 = EDGE_CURVE ( 'NONE', #1125, #1034, #1321, .T. ) ;
#1520 = DIRECTION ( 'NONE',  ( -1.000000000000000000, 0.0000000000000000000, 0.0000000000000000000 ) ) ;
#1521 = DIRECTION ( 'NONE',  ( -0.0000000000000000000, -1.000000000000000000, -0.0000000000000000000 ) ) ;
#1522 = ORIENTED_EDGE ( 'NONE', *, *, #156, .F. ) ;
#1523 = ORIENTED_EDGE ( 'NONE', *, *, #699, .F. ) ;
#1524 = VECTOR ( 'NONE', #830, 1000.000000000000000 ) ;
#1525 = CYLINDRICAL_SURFACE ( 'NONE', #158, 0.01499999999999998600 ) ;
#1526 = CARTESIAN_POINT ( 'NONE',  ( 0.2999999999999999300, 0.3150000000000000000, 0.1499999999999999900 ) ) ;
#1527 = VECTOR ( 'NONE', #545, 1000.000000000000000 ) ;
#1528 = CARTESIAN_POINT ( 'NONE',  ( 0.2849999999999999200, 0.3150000000000000000, 0.1349999999999999800 ) ) ;
#1529 = ORIENTED_EDGE ( 'NONE', *, *, #207, .F. ) ;
#1530 = DIRECTION ( 'NONE',  ( 0.0000000000000000000, 0.0000000000000000000, -1.000000000000000000 ) ) ;
#1531 = CARTESIAN_POINT ( 'NONE',  ( -0.07499999999999999700, 0.3250000000000000100, 0.06000000000000000500 ) ) ;
#1532 = ORIENTED_EDGE ( 'NONE', *, *, #1515, .T. ) ;
#1533 = DIRECTION ( 'NONE',  ( 1.000000000000000000, 0.0000000000000000000, 0.0000000000000000000 ) ) ;
ENDSEC;
END-ISO-10303-21;
