ISO-10303-21;
HEADER;
/* Generated by software containing ST-Developer
 * from STEP Tools, Inc. (www.steptools.com) 
 */

FILE_DESCRIPTION(
/* description */ (''),
/* implementation_level */ '2;1');

FILE_NAME(
/* name */ '2 Axis Thumbstick v2.step',
/* time_stamp */ '2023-08-02T11:08:48+02:00',
/* author */ (''),
/* organization */ (''),
/* preprocessor_version */ 'ST-DEVELOPER v19.2',
/* originating_system */ 'Autodesk Translation Framework v12.6.0.85',
/* authorisation */ '');

FILE_SCHEMA (('AUTOMOTIVE_DESIGN { 1 0 10303 214 3 1 1 }'));
ENDSEC;

DATA;
#10=MECHANICAL_DESIGN_GEOMETRIC_PRESENTATION_REPRESENTATION('',(#105,#106,
#107,#108,#109,#110,#111,#112,#113,#114),#17919);
#11=SHAPE_REPRESENTATION_RELATIONSHIP('SRR','None',#17926,#12);
#12=ADVANCED_BREP_SHAPE_REPRESENTATION('',(#115,#116,#117,#118,#119,#120,
#121,#122,#123,#124),#17918);
#13=B_SPLINE_SURFACE_WITH_KNOTS('',3,3,((#15222,#15223,#15224,#15225),(#15226,
#15227,#15228,#15229),(#15230,#15231,#15232,#15233),(#15234,#15235,#15236,
#15237),(#15238,#15239,#15240,#15241)),.UNSPECIFIED.,.F.,.F.,.F.,(4,1,4),
(4,4),(0.,0.571428571428571,1.),(0.325009997380654,0.40001),
 .UNSPECIFIED.);
#14=B_SPLINE_SURFACE_WITH_KNOTS('',3,3,((#15276,#15277,#15278,#15279),(#15280,
#15281,#15282,#15283),(#15284,#15285,#15286,#15287),(#15288,#15289,#15290,
#15291),(#15292,#15293,#15294,#15295)),.UNSPECIFIED.,.F.,.F.,.F.,(4,1,4),
(4,4),(0.,0.571428571428571,1.),(0.049999999126884,0.125000000873114),
 .UNSPECIFIED.);
#15=B_SPLINE_SURFACE_WITH_KNOTS('',3,3,((#15305,#15306,#15307,#15308),(#15309,
#15310,#15311,#15312),(#15313,#15314,#15315,#15316),(#15317,#15318,#15319,
#15320),(#15321,#15322,#15323,#15324)),.UNSPECIFIED.,.F.,.F.,.F.,(4,1,4),
(4,4),(0.,0.571428571428571,1.),(0.0500000019907016,0.250000000139699),
 .UNSPECIFIED.);
#16=B_SPLINE_SURFACE_WITH_KNOTS('',3,3,((#15347,#15348,#15349,#15350),(#15351,
#15352,#15353,#15354),(#15355,#15356,#15357,#15358),(#15359,#15360,#15361,
#15362),(#15363,#15364,#15365,#15366)),.UNSPECIFIED.,.F.,.F.,.F.,(4,1,4),
(4,4),(0.,0.571428571428571,1.),(0.324999997380654,0.4),.UNSPECIFIED.);
#17=B_SPLINE_CURVE_WITH_KNOTS('',3,(#14372,#14373,#14374,#14375,#14376,
#14377,#14378,#14379,#14380,#14381,#14382,#14383,#14384,#14385),
 .UNSPECIFIED.,.F.,.F.,(4,2,2,2,2,2,4),(-0.000313743295531103,0.,0.00963863917259501,
0.0191819847136608,0.0354028918056162,0.0505810731790585,0.0652939422264102),
 .UNSPECIFIED.);
#18=B_SPLINE_CURVE_WITH_KNOTS('',3,(#14388,#14389,#14390,#14391,#14392,
#14393,#14394,#14395,#14396,#14397,#14398,#14399,#14400,#14401),
 .UNSPECIFIED.,.F.,.F.,(4,2,2,2,2,2,4),(-0.0654284286635086,-0.0651155425943378,
-0.0555032386317744,-0.0459859679343338,-0.0298093804799792,-0.0146726697526669,
0.),.UNSPECIFIED.);
#19=B_SPLINE_CURVE_WITH_KNOTS('',3,(#14406,#14407,#14408,#14409,#14410,
#14411,#14412,#14413,#14414,#14415,#14416,#14417,#14418,#14419),
 .UNSPECIFIED.,.F.,.F.,(4,2,2,2,2,2,4),(-0.065428428663512,-0.0651155425943408,
-0.0555032386317762,-0.045985967934335,-0.0298093804799798,-0.014672669752667,
0.),.UNSPECIFIED.);
#20=B_SPLINE_CURVE_WITH_KNOTS('',3,(#14425,#14426,#14427,#14428,#14429,
#14430,#14431,#14432,#14433,#14434,#14435,#14436,#14437,#14438),
 .UNSPECIFIED.,.F.,.F.,(4,2,2,2,2,2,4),(-0.00031374329553167,0.,0.00963863917260821,
0.0191819847136897,0.0354028918056715,0.0505810731791378,0.0652939422265134),
 .UNSPECIFIED.);
#21=B_SPLINE_CURVE_WITH_KNOTS('',3,(#14507,#14508,#14509,#14510,#14511,
#14512,#14513),.UNSPECIFIED.,.F.,.F.,(4,3,4),(0.,0.0224978992023915,0.0524950981389136),
 .UNSPECIFIED.);
#22=B_SPLINE_CURVE_WITH_KNOTS('',3,(#14533,#14534,#14535,#14536,#14537,
#14538,#14539),.UNSPECIFIED.,.F.,.F.,(4,3,4),(0.,0.0224978944175092,0.0524950869741882),
 .UNSPECIFIED.);
#23=B_SPLINE_CURVE_WITH_KNOTS('',3,(#14636,#14637,#14638,#14639,#14640,
#14641,#14642),.UNSPECIFIED.,.F.,.F.,(4,3,4),(0.,0.0299971838568919,0.0524950717495608),
 .UNSPECIFIED.);
#24=B_SPLINE_CURVE_WITH_KNOTS('',3,(#14679,#14680,#14681,#14682,#14683,
#14684,#14685),.UNSPECIFIED.,.F.,.F.,(4,3,4),(0.,0.0224978861527113,0.0524950676896598),
 .UNSPECIFIED.);
#25=B_SPLINE_CURVE_WITH_KNOTS('',3,(#15245,#15246,#15247,#15248,#15249,
#15250,#15251),.UNSPECIFIED.,.F.,.F.,(4,3,4),(0.,0.0299971971965649,0.0524950950939885),
 .UNSPECIFIED.);
#26=B_SPLINE_CURVE_WITH_KNOTS('',3,(#15252,#15253,#15254,#15255),
 .UNSPECIFIED.,.F.,.F.,(4,4),(0.325009999126884,0.40001),.UNSPECIFIED.);
#27=B_SPLINE_CURVE_WITH_KNOTS('',3,(#15265,#15266,#15267,#15268),
 .UNSPECIFIED.,.F.,.F.,(4,4),(0.0500000017462298,0.125000000873114),
 .UNSPECIFIED.);
#28=B_SPLINE_CURVE_WITH_KNOTS('',3,(#15298,#15299,#15300,#15301,#15302,
#15303,#15304),.UNSPECIFIED.,.F.,.F.,(4,3,4),(0.,0.0299971908167216,0.0524950839292628),
 .UNSPECIFIED.);
#29=B_SPLINE_CURVE_WITH_KNOTS('',3,(#15327,#15328,#15329,#15330,#15331,
#15332,#15333),.UNSPECIFIED.,.F.,.F.,(4,3,4),(0.,0.0224978913725838,0.0524950798693623),
 .UNSPECIFIED.);
#30=B_SPLINE_CURVE_WITH_KNOTS('',3,(#15335,#15336,#15337,#15338),
 .UNSPECIFIED.,.F.,.F.,(4,4),(0.0500000046100479,0.250000000139699),
 .UNSPECIFIED.);
#31=B_SPLINE_CURVE_WITH_KNOTS('',3,(#15370,#15371,#15372,#15373,#15374,
#15375,#15376),.UNSPECIFIED.,.F.,.F.,(4,3,4),(0.,0.0299971797969908,0.0524950646447339),
 .UNSPECIFIED.);
#32=B_SPLINE_CURVE_WITH_KNOTS('',3,(#15377,#15378,#15379,#15380),
 .UNSPECIFIED.,.F.,.F.,(4,4),(0.324999999126883,0.4),.UNSPECIFIED.);
#33=B_SPLINE_CURVE_WITH_KNOTS('',3,(#16699,#16700,#16701,#16702,#16703,
#16704),.UNSPECIFIED.,.F.,.F.,(4,2,4),(0.274536133660354,0.276543475412641,
0.297218818753698),.UNSPECIFIED.);
#34=B_SPLINE_CURVE_WITH_KNOTS('',3,(#16705,#16706,#16707,#16708,#16709,
#16710),.UNSPECIFIED.,.F.,.F.,(4,2,4),(0.239620588403056,0.257418693787711,
0.274536133660354),.UNSPECIFIED.);
#35=B_SPLINE_CURVE_WITH_KNOTS('',3,(#16713,#16714,#16715,#16716,#16717,
#16718,#16719,#16720,#16721,#16722),.UNSPECIFIED.,.F.,.F.,(4,2,2,2,4),(0.0228767902239088,
0.0230143195050967,0.0445072485946231,0.0640692093750667,0.0817933983978344),
 .UNSPECIFIED.);
#36=B_SPLINE_CURVE_WITH_KNOTS('',3,(#16732,#16733,#16734,#16735),
 .UNSPECIFIED.,.F.,.F.,(4,4),(0.710069515934632,0.73556349307968),
 .UNSPECIFIED.);
#37=B_SPLINE_CURVE_WITH_KNOTS('',3,(#16738,#16739,#16740,#16741,#16742,
#16743,#16744,#16745,#16746,#16747),.UNSPECIFIED.,.F.,.F.,(4,2,2,2,4),(0.260752094374668,
0.272664137323621,0.290740151257545,0.310057450664597,0.310207688593781),
 .UNSPECIFIED.);
#38=B_SPLINE_CURVE_WITH_KNOTS('',3,(#16751,#16752,#16753,#16754,#16755,
#16756,#16757,#16758),.UNSPECIFIED.,.F.,.F.,(4,2,2,4),(0.0238553003547931,
0.0468333067140754,0.0693024098199476,0.0711756474564336),.UNSPECIFIED.);
#39=B_SPLINE_CURVE_WITH_KNOTS('',3,(#16762,#16763,#16764,#16765,#16766,
#16767),.UNSPECIFIED.,.F.,.F.,(4,2,4),(0.767538796899721,0.840152776481703,
0.863555977259276),.UNSPECIFIED.);
#40=B_SPLINE_CURVE_WITH_KNOTS('',3,(#16771,#16772,#16773,#16774,#16775,
#16776,#16777,#16778,#16779,#16780,#16781,#16782,#16783,#16784),
 .UNSPECIFIED.,.F.,.F.,(4,2,2,2,2,2,4),(0.275758219663128,0.279694481892111,
0.287036593187761,0.294313613627097,0.302141179183262,0.312411366679274,
0.349898827981609),.UNSPECIFIED.);
#41=B_SPLINE_CURVE_WITH_KNOTS('',3,(#16801,#16802,#16803,#16804,#16805,
#16806,#16807,#16808),.UNSPECIFIED.,.F.,.F.,(4,2,2,4),(0.304749494259554,
0.327476879263221,0.345551587216429,0.363428385457485),.UNSPECIFIED.);
#42=B_SPLINE_CURVE_WITH_KNOTS('',3,(#16811,#16812,#16813,#16814,#16815,
#16816,#16817,#16818),.UNSPECIFIED.,.F.,.F.,(4,2,2,4),(0.0262168282174722,
0.0510250133181158,0.0801498425942013,0.106850531886833),.UNSPECIFIED.);
#43=B_SPLINE_CURVE_WITH_KNOTS('',3,(#16828,#16829,#16830,#16831,#16832,
#16833),.UNSPECIFIED.,.F.,.F.,(4,2,4),(0.363082308435081,0.364580239227391,
0.364871118044628),.UNSPECIFIED.);
#44=B_SPLINE_CURVE_WITH_KNOTS('',3,(#16836,#16837,#16838,#16839,#16840,
#16841),.UNSPECIFIED.,.F.,.F.,(4,2,4),(0.306602540116491,0.328389364672961,
0.33573362855464),.UNSPECIFIED.);
#45=B_SPLINE_CURVE_WITH_KNOTS('',3,(#16847,#16848,#16849,#16850,#16851,
#16852,#16853,#16854),.UNSPECIFIED.,.F.,.F.,(4,2,2,4),(0.263240261511516,
0.289053060274208,0.316676286558279,0.340045308218861),.UNSPECIFIED.);
#46=B_SPLINE_CURVE_WITH_KNOTS('',3,(#16857,#16858,#16859,#16860,#16861,
#16862,#16863,#16864,#16865,#16866),.UNSPECIFIED.,.F.,.F.,(4,2,2,2,4),(0.0229452925542101,
0.0232361713714475,0.0416394426250004,0.0594270459258766,0.081213870482347),
 .UNSPECIFIED.);
#47=B_SPLINE_CURVE_WITH_KNOTS('',3,(#16885,#16886,#16887,#16888,#16889,
#16890,#16891,#16892,#16893,#16894,#16895,#16896),.UNSPECIFIED.,.F.,.F.,
(4,2,2,2,2,4),(0.676477070517191,0.71914512640862,0.738565986556018,0.74582493898702,
0.752600958190377,0.756863137702779),.UNSPECIFIED.);
#48=B_SPLINE_CURVE_WITH_KNOTS('',3,(#16899,#16900,#16901,#16902,#16903,
#16904),.UNSPECIFIED.,.F.,.F.,(4,2,4),(0.352522383124758,0.395197668572832,
0.445474704389877),.UNSPECIFIED.);
#49=B_SPLINE_CURVE_WITH_KNOTS('',3,(#16908,#16909,#16910,#16911,#16912,
#16913),.UNSPECIFIED.,.F.,.F.,(4,2,4),(0.264692977875173,0.282090876172838,
0.304005692253756),.UNSPECIFIED.);
#50=B_SPLINE_CURVE_WITH_KNOTS('',3,(#16917,#16918,#16919,#16920,#16921,
#16922,#16923,#16924,#16925,#16926),.UNSPECIFIED.,.F.,.F.,(4,2,2,2,4),(0.0225457575683551,
0.0229869935131482,0.0427980578133882,0.0609126204499735,0.0652969387036509),
 .UNSPECIFIED.);
#51=B_SPLINE_CURVE_WITH_KNOTS('',3,(#16930,#16931,#16932,#16933),
 .UNSPECIFIED.,.F.,.F.,(4,4),(0.475404824615878,0.566263667856735),
 .UNSPECIFIED.);
#52=B_SPLINE_CURVE_WITH_KNOTS('',3,(#16942,#16943,#16944,#16945,#16946,
#16947,#16948,#16949),.UNSPECIFIED.,.F.,.F.,(4,2,2,4),(0.239209682215033,
0.257037315178022,0.276280711895904,0.297036896576693),.UNSPECIFIED.);
#53=B_SPLINE_CURVE_WITH_KNOTS('',3,(#16952,#16953,#16954,#16955,#16956,
#16957,#16958,#16959,#16960,#16961),.UNSPECIFIED.,.F.,.F.,(4,2,2,2,4),(0.0228347598972427,
0.0230095182341344,0.0443751221926384,0.063798614621506,0.0814782923495852),
 .UNSPECIFIED.);
#54=B_SPLINE_CURVE_WITH_KNOTS('',3,(#16971,#16972,#16973,#16974),
 .UNSPECIFIED.,.F.,.F.,(4,4),(0.613785116606413,0.706553341313609),
 .UNSPECIFIED.);
#55=B_SPLINE_CURVE_WITH_KNOTS('',3,(#16978,#16979,#16980,#16981,#16982,
#16983),.UNSPECIFIED.,.F.,.F.,(4,2,4),(0.0487115985994368,0.058189859015287,
0.0804079076050449),.UNSPECIFIED.);
#56=B_SPLINE_CURVE_WITH_KNOTS('',3,(#16987,#16988,#16989,#16990),
 .UNSPECIFIED.,.F.,.F.,(4,4),(0.022140776437596,0.0240572308673526),
 .UNSPECIFIED.);
#57=B_SPLINE_CURVE_WITH_KNOTS('',3,(#16995,#16996,#16997,#16998,#16999,
#17000,#17001,#17002,#17003,#17004),.UNSPECIFIED.,.F.,.F.,(4,2,2,2,4),(0.266679442324695,
0.270808004405874,0.288924567562146,0.308332619895172,0.308486243468508),
 .UNSPECIFIED.);
#58=B_SPLINE_CURVE_WITH_KNOTS('',3,(#17008,#17009,#17010,#17011,#17012,
#17013),.UNSPECIFIED.,.F.,.F.,(4,2,4),(0.0237552698993624,0.0466273619654044,
0.0635810593853068),.UNSPECIFIED.);
#59=B_SPLINE_CURVE_WITH_KNOTS('',3,(#17017,#17018,#17019,#17020,#17021,
#17022),.UNSPECIFIED.,.F.,.F.,(4,2,4),(0.736131237276749,0.784851115890315,
0.827526401338389),.UNSPECIFIED.);
#60=B_SPLINE_CURVE_WITH_KNOTS('',3,(#17026,#17027,#17028,#17029,#17030,
#17031,#17032,#17033,#17034,#17035,#17036,#17037),.UNSPECIFIED.,.F.,.F.,
(4,2,2,2,2,4),(0.259244284787627,0.263506464300029,0.270282483503386,0.277541435934388,
0.296962296081786,0.339630351973215),.UNSPECIFIED.);
#61=B_SPLINE_CURVE_WITH_KNOTS('',3,(#17056,#17057,#17058,#17059,#17060,
#17061,#17062,#17063),.UNSPECIFIED.,.F.,.F.,(4,2,2,4),(0.297724679540719,
0.319942728130477,0.337977597756036,0.355991810708168),.UNSPECIFIED.);
#62=B_SPLINE_CURVE_WITH_KNOTS('',3,(#17066,#17067,#17068,#17069,#17070,
#17071,#17072,#17073),.UNSPECIFIED.,.F.,.F.,(4,2,2,4),(0.025957354047054,
0.0506062023461139,0.0789996027787171,0.104816926065483),.UNSPECIFIED.);
#63=B_SPLINE_CURVE_WITH_KNOTS('',3,(#17082,#17083,#17084,#17085,#17086,
#17087,#17088,#17089),.UNSPECIFIED.,.F.,.F.,(4,2,2,4),(0.270988428129822,
0.297689117422453,0.326813946698539,0.351622131799183),.UNSPECIFIED.);
#64=B_SPLINE_CURVE_WITH_KNOTS('',3,(#17092,#17093,#17094,#17095,#17096,
#17097,#17098,#17099),.UNSPECIFIED.,.F.,.F.,(4,2,2,4),(0.0221959235825375,
0.0400727218235938,0.0581474297768017,0.0808748147804684),.UNSPECIFIED.);
#65=B_SPLINE_CURVE_WITH_KNOTS('',3,(#17117,#17118,#17119,#17120,#17121,
#17122,#17123,#17124,#17125,#17126,#17127,#17128,#17129,#17130),
 .UNSPECIFIED.,.F.,.F.,(4,2,2,2,2,2,4),(0.731448094674018,0.771259686776262,
0.782157730921294,0.7903912685457,0.797974404477246,0.805455232256911,0.807376775973711),
 .UNSPECIFIED.);
#66=B_SPLINE_CURVE_WITH_KNOTS('',3,(#17133,#17134,#17135,#17136,#17137,
#17138),.UNSPECIFIED.,.F.,.F.,(4,2,4),(0.365999552479025,0.391313194298955,
0.462863960037768),.UNSPECIFIED.);
#67=B_SPLINE_CURVE_WITH_KNOTS('',3,(#17142,#17143,#17144,#17145,#17146,
#17147,#17148,#17149),.UNSPECIFIED.,.F.,.F.,(4,2,2,4),(0.264785563990298,
0.264966889839558,0.28743599294543,0.310413999304712),.UNSPECIFIED.);
#68=B_SPLINE_CURVE_WITH_KNOTS('',3,(#17185,#17186,#17187,#17188,#17189,
#17190,#17191,#17192,#17193,#17194),.UNSPECIFIED.,.F.,.F.,(4,2,2,2,4),(0.258977092276154,
0.274072817745624,0.292246787928763,0.312159281562143,0.312595845824718),
 .UNSPECIFIED.);
#69=B_SPLINE_CURVE_WITH_KNOTS('',3,(#17200,#17201,#17202,#17203,#17204,
#17205,#17206,#17207,#17208,#17209),.UNSPECIFIED.,.F.,.F.,(4,2,2,2,4),(0.0225479006697138,
0.0229844649322883,0.0428969585656687,0.0610709287488079,0.0781916999730777),
 .UNSPECIFIED.);
#70=B_SPLINE_CURVE_WITH_KNOTS('',3,(#17214,#17215,#17216,#17217,#17218,
#17219,#17220,#17221),.UNSPECIFIED.,.F.,.F.,(4,2,2,4),(0.0229115422490231,
0.0447385507624036,0.0662800381098207,0.0732081659348938),.UNSPECIFIED.);
#71=B_SPLINE_CURVE_WITH_KNOTS('',3,(#17253,#17254,#17255,#17256,#17257,
#17258,#17259,#17260),.UNSPECIFIED.,.F.,.F.,(4,2,2,4),(0.250826842683497,
0.259473793956756,0.281015281304173,0.302842289817554),.UNSPECIFIED.);
#72=B_SPLINE_CURVE_WITH_KNOTS('',3,(#17265,#17266,#17267,#17268),
 .UNSPECIFIED.,.F.,.F.,(4,4),(0.505851874234102,0.50975011690739),
 .UNSPECIFIED.);
#73=B_SPLINE_CURVE_WITH_KNOTS('',3,(#17271,#17272,#17273,#17274,#17275,
#17276),.UNSPECIFIED.,.F.,.F.,(4,2,4),(0.356263655582746,0.379666856360319,
0.471700361849767),.UNSPECIFIED.);
#74=B_SPLINE_CURVE_WITH_KNOTS('',3,(#17280,#17281,#17282,#17283,#17284,
#17285,#17286,#17287,#17288,#17289,#17290,#17291,#17292,#17293),
 .UNSPECIFIED.,.F.,.F.,(4,2,2,2,2,2,4),(0.736735952262735,0.77422341356507,
0.784493601061082,0.792321166617246,0.799598187056583,0.806940298352233,
0.810876560581215),.UNSPECIFIED.);
#75=B_SPLINE_CURVE_WITH_KNOTS('',3,(#17317,#17318,#17319,#17320,#17321,
#17322,#17323,#17324),.UNSPECIFIED.,.F.,.F.,(4,2,2,4),(0.0221327411884986,
0.042808084529556,0.0619328661544859,0.0797309715391405),.UNSPECIFIED.);
#76=B_SPLINE_CURVE_WITH_KNOTS('',3,(#17338,#17339,#17340,#17341,#17342,
#17343,#17344,#17345,#17346,#17347,#17348,#17349,#17350,#17351),
 .UNSPECIFIED.,.F.,.F.,(4,2,2,2,2,2,4),(0.276956308614066,0.278877852330867,
0.286358680110532,0.293941816042078,0.302175353666484,0.313073397811515,
0.35288498991376),.UNSPECIFIED.);
#77=B_SPLINE_CURVE_WITH_KNOTS('',3,(#17354,#17355,#17356,#17357,#17358,
#17359),.UNSPECIFIED.,.F.,.F.,(4,2,4),(0.758077160599936,0.848912076671698,
0.874225718491628),.UNSPECIFIED.);
#78=B_SPLINE_CURVE_WITH_KNOTS('',3,(#17362,#17363,#17364,#17365),
 .UNSPECIFIED.,.F.,.F.,(4,4),(0.711642651210216,0.724581591810961),
 .UNSPECIFIED.);
#79=B_SPLINE_CURVE_WITH_KNOTS('',3,(#17374,#17375,#17376,#17377,#17378,
#17379,#17380,#17381),.UNSPECIFIED.,.F.,.F.,(4,2,2,4),(0.267084880110765,
0.29290220339753,0.321295603830133,0.345944452129193),.UNSPECIFIED.);
#80=B_SPLINE_CURVE_WITH_KNOTS('',3,(#17398,#17399,#17400,#17401,#17402,
#17403),.UNSPECIFIED.,.F.,.F.,(4,2,4),(0.200414688167446,0.206708917022193,
0.212319101442476),.UNSPECIFIED.);
#81=B_SPLINE_CURVE_WITH_KNOTS('',3,(#17410,#17411,#17412,#17413,#17414,
#17415),.UNSPECIFIED.,.F.,.F.,(4,2,4),(0.371692253614163,0.407195179879229,
0.489865036920064),.UNSPECIFIED.);
#82=B_SPLINE_CURVE_WITH_KNOTS('',3,(#17424,#17425,#17426,#17427,#17428,
#17429,#17430,#17431),.UNSPECIFIED.,.F.,.F.,(4,2,2,4),(0.0247332440571639,
0.0479792765638532,0.0749702258328749,0.10000790483354),.UNSPECIFIED.);
#83=B_SPLINE_CURVE_WITH_KNOTS('',3,(#17458,#17459,#17460,#17461,#17462,
#17463,#17464,#17465,#17466,#17467),.UNSPECIFIED.,.F.,.F.,(4,2,2,2,4),(0.257686506150796,
0.27588186504004,0.293996427676625,0.313807491976865,0.314248727921658),
 .UNSPECIFIED.);
#84=B_SPLINE_CURVE_WITH_KNOTS('',3,(#17474,#17475,#17476,#17477,#17478,
#17479,#17480,#17481),.UNSPECIFIED.,.F.,.F.,(4,2,2,4),(0.0229953160921982,
0.0449101321731166,0.0667045708476363,0.0810954380633783),.UNSPECIFIED.);
#85=B_SPLINE_CURVE_WITH_KNOTS('',3,(#17507,#17508,#17509,#17510,#17511,
#17512,#17513,#17514),.UNSPECIFIED.,.F.,.F.,(4,2,2,4),(0.0342615707006919,
0.0429251020043126,0.062168498722195,0.0799961316851832),.UNSPECIFIED.);
#86=B_SPLINE_CURVE_WITH_KNOTS('',3,(#17520,#17521,#17522,#17523,#17524,
#17525),.UNSPECIFIED.,.F.,.F.,(4,2,4),(0.321546190422165,0.327137202579232,
0.362915488890122),.UNSPECIFIED.);
#87=B_SPLINE_CURVE_WITH_KNOTS('',3,(#17527,#17528,#17529,#17530,#17531,
#17532),.UNSPECIFIED.,.F.,.F.,(4,2,4),(0.291691262992555,0.293056553744836,
0.293468102315799),.UNSPECIFIED.);
#88=B_SPLINE_CURVE_WITH_KNOTS('',3,(#17535,#17536,#17537,#17538,#17539,
#17540),.UNSPECIFIED.,.F.,.F.,(4,2,4),(0.788343763905377,0.872992756954451,
0.908495683219517),.UNSPECIFIED.);
#89=B_SPLINE_CURVE_WITH_KNOTS('',3,(#17552,#17553,#17554,#17555,#17556,
#17557,#17558,#17559),.UNSPECIFIED.,.F.,.F.,(4,2,2,4),(0.25046360728915,
0.264042312624615,0.286225281073865,0.309097373139908),.UNSPECIFIED.);
#90=B_SPLINE_CURVE_WITH_KNOTS('',3,(#17574,#17575,#17576,#17577,#17578,
#17579,#17580,#17581,#17582,#17583),.UNSPECIFIED.,.F.,.F.,(4,2,2,2,4),(0.0218778595950197,
0.0220314831683558,0.0414395355013821,0.0595560986576539,0.0779807027096827),
 .UNSPECIFIED.);
#91=B_SPLINE_CURVE_WITH_KNOTS('',3,(#17595,#17596,#17597,#17598,#17599,
#17600,#17601,#17602,#17603,#17604),.UNSPECIFIED.,.F.,.F.,(4,2,2,2,4),(0.300422310384341,
0.32177106952657,0.339548813753796,0.358057392898966,0.358372359050002),
 .UNSPECIFIED.);
#92=B_SPLINE_CURVE_WITH_KNOTS('',3,(#17618,#17619,#17620,#17621,#17622,
#17623,#17624,#17625),.UNSPECIFIED.,.F.,.F.,(4,2,2,4),(0.243467225509585,
0.261146903237664,0.280570395666532,0.289702455379494),.UNSPECIFIED.);
#93=B_SPLINE_CURVE_WITH_KNOTS('',3,(#17636,#17637,#17638,#17639,#17640,
#17641,#17642,#17643),.UNSPECIFIED.,.F.,.F.,(4,2,2,4),(0.260353734432527,
0.285391413433192,0.312382362702214,0.335628395208903),.UNSPECIFIED.);
#94=B_SPLINE_CURVE_WITH_KNOTS('',3,(#17655,#17656,#17657,#17658,#17659,
#17660,#17661,#17662),.UNSPECIFIED.,.F.,.F.,(4,2,2,4),(0.0249450936022187,
0.0483141152628009,0.075937341546872,0.101750140309564),.UNSPECIFIED.);
#95=B_SPLINE_CURVE_WITH_KNOTS('',3,(#17668,#17669,#17670,#17671,#17672,
#17673,#17674,#17675,#17676,#17677),.UNSPECIFIED.,.F.,.F.,(4,2,2,2,4),(0.0228790613599222,
0.0231940275109583,0.0417026066561281,0.0594803508833543,0.0808291100255828),
 .UNSPECIFIED.);
#96=B_SPLINE_CURVE_WITH_KNOTS('',3,(#17682,#17683,#17684,#17685,#17686,
#17687,#17688,#17689,#17690,#17691),.UNSPECIFIED.,.F.,.F.,(4,2,2,2,4),(0.243079670024907,
0.260803859047675,0.280365819828118,0.301858748917645,0.301996278198833),
 .UNSPECIFIED.);
#97=B_SPLINE_CURVE_WITH_KNOTS('',3,(#17697,#17698,#17699,#17700,#17701,
#17702,#17703,#17704,#17705,#17706),.UNSPECIFIED.,.F.,.F.,(4,2,2,2,4),(0.0218748582673404,
0.0220250961965248,0.0413423956035768,0.0594184095375003,0.0695327923618202),
 .UNSPECIFIED.);
#98=B_SPLINE_CURVE_WITH_KNOTS('',3,(#17711,#17712,#17713,#17714),
 .UNSPECIFIED.,.F.,.F.,(4,4),(0.494257914438803,0.528582619760437),
 .UNSPECIFIED.);
#99=B_SPLINE_CURVE_WITH_KNOTS('',3,(#17719,#17720,#17721,#17722,#17723,
#17724),.UNSPECIFIED.,.F.,.F.,(4,2,4),(0.786906195470548,0.822684481781438,
0.830919809224958),.UNSPECIFIED.);
#100=B_SPLINE_CURVE_WITH_KNOTS('',3,(#17726,#17727,#17728,#17729,#17730,
#17731),.UNSPECIFIED.,.F.,.F.,(4,2,4),(0.856163390984629,0.856765130615834,
0.858130421368115),.UNSPECIFIED.);
#101=B_SPLINE_CURVE_WITH_KNOTS('',3,(#17813,#17814,#17815,#17816,#17817,
#17818,#17819,#17820,#17821,#17822,#17823,#17824,#17825,#17826),
 .UNSPECIFIED.,.F.,.F.,(4,2,2,2,2,2,4),(-0.0654284286635086,-0.0651155425943378,
-0.0555032386317744,-0.0459859679343338,-0.0298093804799792,-0.0146726697526669,
0.),.UNSPECIFIED.);
#102=B_SPLINE_CURVE_WITH_KNOTS('',3,(#17829,#17830,#17831,#17832,#17833,
#17834,#17835,#17836,#17837,#17838,#17839,#17840,#17841,#17842),
 .UNSPECIFIED.,.F.,.F.,(4,2,2,2,2,2,4),(-0.000313743295531103,0.,0.00963863917259501,
0.0191819847136608,0.0354028918056162,0.0505810731790585,0.0652939422264102),
 .UNSPECIFIED.);
#103=B_SPLINE_CURVE_WITH_KNOTS('',3,(#17848,#17849,#17850,#17851,#17852,
#17853,#17854,#17855,#17856,#17857,#17858,#17859,#17860,#17861),
 .UNSPECIFIED.,.F.,.F.,(4,2,2,2,2,2,4),(-0.065428428663512,-0.0651155425943408,
-0.0555032386317762,-0.045985967934335,-0.0298093804799798,-0.014672669752667,
0.),.UNSPECIFIED.);
#104=B_SPLINE_CURVE_WITH_KNOTS('',3,(#17867,#17868,#17869,#17870,#17871,
#17872,#17873,#17874,#17875,#17876,#17877,#17878,#17879,#17880),
 .UNSPECIFIED.,.F.,.F.,(4,2,2,2,2,2,4),(-0.00031374329553167,0.,0.00963863917260821,
0.0191819847136897,0.0354028918056715,0.0505810731791378,0.0652939422265134),
 .UNSPECIFIED.);
#105=STYLED_ITEM('',(#17936),#115);
#106=STYLED_ITEM('',(#17936),#116);
#107=STYLED_ITEM('',(#17937),#117);
#108=STYLED_ITEM('',(#17937),#118);
#109=STYLED_ITEM('',(#17937),#119);
#110=STYLED_ITEM('',(#17937),#120);
#111=STYLED_ITEM('',(#17937),#121);
#112=STYLED_ITEM('',(#17937),#122);
#113=STYLED_ITEM('',(#17937),#123);
#114=STYLED_ITEM('',(#17938),#124);
#115=MANIFOLD_SOLID_BREP('Base',#10405);
#116=MANIFOLD_SOLID_BREP('Knob',#10406);
#117=MANIFOLD_SOLID_BREP('Cage',#10407);
#118=MANIFOLD_SOLID_BREP('Pin1',#10408);
#119=MANIFOLD_SOLID_BREP('Pin2',#10409);
#120=MANIFOLD_SOLID_BREP('Pin3',#10410);
#121=MANIFOLD_SOLID_BREP('Pin4',#10411);
#122=MANIFOLD_SOLID_BREP('Pin5',#10412);
#123=MANIFOLD_SOLID_BREP('Pin6',#10413);
#124=MANIFOLD_SOLID_BREP('Cap',#10414);
#125=TOROIDAL_SURFACE('',#10453,0.450000000000001,0.25);
#126=TOROIDAL_SURFACE('',#10461,0.45,0.25);
#127=TOROIDAL_SURFACE('',#10477,1.6,0.4);
#128=TOROIDAL_SURFACE('',#10481,1.6,0.4);
#129=TOROIDAL_SURFACE('',#11235,4.50000007450581,0.5);
#130=TOROIDAL_SURFACE('',#11257,4.50000007450581,0.5);
#131=TOROIDAL_SURFACE('',#11259,4.50000007450581,0.5);
#132=TOROIDAL_SURFACE('',#11307,1.6,0.4);
#133=TOROIDAL_SURFACE('',#11311,1.6,0.4);
#134=CONICAL_SURFACE('',#10449,4.3,0.785398163397448);
#135=CONICAL_SURFACE('',#10732,4.3,0.785398163397448);
#136=FACE_BOUND('',#1224,.T.);
#137=FACE_BOUND('',#1244,.T.);
#138=FACE_BOUND('',#1247,.T.);
#139=FACE_BOUND('',#1248,.T.);
#140=FACE_BOUND('',#1260,.T.);
#141=FACE_BOUND('',#1269,.T.);
#142=FACE_BOUND('',#1279,.T.);
#143=FACE_BOUND('',#1354,.T.);
#144=FACE_BOUND('',#1467,.T.);
#145=FACE_BOUND('',#1477,.T.);
#146=FACE_BOUND('',#1493,.T.);
#147=FACE_BOUND('',#1503,.T.);
#148=FACE_BOUND('',#1519,.T.);
#149=FACE_BOUND('',#1529,.T.);
#150=FACE_BOUND('',#1545,.T.);
#151=FACE_BOUND('',#1555,.T.);
#152=FACE_BOUND('',#1571,.T.);
#153=FACE_BOUND('',#1581,.T.);
#154=FACE_BOUND('',#1597,.T.);
#155=FACE_BOUND('',#1607,.T.);
#156=FACE_BOUND('',#1843,.T.);
#157=FACE_BOUND('',#1847,.T.);
#158=FACE_BOUND('',#1849,.T.);
#159=CIRCLE('',#10437,4.55);
#160=CIRCLE('',#10450,4.05);
#161=CIRCLE('',#10452,4.05);
#162=CIRCLE('',#10454,0.450000000000001);
#163=CIRCLE('',#10455,0.25);
#164=CIRCLE('',#10456,0.700000000000001);
#165=CIRCLE('',#10457,0.700000000000001);
#166=CIRCLE('',#10459,0.700000000000001);
#167=CIRCLE('',#10462,0.45);
#168=CIRCLE('',#10463,0.25);
#169=CIRCLE('',#10464,0.7);
#170=CIRCLE('',#10465,0.7);
#171=CIRCLE('',#10467,0.7);
#172=CIRCLE('',#10478,1.6);
#173=CIRCLE('',#10479,2.);
#174=CIRCLE('',#10482,1.6);
#175=CIRCLE('',#10483,2.);
#176=CIRCLE('',#10487,2.);
#177=CIRCLE('',#10491,2.);
#178=CIRCLE('',#10493,4.05);
#179=CIRCLE('',#10494,4.05);
#180=CIRCLE('',#10498,0.5);
#181=CIRCLE('',#10499,0.5);
#182=CIRCLE('',#10502,0.25);
#183=CIRCLE('',#10503,0.25);
#184=CIRCLE('',#10504,0.25);
#185=CIRCLE('',#10505,0.25);
#186=CIRCLE('',#10509,0.5);
#187=CIRCLE('',#10510,0.5);
#188=CIRCLE('',#10511,0.5);
#189=CIRCLE('',#10514,4.55);
#190=CIRCLE('',#10516,0.5);
#191=CIRCLE('',#10517,0.5);
#192=CIRCLE('',#10518,0.5);
#193=CIRCLE('',#10519,0.5);
#194=CIRCLE('',#10523,0.25);
#195=CIRCLE('',#10524,0.25);
#196=CIRCLE('',#10526,0.5);
#197=CIRCLE('',#10527,0.5);
#198=CIRCLE('',#10528,0.5);
#199=CIRCLE('',#10533,0.5);
#200=CIRCLE('',#10534,0.5);
#201=CIRCLE('',#10536,4.55);
#202=CIRCLE('',#10538,0.5);
#203=CIRCLE('',#10540,0.25);
#204=CIRCLE('',#10541,0.25);
#205=CIRCLE('',#10542,0.25);
#206=CIRCLE('',#10543,0.25);
#207=CIRCLE('',#10546,0.5);
#208=CIRCLE('',#10547,0.5);
#209=CIRCLE('',#10549,0.5);
#210=CIRCLE('',#10551,0.25);
#211=CIRCLE('',#10552,0.25);
#212=CIRCLE('',#10553,0.25);
#213=CIRCLE('',#10554,0.25);
#214=CIRCLE('',#10556,0.5);
#215=CIRCLE('',#10557,0.5);
#216=CIRCLE('',#10559,0.5);
#217=CIRCLE('',#10561,0.5);
#218=CIRCLE('',#10562,0.5);
#219=CIRCLE('',#10564,0.5);
#220=CIRCLE('',#10566,0.25);
#221=CIRCLE('',#10567,0.25);
#222=CIRCLE('',#10569,0.5);
#223=CIRCLE('',#10570,0.5);
#224=CIRCLE('',#10572,0.5);
#225=CIRCLE('',#10574,0.5);
#226=CIRCLE('',#10575,0.5);
#227=CIRCLE('',#10578,0.25);
#228=CIRCLE('',#10579,0.25);
#229=CIRCLE('',#10580,0.25);
#230=CIRCLE('',#10581,0.25);
#231=CIRCLE('',#10583,0.5);
#232=CIRCLE('',#10587,0.5);
#233=CIRCLE('',#10588,0.5);
#234=CIRCLE('',#10591,0.5);
#235=CIRCLE('',#10593,0.25);
#236=CIRCLE('',#10594,0.25);
#237=CIRCLE('',#10595,0.25);
#238=CIRCLE('',#10596,0.25);
#239=CIRCLE('',#10598,0.5);
#240=CIRCLE('',#10599,0.5);
#241=CIRCLE('',#10601,0.5);
#242=CIRCLE('',#10603,0.5);
#243=CIRCLE('',#10604,0.5);
#244=CIRCLE('',#10605,0.5);
#245=CIRCLE('',#10607,0.25);
#246=CIRCLE('',#10608,0.25);
#247=CIRCLE('',#10611,0.5);
#248=CIRCLE('',#10612,0.5);
#249=CIRCLE('',#10614,0.5);
#250=CIRCLE('',#10616,0.5);
#251=CIRCLE('',#10617,0.5);
#252=CIRCLE('',#10620,0.25);
#253=CIRCLE('',#10621,0.25);
#254=CIRCLE('',#10622,0.25);
#255=CIRCLE('',#10623,0.25);
#256=CIRCLE('',#10625,0.5);
#257=CIRCLE('',#10628,0.5);
#258=CIRCLE('',#10629,0.5);
#259=CIRCLE('',#10632,0.5);
#260=CIRCLE('',#10634,0.25);
#261=CIRCLE('',#10635,0.25);
#262=CIRCLE('',#10636,0.25);
#263=CIRCLE('',#10637,0.25);
#264=CIRCLE('',#10639,0.5);
#265=CIRCLE('',#10640,0.5);
#266=CIRCLE('',#10642,0.5);
#267=CIRCLE('',#10644,0.5);
#268=CIRCLE('',#10645,0.5);
#269=CIRCLE('',#10649,0.5);
#270=CIRCLE('',#10650,0.5);
#271=CIRCLE('',#10652,0.5);
#272=CIRCLE('',#10654,0.25);
#273=CIRCLE('',#10655,0.25);
#274=CIRCLE('',#10656,0.25);
#275=CIRCLE('',#10657,0.25);
#276=CIRCLE('',#10659,0.5);
#277=CIRCLE('',#10660,0.5);
#278=CIRCLE('',#10662,0.5);
#279=CIRCLE('',#10664,0.25);
#280=CIRCLE('',#10665,0.25);
#281=CIRCLE('',#10667,0.5);
#282=CIRCLE('',#10669,0.5);
#283=CIRCLE('',#10671,0.5);
#284=CIRCLE('',#10672,0.5);
#285=CIRCLE('',#10674,0.5);
#286=CIRCLE('',#10676,0.5);
#287=CIRCLE('',#10679,0.25);
#288=CIRCLE('',#10680,0.25);
#289=CIRCLE('',#10681,0.25);
#290=CIRCLE('',#10682,0.25);
#291=CIRCLE('',#10684,0.5);
#292=CIRCLE('',#10686,0.5);
#293=CIRCLE('',#10688,0.5);
#294=CIRCLE('',#10690,0.5);
#295=CIRCLE('',#10692,0.5);
#296=CIRCLE('',#10693,0.5);
#297=CIRCLE('',#10696,0.25);
#298=CIRCLE('',#10697,0.25);
#299=CIRCLE('',#10698,0.25);
#300=CIRCLE('',#10699,0.25);
#301=CIRCLE('',#10701,0.25);
#302=CIRCLE('',#10702,0.25);
#303=CIRCLE('',#10703,0.25);
#304=CIRCLE('',#10704,0.25);
#305=CIRCLE('',#10706,0.25);
#306=CIRCLE('',#10707,0.25);
#307=CIRCLE('',#10709,0.25);
#308=CIRCLE('',#10710,0.25);
#309=CIRCLE('',#10711,0.25);
#310=CIRCLE('',#10712,0.25);
#311=CIRCLE('',#10714,0.5);
#312=CIRCLE('',#10717,0.5);
#313=CIRCLE('',#10719,0.5);
#314=CIRCLE('',#10721,0.5);
#315=CIRCLE('',#10723,0.5);
#316=CIRCLE('',#10725,0.5);
#317=CIRCLE('',#10728,0.25);
#318=CIRCLE('',#10729,0.25);
#319=CIRCLE('',#10730,0.25);
#320=CIRCLE('',#10731,0.25);
#321=CIRCLE('',#10733,4.05);
#322=CIRCLE('',#10735,4.05);
#323=CIRCLE('',#10737,4.55);
#324=CIRCLE('',#10741,0.25);
#325=CIRCLE('',#10744,0.25);
#326=CIRCLE('',#10748,0.25);
#327=CIRCLE('',#10750,0.25);
#328=CIRCLE('',#10752,0.25);
#329=CIRCLE('',#10753,0.25);
#330=CIRCLE('',#10764,0.25);
#331=CIRCLE('',#10767,0.25);
#332=CIRCLE('',#10770,0.25);
#333=CIRCLE('',#10772,0.25);
#334=CIRCLE('',#10774,0.25);
#335=CIRCLE('',#10775,0.25);
#336=CIRCLE('',#10785,0.25);
#337=CIRCLE('',#10787,0.25);
#338=CIRCLE('',#10791,0.25);
#339=CIRCLE('',#10794,0.25);
#340=CIRCLE('',#10795,0.25);
#341=CIRCLE('',#10797,0.25);
#342=CIRCLE('',#10877,0.4);
#343=CIRCLE('',#10879,0.4);
#344=CIRCLE('',#10911,0.4);
#345=CIRCLE('',#10913,0.4);
#346=CIRCLE('',#10945,0.4);
#347=CIRCLE('',#10947,0.4);
#348=CIRCLE('',#10979,0.4);
#349=CIRCLE('',#10981,0.4);
#350=CIRCLE('',#11013,0.4);
#351=CIRCLE('',#11015,0.4);
#352=CIRCLE('',#11047,0.4);
#353=CIRCLE('',#11049,0.4);
#354=CIRCLE('',#11236,0.5);
#355=CIRCLE('',#11237,5.00000007450581);
#356=CIRCLE('',#11238,5.00000007450581);
#357=CIRCLE('',#11239,4.50000007450581);
#358=CIRCLE('',#11240,4.50000007450581);
#359=CIRCLE('',#11241,4.50000007450581);
#360=CIRCLE('',#11242,4.50000007450581);
#361=CIRCLE('',#11243,4.50000007450581);
#362=CIRCLE('',#11244,4.50000007450581);
#363=CIRCLE('',#11245,4.50000007450581);
#364=CIRCLE('',#11246,4.50000007450581);
#365=CIRCLE('',#11247,4.50000007450581);
#366=CIRCLE('',#11248,4.50000007450581);
#367=CIRCLE('',#11249,4.50000007450581);
#368=CIRCLE('',#11250,4.50000007450581);
#369=CIRCLE('',#11251,4.50000007450581);
#370=CIRCLE('',#11252,4.50000007450581);
#371=CIRCLE('',#11253,4.50000007450581);
#372=CIRCLE('',#11254,4.50000007450581);
#373=CIRCLE('',#11255,4.50000007450581);
#374=CIRCLE('',#11256,4.50000007450581);
#375=CIRCLE('',#11258,4.50000007450581);
#376=CIRCLE('',#11260,4.50000007450581);
#377=CIRCLE('',#11305,5.00000007450581);
#378=CIRCLE('',#11308,1.6);
#379=CIRCLE('',#11309,2.);
#380=CIRCLE('',#11312,1.6);
#381=CIRCLE('',#11313,2.);
#382=CIRCLE('',#11317,2.);
#383=CIRCLE('',#11321,2.);
#384=CIRCLE('',#11323,3.);
#385=CIRCLE('',#11325,3.);
#386=CIRCLE('',#11327,7.);
#387=CIRCLE('',#11328,7.);
#388=ELLIPSE('',#10434,0.707106781186547,0.5);
#389=ELLIPSE('',#10435,0.707106781186547,0.5);
#390=ELLIPSE('',#10439,0.707106781186547,0.5);
#391=ELLIPSE('',#10441,0.707106781186547,0.5);
#392=ELLIPSE('',#10443,0.707106781186547,0.5);
#393=ELLIPSE('',#10444,0.707106781186548,0.5);
#394=ELLIPSE('',#10446,0.707106781186547,0.5);
#395=ELLIPSE('',#10448,0.707106781186548,0.5);
#396=ELLIPSE('',#10500,0.707106805881967,0.5);
#397=ELLIPSE('',#10532,0.707106756491131,0.5);
#398=ELLIPSE('',#10545,0.707106781186548,0.5);
#399=ELLIPSE('',#10576,0.707106781186548,0.5);
#400=ELLIPSE('',#10586,0.707106781186547,0.5);
#401=ELLIPSE('',#10618,0.707106781186548,0.5);
#402=ELLIPSE('',#10627,0.707106781186548,0.5);
#403=ELLIPSE('',#10646,0.707106781186548,0.5);
#404=ELLIPSE('',#10677,0.707106781186547,0.5);
#405=ELLIPSE('',#10694,0.707106781186548,0.5);
#406=ELLIPSE('',#10715,0.707106781186548,0.5);
#407=ELLIPSE('',#10726,0.707106781186548,0.5);
#408=ELLIPSE('',#10855,0.14142135623731,0.1);
#409=ELLIPSE('',#10856,0.14142135623731,0.1);
#410=ELLIPSE('',#10858,0.14142135623731,0.1);
#411=ELLIPSE('',#10860,0.14142135623731,0.1);
#412=ELLIPSE('',#10866,0.14142135623731,0.1);
#413=ELLIPSE('',#10867,0.14142135623731,0.1);
#414=ELLIPSE('',#10869,0.14142135623731,0.1);
#415=ELLIPSE('',#10871,0.14142135623731,0.1);
#416=ELLIPSE('',#10889,0.14142135623731,0.1);
#417=ELLIPSE('',#10890,0.14142135623731,0.1);
#418=ELLIPSE('',#10892,0.14142135623731,0.1);
#419=ELLIPSE('',#10894,0.14142135623731,0.1);
#420=ELLIPSE('',#10900,0.14142135623731,0.1);
#421=ELLIPSE('',#10901,0.14142135623731,0.1);
#422=ELLIPSE('',#10903,0.14142135623731,0.1);
#423=ELLIPSE('',#10905,0.14142135623731,0.1);
#424=ELLIPSE('',#10923,0.14142135623731,0.1);
#425=ELLIPSE('',#10924,0.14142135623731,0.1);
#426=ELLIPSE('',#10926,0.14142135623731,0.1);
#427=ELLIPSE('',#10928,0.14142135623731,0.1);
#428=ELLIPSE('',#10934,0.14142135623731,0.1);
#429=ELLIPSE('',#10935,0.14142135623731,0.1);
#430=ELLIPSE('',#10937,0.14142135623731,0.1);
#431=ELLIPSE('',#10939,0.14142135623731,0.1);
#432=ELLIPSE('',#10957,0.14142135623731,0.1);
#433=ELLIPSE('',#10958,0.14142135623731,0.1);
#434=ELLIPSE('',#10960,0.14142135623731,0.1);
#435=ELLIPSE('',#10962,0.14142135623731,0.1);
#436=ELLIPSE('',#10968,0.14142135623731,0.1);
#437=ELLIPSE('',#10969,0.14142135623731,0.1);
#438=ELLIPSE('',#10971,0.14142135623731,0.1);
#439=ELLIPSE('',#10973,0.14142135623731,0.1);
#440=ELLIPSE('',#10991,0.14142135623731,0.1);
#441=ELLIPSE('',#10992,0.14142135623731,0.1);
#442=ELLIPSE('',#10994,0.14142135623731,0.1);
#443=ELLIPSE('',#10996,0.14142135623731,0.1);
#444=ELLIPSE('',#11002,0.14142135623731,0.1);
#445=ELLIPSE('',#11003,0.14142135623731,0.1);
#446=ELLIPSE('',#11005,0.14142135623731,0.1);
#447=ELLIPSE('',#11007,0.14142135623731,0.1);
#448=ELLIPSE('',#11025,0.14142135623731,0.1);
#449=ELLIPSE('',#11026,0.14142135623731,0.1);
#450=ELLIPSE('',#11028,0.14142135623731,0.1);
#451=ELLIPSE('',#11030,0.14142135623731,0.1);
#452=ELLIPSE('',#11036,0.14142135623731,0.1);
#453=ELLIPSE('',#11037,0.14142135623731,0.1);
#454=ELLIPSE('',#11039,0.14142135623731,0.1);
#455=ELLIPSE('',#11041,0.14142135623731,0.1);
#456=CYLINDRICAL_SURFACE('',#10433,0.5);
#457=CYLINDRICAL_SURFACE('',#10440,0.5);
#458=CYLINDRICAL_SURFACE('',#10442,0.5);
#459=CYLINDRICAL_SURFACE('',#10447,0.5);
#460=CYLINDRICAL_SURFACE('',#10451,4.05);
#461=CYLINDRICAL_SURFACE('',#10458,0.700000000000001);
#462=CYLINDRICAL_SURFACE('',#10466,0.7);
#463=CYLINDRICAL_SURFACE('',#10480,0.4);
#464=CYLINDRICAL_SURFACE('',#10484,0.4);
#465=CYLINDRICAL_SURFACE('',#10486,2.);
#466=CYLINDRICAL_SURFACE('',#10490,2.);
#467=CYLINDRICAL_SURFACE('',#10492,4.05);
#468=CYLINDRICAL_SURFACE('',#10497,0.5);
#469=CYLINDRICAL_SURFACE('',#10508,0.5);
#470=CYLINDRICAL_SURFACE('',#10515,0.5);
#471=CYLINDRICAL_SURFACE('',#10525,0.5);
#472=CYLINDRICAL_SURFACE('',#10531,0.5);
#473=CYLINDRICAL_SURFACE('',#10544,0.5);
#474=CYLINDRICAL_SURFACE('',#10555,0.5);
#475=CYLINDRICAL_SURFACE('',#10560,0.5);
#476=CYLINDRICAL_SURFACE('',#10568,0.5);
#477=CYLINDRICAL_SURFACE('',#10573,0.5);
#478=CYLINDRICAL_SURFACE('',#10585,0.5);
#479=CYLINDRICAL_SURFACE('',#10597,0.5);
#480=CYLINDRICAL_SURFACE('',#10602,0.5);
#481=CYLINDRICAL_SURFACE('',#10610,0.5);
#482=CYLINDRICAL_SURFACE('',#10615,0.5);
#483=CYLINDRICAL_SURFACE('',#10626,0.5);
#484=CYLINDRICAL_SURFACE('',#10638,0.5);
#485=CYLINDRICAL_SURFACE('',#10643,0.5);
#486=CYLINDRICAL_SURFACE('',#10648,0.5);
#487=CYLINDRICAL_SURFACE('',#10658,0.5);
#488=CYLINDRICAL_SURFACE('',#10666,0.5);
#489=CYLINDRICAL_SURFACE('',#10668,0.5);
#490=CYLINDRICAL_SURFACE('',#10670,0.5);
#491=CYLINDRICAL_SURFACE('',#10673,0.5);
#492=CYLINDRICAL_SURFACE('',#10675,0.5);
#493=CYLINDRICAL_SURFACE('',#10683,0.5);
#494=CYLINDRICAL_SURFACE('',#10685,0.5);
#495=CYLINDRICAL_SURFACE('',#10687,0.5);
#496=CYLINDRICAL_SURFACE('',#10689,0.5);
#497=CYLINDRICAL_SURFACE('',#10691,0.5);
#498=CYLINDRICAL_SURFACE('',#10713,0.5);
#499=CYLINDRICAL_SURFACE('',#10716,0.5);
#500=CYLINDRICAL_SURFACE('',#10718,0.5);
#501=CYLINDRICAL_SURFACE('',#10720,0.5);
#502=CYLINDRICAL_SURFACE('',#10722,0.5);
#503=CYLINDRICAL_SURFACE('',#10724,0.5);
#504=CYLINDRICAL_SURFACE('',#10734,4.05);
#505=CYLINDRICAL_SURFACE('',#10736,4.55);
#506=CYLINDRICAL_SURFACE('',#10739,0.25);
#507=CYLINDRICAL_SURFACE('',#10740,0.25);
#508=CYLINDRICAL_SURFACE('',#10743,0.25);
#509=CYLINDRICAL_SURFACE('',#10745,0.25);
#510=CYLINDRICAL_SURFACE('',#10747,0.25);
#511=CYLINDRICAL_SURFACE('',#10749,0.25);
#512=CYLINDRICAL_SURFACE('',#10754,0.25);
#513=CYLINDRICAL_SURFACE('',#10756,0.25);
#514=CYLINDRICAL_SURFACE('',#10758,0.25);
#515=CYLINDRICAL_SURFACE('',#10759,0.25);
#516=CYLINDRICAL_SURFACE('',#10761,0.25);
#517=CYLINDRICAL_SURFACE('',#10763,0.25);
#518=CYLINDRICAL_SURFACE('',#10766,0.25);
#519=CYLINDRICAL_SURFACE('',#10768,0.25);
#520=CYLINDRICAL_SURFACE('',#10769,0.25);
#521=CYLINDRICAL_SURFACE('',#10771,0.25);
#522=CYLINDRICAL_SURFACE('',#10776,0.25);
#523=CYLINDRICAL_SURFACE('',#10778,0.25);
#524=CYLINDRICAL_SURFACE('',#10780,0.25);
#525=CYLINDRICAL_SURFACE('',#10782,0.25);
#526=CYLINDRICAL_SURFACE('',#10784,0.25);
#527=CYLINDRICAL_SURFACE('',#10786,0.25);
#528=CYLINDRICAL_SURFACE('',#10789,0.25);
#529=CYLINDRICAL_SURFACE('',#10790,0.25);
#530=CYLINDRICAL_SURFACE('',#10796,0.25);
#531=CYLINDRICAL_SURFACE('',#10798,0.25);
#532=CYLINDRICAL_SURFACE('',#10799,0.25);
#533=CYLINDRICAL_SURFACE('',#10801,0.25);
#534=CYLINDRICAL_SURFACE('',#10803,0.25);
#535=CYLINDRICAL_SURFACE('',#10804,0.25);
#536=CYLINDRICAL_SURFACE('',#10806,0.25);
#537=CYLINDRICAL_SURFACE('',#10807,0.25);
#538=CYLINDRICAL_SURFACE('',#10809,0.25);
#539=CYLINDRICAL_SURFACE('',#10810,0.25);
#540=CYLINDRICAL_SURFACE('',#10812,0.25);
#541=CYLINDRICAL_SURFACE('',#10814,0.25);
#542=CYLINDRICAL_SURFACE('',#10816,0.25);
#543=CYLINDRICAL_SURFACE('',#10818,0.25);
#544=CYLINDRICAL_SURFACE('',#10819,0.25);
#545=CYLINDRICAL_SURFACE('',#10820,0.25);
#546=CYLINDRICAL_SURFACE('',#10854,0.1);
#547=CYLINDRICAL_SURFACE('',#10857,0.1);
#548=CYLINDRICAL_SURFACE('',#10859,0.1);
#549=CYLINDRICAL_SURFACE('',#10861,0.1);
#550=CYLINDRICAL_SURFACE('',#10865,0.1);
#551=CYLINDRICAL_SURFACE('',#10868,0.1);
#552=CYLINDRICAL_SURFACE('',#10870,0.1);
#553=CYLINDRICAL_SURFACE('',#10872,0.1);
#554=CYLINDRICAL_SURFACE('',#10878,0.4);
#555=CYLINDRICAL_SURFACE('',#10888,0.1);
#556=CYLINDRICAL_SURFACE('',#10891,0.1);
#557=CYLINDRICAL_SURFACE('',#10893,0.1);
#558=CYLINDRICAL_SURFACE('',#10895,0.1);
#559=CYLINDRICAL_SURFACE('',#10899,0.1);
#560=CYLINDRICAL_SURFACE('',#10902,0.1);
#561=CYLINDRICAL_SURFACE('',#10904,0.1);
#562=CYLINDRICAL_SURFACE('',#10906,0.1);
#563=CYLINDRICAL_SURFACE('',#10912,0.4);
#564=CYLINDRICAL_SURFACE('',#10922,0.1);
#565=CYLINDRICAL_SURFACE('',#10925,0.1);
#566=CYLINDRICAL_SURFACE('',#10927,0.1);
#567=CYLINDRICAL_SURFACE('',#10929,0.1);
#568=CYLINDRICAL_SURFACE('',#10933,0.1);
#569=CYLINDRICAL_SURFACE('',#10936,0.1);
#570=CYLINDRICAL_SURFACE('',#10938,0.1);
#571=CYLINDRICAL_SURFACE('',#10940,0.1);
#572=CYLINDRICAL_SURFACE('',#10946,0.4);
#573=CYLINDRICAL_SURFACE('',#10956,0.1);
#574=CYLINDRICAL_SURFACE('',#10959,0.1);
#575=CYLINDRICAL_SURFACE('',#10961,0.1);
#576=CYLINDRICAL_SURFACE('',#10963,0.1);
#577=CYLINDRICAL_SURFACE('',#10967,0.1);
#578=CYLINDRICAL_SURFACE('',#10970,0.1);
#579=CYLINDRICAL_SURFACE('',#10972,0.1);
#580=CYLINDRICAL_SURFACE('',#10974,0.1);
#581=CYLINDRICAL_SURFACE('',#10980,0.4);
#582=CYLINDRICAL_SURFACE('',#10990,0.1);
#583=CYLINDRICAL_SURFACE('',#10993,0.1);
#584=CYLINDRICAL_SURFACE('',#10995,0.1);
#585=CYLINDRICAL_SURFACE('',#10997,0.1);
#586=CYLINDRICAL_SURFACE('',#11001,0.1);
#587=CYLINDRICAL_SURFACE('',#11004,0.1);
#588=CYLINDRICAL_SURFACE('',#11006,0.1);
#589=CYLINDRICAL_SURFACE('',#11008,0.1);
#590=CYLINDRICAL_SURFACE('',#11014,0.4);
#591=CYLINDRICAL_SURFACE('',#11024,0.1);
#592=CYLINDRICAL_SURFACE('',#11027,0.1);
#593=CYLINDRICAL_SURFACE('',#11029,0.1);
#594=CYLINDRICAL_SURFACE('',#11031,0.1);
#595=CYLINDRICAL_SURFACE('',#11035,0.1);
#596=CYLINDRICAL_SURFACE('',#11038,0.1);
#597=CYLINDRICAL_SURFACE('',#11040,0.1);
#598=CYLINDRICAL_SURFACE('',#11042,0.1);
#599=CYLINDRICAL_SURFACE('',#11048,0.4);
#600=CYLINDRICAL_SURFACE('',#11304,5.00000007450581);
#601=CYLINDRICAL_SURFACE('',#11310,0.4);
#602=CYLINDRICAL_SURFACE('',#11314,0.4);
#603=CYLINDRICAL_SURFACE('',#11316,2.);
#604=CYLINDRICAL_SURFACE('',#11320,2.);
#605=CYLINDRICAL_SURFACE('',#11324,3.);
#606=CYLINDRICAL_SURFACE('',#11326,7.);
#607=FACE_OUTER_BOUND('',#1217,.T.);
#608=FACE_OUTER_BOUND('',#1218,.T.);
#609=FACE_OUTER_BOUND('',#1219,.T.);
#610=FACE_OUTER_BOUND('',#1220,.T.);
#611=FACE_OUTER_BOUND('',#1221,.T.);
#612=FACE_OUTER_BOUND('',#1222,.T.);
#613=FACE_OUTER_BOUND('',#1223,.T.);
#614=FACE_OUTER_BOUND('',#1225,.T.);
#615=FACE_OUTER_BOUND('',#1226,.T.);
#616=FACE_OUTER_BOUND('',#1227,.T.);
#617=FACE_OUTER_BOUND('',#1228,.T.);
#618=FACE_OUTER_BOUND('',#1229,.T.);
#619=FACE_OUTER_BOUND('',#1230,.T.);
#620=FACE_OUTER_BOUND('',#1231,.T.);
#621=FACE_OUTER_BOUND('',#1232,.T.);
#622=FACE_OUTER_BOUND('',#1233,.T.);
#623=FACE_OUTER_BOUND('',#1234,.T.);
#624=FACE_OUTER_BOUND('',#1235,.T.);
#625=FACE_OUTER_BOUND('',#1236,.T.);
#626=FACE_OUTER_BOUND('',#1237,.T.);
#627=FACE_OUTER_BOUND('',#1238,.T.);
#628=FACE_OUTER_BOUND('',#1239,.T.);
#629=FACE_OUTER_BOUND('',#1240,.T.);
#630=FACE_OUTER_BOUND('',#1241,.T.);
#631=FACE_OUTER_BOUND('',#1242,.T.);
#632=FACE_OUTER_BOUND('',#1243,.T.);
#633=FACE_OUTER_BOUND('',#1245,.T.);
#634=FACE_OUTER_BOUND('',#1246,.T.);
#635=FACE_OUTER_BOUND('',#1249,.T.);
#636=FACE_OUTER_BOUND('',#1250,.T.);
#637=FACE_OUTER_BOUND('',#1251,.T.);
#638=FACE_OUTER_BOUND('',#1252,.T.);
#639=FACE_OUTER_BOUND('',#1253,.T.);
#640=FACE_OUTER_BOUND('',#1254,.T.);
#641=FACE_OUTER_BOUND('',#1255,.T.);
#642=FACE_OUTER_BOUND('',#1256,.T.);
#643=FACE_OUTER_BOUND('',#1257,.T.);
#644=FACE_OUTER_BOUND('',#1258,.T.);
#645=FACE_OUTER_BOUND('',#1259,.T.);
#646=FACE_OUTER_BOUND('',#1261,.T.);
#647=FACE_OUTER_BOUND('',#1262,.T.);
#648=FACE_OUTER_BOUND('',#1263,.T.);
#649=FACE_OUTER_BOUND('',#1264,.T.);
#650=FACE_OUTER_BOUND('',#1265,.T.);
#651=FACE_OUTER_BOUND('',#1266,.T.);
#652=FACE_OUTER_BOUND('',#1267,.T.);
#653=FACE_OUTER_BOUND('',#1268,.T.);
#654=FACE_OUTER_BOUND('',#1270,.T.);
#655=FACE_OUTER_BOUND('',#1271,.T.);
#656=FACE_OUTER_BOUND('',#1272,.T.);
#657=FACE_OUTER_BOUND('',#1273,.T.);
#658=FACE_OUTER_BOUND('',#1274,.T.);
#659=FACE_OUTER_BOUND('',#1275,.T.);
#660=FACE_OUTER_BOUND('',#1276,.T.);
#661=FACE_OUTER_BOUND('',#1277,.T.);
#662=FACE_OUTER_BOUND('',#1278,.T.);
#663=FACE_OUTER_BOUND('',#1280,.T.);
#664=FACE_OUTER_BOUND('',#1281,.T.);
#665=FACE_OUTER_BOUND('',#1282,.T.);
#666=FACE_OUTER_BOUND('',#1283,.T.);
#667=FACE_OUTER_BOUND('',#1284,.T.);
#668=FACE_OUTER_BOUND('',#1285,.T.);
#669=FACE_OUTER_BOUND('',#1286,.T.);
#670=FACE_OUTER_BOUND('',#1287,.T.);
#671=FACE_OUTER_BOUND('',#1288,.T.);
#672=FACE_OUTER_BOUND('',#1289,.T.);
#673=FACE_OUTER_BOUND('',#1290,.T.);
#674=FACE_OUTER_BOUND('',#1291,.T.);
#675=FACE_OUTER_BOUND('',#1292,.T.);
#676=FACE_OUTER_BOUND('',#1293,.T.);
#677=FACE_OUTER_BOUND('',#1294,.T.);
#678=FACE_OUTER_BOUND('',#1295,.T.);
#679=FACE_OUTER_BOUND('',#1296,.T.);
#680=FACE_OUTER_BOUND('',#1297,.T.);
#681=FACE_OUTER_BOUND('',#1298,.T.);
#682=FACE_OUTER_BOUND('',#1299,.T.);
#683=FACE_OUTER_BOUND('',#1300,.T.);
#684=FACE_OUTER_BOUND('',#1301,.T.);
#685=FACE_OUTER_BOUND('',#1302,.T.);
#686=FACE_OUTER_BOUND('',#1303,.T.);
#687=FACE_OUTER_BOUND('',#1304,.T.);
#688=FACE_OUTER_BOUND('',#1305,.T.);
#689=FACE_OUTER_BOUND('',#1306,.T.);
#690=FACE_OUTER_BOUND('',#1307,.T.);
#691=FACE_OUTER_BOUND('',#1308,.T.);
#692=FACE_OUTER_BOUND('',#1309,.T.);
#693=FACE_OUTER_BOUND('',#1310,.T.);
#694=FACE_OUTER_BOUND('',#1311,.T.);
#695=FACE_OUTER_BOUND('',#1312,.T.);
#696=FACE_OUTER_BOUND('',#1313,.T.);
#697=FACE_OUTER_BOUND('',#1314,.T.);
#698=FACE_OUTER_BOUND('',#1315,.T.);
#699=FACE_OUTER_BOUND('',#1316,.T.);
#700=FACE_OUTER_BOUND('',#1317,.T.);
#701=FACE_OUTER_BOUND('',#1318,.T.);
#702=FACE_OUTER_BOUND('',#1319,.T.);
#703=FACE_OUTER_BOUND('',#1320,.T.);
#704=FACE_OUTER_BOUND('',#1321,.T.);
#705=FACE_OUTER_BOUND('',#1322,.T.);
#706=FACE_OUTER_BOUND('',#1323,.T.);
#707=FACE_OUTER_BOUND('',#1324,.T.);
#708=FACE_OUTER_BOUND('',#1325,.T.);
#709=FACE_OUTER_BOUND('',#1326,.T.);
#710=FACE_OUTER_BOUND('',#1327,.T.);
#711=FACE_OUTER_BOUND('',#1328,.T.);
#712=FACE_OUTER_BOUND('',#1329,.T.);
#713=FACE_OUTER_BOUND('',#1330,.T.);
#714=FACE_OUTER_BOUND('',#1331,.T.);
#715=FACE_OUTER_BOUND('',#1332,.T.);
#716=FACE_OUTER_BOUND('',#1333,.T.);
#717=FACE_OUTER_BOUND('',#1334,.T.);
#718=FACE_OUTER_BOUND('',#1335,.T.);
#719=FACE_OUTER_BOUND('',#1336,.T.);
#720=FACE_OUTER_BOUND('',#1337,.T.);
#721=FACE_OUTER_BOUND('',#1338,.T.);
#722=FACE_OUTER_BOUND('',#1339,.T.);
#723=FACE_OUTER_BOUND('',#1340,.T.);
#724=FACE_OUTER_BOUND('',#1341,.T.);
#725=FACE_OUTER_BOUND('',#1342,.T.);
#726=FACE_OUTER_BOUND('',#1343,.T.);
#727=FACE_OUTER_BOUND('',#1344,.T.);
#728=FACE_OUTER_BOUND('',#1345,.T.);
#729=FACE_OUTER_BOUND('',#1346,.T.);
#730=FACE_OUTER_BOUND('',#1347,.T.);
#731=FACE_OUTER_BOUND('',#1348,.T.);
#732=FACE_OUTER_BOUND('',#1349,.T.);
#733=FACE_OUTER_BOUND('',#1350,.T.);
#734=FACE_OUTER_BOUND('',#1351,.T.);
#735=FACE_OUTER_BOUND('',#1352,.T.);
#736=FACE_OUTER_BOUND('',#1353,.T.);
#737=FACE_OUTER_BOUND('',#1355,.T.);
#738=FACE_OUTER_BOUND('',#1356,.T.);
#739=FACE_OUTER_BOUND('',#1357,.T.);
#740=FACE_OUTER_BOUND('',#1358,.T.);
#741=FACE_OUTER_BOUND('',#1359,.T.);
#742=FACE_OUTER_BOUND('',#1360,.T.);
#743=FACE_OUTER_BOUND('',#1361,.T.);
#744=FACE_OUTER_BOUND('',#1362,.T.);
#745=FACE_OUTER_BOUND('',#1363,.T.);
#746=FACE_OUTER_BOUND('',#1364,.T.);
#747=FACE_OUTER_BOUND('',#1365,.T.);
#748=FACE_OUTER_BOUND('',#1366,.T.);
#749=FACE_OUTER_BOUND('',#1367,.T.);
#750=FACE_OUTER_BOUND('',#1368,.T.);
#751=FACE_OUTER_BOUND('',#1369,.T.);
#752=FACE_OUTER_BOUND('',#1370,.T.);
#753=FACE_OUTER_BOUND('',#1371,.T.);
#754=FACE_OUTER_BOUND('',#1372,.T.);
#755=FACE_OUTER_BOUND('',#1373,.T.);
#756=FACE_OUTER_BOUND('',#1374,.T.);
#757=FACE_OUTER_BOUND('',#1375,.T.);
#758=FACE_OUTER_BOUND('',#1376,.T.);
#759=FACE_OUTER_BOUND('',#1377,.T.);
#760=FACE_OUTER_BOUND('',#1378,.T.);
#761=FACE_OUTER_BOUND('',#1379,.T.);
#762=FACE_OUTER_BOUND('',#1380,.T.);
#763=FACE_OUTER_BOUND('',#1381,.T.);
#764=FACE_OUTER_BOUND('',#1382,.T.);
#765=FACE_OUTER_BOUND('',#1383,.T.);
#766=FACE_OUTER_BOUND('',#1384,.T.);
#767=FACE_OUTER_BOUND('',#1385,.T.);
#768=FACE_OUTER_BOUND('',#1386,.T.);
#769=FACE_OUTER_BOUND('',#1387,.T.);
#770=FACE_OUTER_BOUND('',#1388,.T.);
#771=FACE_OUTER_BOUND('',#1389,.T.);
#772=FACE_OUTER_BOUND('',#1390,.T.);
#773=FACE_OUTER_BOUND('',#1391,.T.);
#774=FACE_OUTER_BOUND('',#1392,.T.);
#775=FACE_OUTER_BOUND('',#1393,.T.);
#776=FACE_OUTER_BOUND('',#1394,.T.);
#777=FACE_OUTER_BOUND('',#1395,.T.);
#778=FACE_OUTER_BOUND('',#1396,.T.);
#779=FACE_OUTER_BOUND('',#1397,.T.);
#780=FACE_OUTER_BOUND('',#1398,.T.);
#781=FACE_OUTER_BOUND('',#1399,.T.);
#782=FACE_OUTER_BOUND('',#1400,.T.);
#783=FACE_OUTER_BOUND('',#1401,.T.);
#784=FACE_OUTER_BOUND('',#1402,.T.);
#785=FACE_OUTER_BOUND('',#1403,.T.);
#786=FACE_OUTER_BOUND('',#1404,.T.);
#787=FACE_OUTER_BOUND('',#1405,.T.);
#788=FACE_OUTER_BOUND('',#1406,.T.);
#789=FACE_OUTER_BOUND('',#1407,.T.);
#790=FACE_OUTER_BOUND('',#1408,.T.);
#791=FACE_OUTER_BOUND('',#1409,.T.);
#792=FACE_OUTER_BOUND('',#1410,.T.);
#793=FACE_OUTER_BOUND('',#1411,.T.);
#794=FACE_OUTER_BOUND('',#1412,.T.);
#795=FACE_OUTER_BOUND('',#1413,.T.);
#796=FACE_OUTER_BOUND('',#1414,.T.);
#797=FACE_OUTER_BOUND('',#1415,.T.);
#798=FACE_OUTER_BOUND('',#1416,.T.);
#799=FACE_OUTER_BOUND('',#1417,.T.);
#800=FACE_OUTER_BOUND('',#1418,.T.);
#801=FACE_OUTER_BOUND('',#1419,.T.);
#802=FACE_OUTER_BOUND('',#1420,.T.);
#803=FACE_OUTER_BOUND('',#1421,.T.);
#804=FACE_OUTER_BOUND('',#1422,.T.);
#805=FACE_OUTER_BOUND('',#1423,.T.);
#806=FACE_OUTER_BOUND('',#1424,.T.);
#807=FACE_OUTER_BOUND('',#1425,.T.);
#808=FACE_OUTER_BOUND('',#1426,.T.);
#809=FACE_OUTER_BOUND('',#1427,.T.);
#810=FACE_OUTER_BOUND('',#1428,.T.);
#811=FACE_OUTER_BOUND('',#1429,.T.);
#812=FACE_OUTER_BOUND('',#1430,.T.);
#813=FACE_OUTER_BOUND('',#1431,.T.);
#814=FACE_OUTER_BOUND('',#1432,.T.);
#815=FACE_OUTER_BOUND('',#1433,.T.);
#816=FACE_OUTER_BOUND('',#1434,.T.);
#817=FACE_OUTER_BOUND('',#1435,.T.);
#818=FACE_OUTER_BOUND('',#1436,.T.);
#819=FACE_OUTER_BOUND('',#1437,.T.);
#820=FACE_OUTER_BOUND('',#1438,.T.);
#821=FACE_OUTER_BOUND('',#1439,.T.);
#822=FACE_OUTER_BOUND('',#1440,.T.);
#823=FACE_OUTER_BOUND('',#1441,.T.);
#824=FACE_OUTER_BOUND('',#1442,.T.);
#825=FACE_OUTER_BOUND('',#1443,.T.);
#826=FACE_OUTER_BOUND('',#1444,.T.);
#827=FACE_OUTER_BOUND('',#1445,.T.);
#828=FACE_OUTER_BOUND('',#1446,.T.);
#829=FACE_OUTER_BOUND('',#1447,.T.);
#830=FACE_OUTER_BOUND('',#1448,.T.);
#831=FACE_OUTER_BOUND('',#1449,.T.);
#832=FACE_OUTER_BOUND('',#1450,.T.);
#833=FACE_OUTER_BOUND('',#1451,.T.);
#834=FACE_OUTER_BOUND('',#1452,.T.);
#835=FACE_OUTER_BOUND('',#1453,.T.);
#836=FACE_OUTER_BOUND('',#1454,.T.);
#837=FACE_OUTER_BOUND('',#1455,.T.);
#838=FACE_OUTER_BOUND('',#1456,.T.);
#839=FACE_OUTER_BOUND('',#1457,.T.);
#840=FACE_OUTER_BOUND('',#1458,.T.);
#841=FACE_OUTER_BOUND('',#1459,.T.);
#842=FACE_OUTER_BOUND('',#1460,.T.);
#843=FACE_OUTER_BOUND('',#1461,.T.);
#844=FACE_OUTER_BOUND('',#1462,.T.);
#845=FACE_OUTER_BOUND('',#1463,.T.);
#846=FACE_OUTER_BOUND('',#1464,.T.);
#847=FACE_OUTER_BOUND('',#1465,.T.);
#848=FACE_OUTER_BOUND('',#1466,.T.);
#849=FACE_OUTER_BOUND('',#1468,.T.);
#850=FACE_OUTER_BOUND('',#1469,.T.);
#851=FACE_OUTER_BOUND('',#1470,.T.);
#852=FACE_OUTER_BOUND('',#1471,.T.);
#853=FACE_OUTER_BOUND('',#1472,.T.);
#854=FACE_OUTER_BOUND('',#1473,.T.);
#855=FACE_OUTER_BOUND('',#1474,.T.);
#856=FACE_OUTER_BOUND('',#1475,.T.);
#857=FACE_OUTER_BOUND('',#1476,.T.);
#858=FACE_OUTER_BOUND('',#1478,.T.);
#859=FACE_OUTER_BOUND('',#1479,.T.);
#860=FACE_OUTER_BOUND('',#1480,.T.);
#861=FACE_OUTER_BOUND('',#1481,.T.);
#862=FACE_OUTER_BOUND('',#1482,.T.);
#863=FACE_OUTER_BOUND('',#1483,.T.);
#864=FACE_OUTER_BOUND('',#1484,.T.);
#865=FACE_OUTER_BOUND('',#1485,.T.);
#866=FACE_OUTER_BOUND('',#1486,.T.);
#867=FACE_OUTER_BOUND('',#1487,.T.);
#868=FACE_OUTER_BOUND('',#1488,.T.);
#869=FACE_OUTER_BOUND('',#1489,.T.);
#870=FACE_OUTER_BOUND('',#1490,.T.);
#871=FACE_OUTER_BOUND('',#1491,.T.);
#872=FACE_OUTER_BOUND('',#1492,.T.);
#873=FACE_OUTER_BOUND('',#1494,.T.);
#874=FACE_OUTER_BOUND('',#1495,.T.);
#875=FACE_OUTER_BOUND('',#1496,.T.);
#876=FACE_OUTER_BOUND('',#1497,.T.);
#877=FACE_OUTER_BOUND('',#1498,.T.);
#878=FACE_OUTER_BOUND('',#1499,.T.);
#879=FACE_OUTER_BOUND('',#1500,.T.);
#880=FACE_OUTER_BOUND('',#1501,.T.);
#881=FACE_OUTER_BOUND('',#1502,.T.);
#882=FACE_OUTER_BOUND('',#1504,.T.);
#883=FACE_OUTER_BOUND('',#1505,.T.);
#884=FACE_OUTER_BOUND('',#1506,.T.);
#885=FACE_OUTER_BOUND('',#1507,.T.);
#886=FACE_OUTER_BOUND('',#1508,.T.);
#887=FACE_OUTER_BOUND('',#1509,.T.);
#888=FACE_OUTER_BOUND('',#1510,.T.);
#889=FACE_OUTER_BOUND('',#1511,.T.);
#890=FACE_OUTER_BOUND('',#1512,.T.);
#891=FACE_OUTER_BOUND('',#1513,.T.);
#892=FACE_OUTER_BOUND('',#1514,.T.);
#893=FACE_OUTER_BOUND('',#1515,.T.);
#894=FACE_OUTER_BOUND('',#1516,.T.);
#895=FACE_OUTER_BOUND('',#1517,.T.);
#896=FACE_OUTER_BOUND('',#1518,.T.);
#897=FACE_OUTER_BOUND('',#1520,.T.);
#898=FACE_OUTER_BOUND('',#1521,.T.);
#899=FACE_OUTER_BOUND('',#1522,.T.);
#900=FACE_OUTER_BOUND('',#1523,.T.);
#901=FACE_OUTER_BOUND('',#1524,.T.);
#902=FACE_OUTER_BOUND('',#1525,.T.);
#903=FACE_OUTER_BOUND('',#1526,.T.);
#904=FACE_OUTER_BOUND('',#1527,.T.);
#905=FACE_OUTER_BOUND('',#1528,.T.);
#906=FACE_OUTER_BOUND('',#1530,.T.);
#907=FACE_OUTER_BOUND('',#1531,.T.);
#908=FACE_OUTER_BOUND('',#1532,.T.);
#909=FACE_OUTER_BOUND('',#1533,.T.);
#910=FACE_OUTER_BOUND('',#1534,.T.);
#911=FACE_OUTER_BOUND('',#1535,.T.);
#912=FACE_OUTER_BOUND('',#1536,.T.);
#913=FACE_OUTER_BOUND('',#1537,.T.);
#914=FACE_OUTER_BOUND('',#1538,.T.);
#915=FACE_OUTER_BOUND('',#1539,.T.);
#916=FACE_OUTER_BOUND('',#1540,.T.);
#917=FACE_OUTER_BOUND('',#1541,.T.);
#918=FACE_OUTER_BOUND('',#1542,.T.);
#919=FACE_OUTER_BOUND('',#1543,.T.);
#920=FACE_OUTER_BOUND('',#1544,.T.);
#921=FACE_OUTER_BOUND('',#1546,.T.);
#922=FACE_OUTER_BOUND('',#1547,.T.);
#923=FACE_OUTER_BOUND('',#1548,.T.);
#924=FACE_OUTER_BOUND('',#1549,.T.);
#925=FACE_OUTER_BOUND('',#1550,.T.);
#926=FACE_OUTER_BOUND('',#1551,.T.);
#927=FACE_OUTER_BOUND('',#1552,.T.);
#928=FACE_OUTER_BOUND('',#1553,.T.);
#929=FACE_OUTER_BOUND('',#1554,.T.);
#930=FACE_OUTER_BOUND('',#1556,.T.);
#931=FACE_OUTER_BOUND('',#1557,.T.);
#932=FACE_OUTER_BOUND('',#1558,.T.);
#933=FACE_OUTER_BOUND('',#1559,.T.);
#934=FACE_OUTER_BOUND('',#1560,.T.);
#935=FACE_OUTER_BOUND('',#1561,.T.);
#936=FACE_OUTER_BOUND('',#1562,.T.);
#937=FACE_OUTER_BOUND('',#1563,.T.);
#938=FACE_OUTER_BOUND('',#1564,.T.);
#939=FACE_OUTER_BOUND('',#1565,.T.);
#940=FACE_OUTER_BOUND('',#1566,.T.);
#941=FACE_OUTER_BOUND('',#1567,.T.);
#942=FACE_OUTER_BOUND('',#1568,.T.);
#943=FACE_OUTER_BOUND('',#1569,.T.);
#944=FACE_OUTER_BOUND('',#1570,.T.);
#945=FACE_OUTER_BOUND('',#1572,.T.);
#946=FACE_OUTER_BOUND('',#1573,.T.);
#947=FACE_OUTER_BOUND('',#1574,.T.);
#948=FACE_OUTER_BOUND('',#1575,.T.);
#949=FACE_OUTER_BOUND('',#1576,.T.);
#950=FACE_OUTER_BOUND('',#1577,.T.);
#951=FACE_OUTER_BOUND('',#1578,.T.);
#952=FACE_OUTER_BOUND('',#1579,.T.);
#953=FACE_OUTER_BOUND('',#1580,.T.);
#954=FACE_OUTER_BOUND('',#1582,.T.);
#955=FACE_OUTER_BOUND('',#1583,.T.);
#956=FACE_OUTER_BOUND('',#1584,.T.);
#957=FACE_OUTER_BOUND('',#1585,.T.);
#958=FACE_OUTER_BOUND('',#1586,.T.);
#959=FACE_OUTER_BOUND('',#1587,.T.);
#960=FACE_OUTER_BOUND('',#1588,.T.);
#961=FACE_OUTER_BOUND('',#1589,.T.);
#962=FACE_OUTER_BOUND('',#1590,.T.);
#963=FACE_OUTER_BOUND('',#1591,.T.);
#964=FACE_OUTER_BOUND('',#1592,.T.);
#965=FACE_OUTER_BOUND('',#1593,.T.);
#966=FACE_OUTER_BOUND('',#1594,.T.);
#967=FACE_OUTER_BOUND('',#1595,.T.);
#968=FACE_OUTER_BOUND('',#1596,.T.);
#969=FACE_OUTER_BOUND('',#1598,.T.);
#970=FACE_OUTER_BOUND('',#1599,.T.);
#971=FACE_OUTER_BOUND('',#1600,.T.);
#972=FACE_OUTER_BOUND('',#1601,.T.);
#973=FACE_OUTER_BOUND('',#1602,.T.);
#974=FACE_OUTER_BOUND('',#1603,.T.);
#975=FACE_OUTER_BOUND('',#1604,.T.);
#976=FACE_OUTER_BOUND('',#1605,.T.);
#977=FACE_OUTER_BOUND('',#1606,.T.);
#978=FACE_OUTER_BOUND('',#1608,.T.);
#979=FACE_OUTER_BOUND('',#1609,.T.);
#980=FACE_OUTER_BOUND('',#1610,.T.);
#981=FACE_OUTER_BOUND('',#1611,.T.);
#982=FACE_OUTER_BOUND('',#1612,.T.);
#983=FACE_OUTER_BOUND('',#1613,.T.);
#984=FACE_OUTER_BOUND('',#1614,.T.);
#985=FACE_OUTER_BOUND('',#1615,.T.);
#986=FACE_OUTER_BOUND('',#1616,.T.);
#987=FACE_OUTER_BOUND('',#1617,.T.);
#988=FACE_OUTER_BOUND('',#1618,.T.);
#989=FACE_OUTER_BOUND('',#1619,.T.);
#990=FACE_OUTER_BOUND('',#1620,.T.);
#991=FACE_OUTER_BOUND('',#1621,.T.);
#992=FACE_OUTER_BOUND('',#1622,.T.);
#993=FACE_OUTER_BOUND('',#1623,.T.);
#994=FACE_OUTER_BOUND('',#1624,.T.);
#995=FACE_OUTER_BOUND('',#1625,.T.);
#996=FACE_OUTER_BOUND('',#1626,.T.);
#997=FACE_OUTER_BOUND('',#1627,.T.);
#998=FACE_OUTER_BOUND('',#1628,.T.);
#999=FACE_OUTER_BOUND('',#1629,.T.);
#1000=FACE_OUTER_BOUND('',#1630,.T.);
#1001=FACE_OUTER_BOUND('',#1631,.T.);
#1002=FACE_OUTER_BOUND('',#1632,.T.);
#1003=FACE_OUTER_BOUND('',#1633,.T.);
#1004=FACE_OUTER_BOUND('',#1634,.T.);
#1005=FACE_OUTER_BOUND('',#1635,.T.);
#1006=FACE_OUTER_BOUND('',#1636,.T.);
#1007=FACE_OUTER_BOUND('',#1637,.T.);
#1008=FACE_OUTER_BOUND('',#1638,.T.);
#1009=FACE_OUTER_BOUND('',#1639,.T.);
#1010=FACE_OUTER_BOUND('',#1640,.T.);
#1011=FACE_OUTER_BOUND('',#1641,.T.);
#1012=FACE_OUTER_BOUND('',#1642,.T.);
#1013=FACE_OUTER_BOUND('',#1643,.T.);
#1014=FACE_OUTER_BOUND('',#1644,.T.);
#1015=FACE_OUTER_BOUND('',#1645,.T.);
#1016=FACE_OUTER_BOUND('',#1646,.T.);
#1017=FACE_OUTER_BOUND('',#1647,.T.);
#1018=FACE_OUTER_BOUND('',#1648,.T.);
#1019=FACE_OUTER_BOUND('',#1649,.T.);
#1020=FACE_OUTER_BOUND('',#1650,.T.);
#1021=FACE_OUTER_BOUND('',#1651,.T.);
#1022=FACE_OUTER_BOUND('',#1652,.T.);
#1023=FACE_OUTER_BOUND('',#1653,.T.);
#1024=FACE_OUTER_BOUND('',#1654,.T.);
#1025=FACE_OUTER_BOUND('',#1655,.T.);
#1026=FACE_OUTER_BOUND('',#1656,.T.);
#1027=FACE_OUTER_BOUND('',#1657,.T.);
#1028=FACE_OUTER_BOUND('',#1658,.T.);
#1029=FACE_OUTER_BOUND('',#1659,.T.);
#1030=FACE_OUTER_BOUND('',#1660,.T.);
#1031=FACE_OUTER_BOUND('',#1661,.T.);
#1032=FACE_OUTER_BOUND('',#1662,.T.);
#1033=FACE_OUTER_BOUND('',#1663,.T.);
#1034=FACE_OUTER_BOUND('',#1664,.T.);
#1035=FACE_OUTER_BOUND('',#1665,.T.);
#1036=FACE_OUTER_BOUND('',#1666,.T.);
#1037=FACE_OUTER_BOUND('',#1667,.T.);
#1038=FACE_OUTER_BOUND('',#1668,.T.);
#1039=FACE_OUTER_BOUND('',#1669,.T.);
#1040=FACE_OUTER_BOUND('',#1670,.T.);
#1041=FACE_OUTER_BOUND('',#1671,.T.);
#1042=FACE_OUTER_BOUND('',#1672,.T.);
#1043=FACE_OUTER_BOUND('',#1673,.T.);
#1044=FACE_OUTER_BOUND('',#1674,.T.);
#1045=FACE_OUTER_BOUND('',#1675,.T.);
#1046=FACE_OUTER_BOUND('',#1676,.T.);
#1047=FACE_OUTER_BOUND('',#1677,.T.);
#1048=FACE_OUTER_BOUND('',#1678,.T.);
#1049=FACE_OUTER_BOUND('',#1679,.T.);
#1050=FACE_OUTER_BOUND('',#1680,.T.);
#1051=FACE_OUTER_BOUND('',#1681,.T.);
#1052=FACE_OUTER_BOUND('',#1682,.T.);
#1053=FACE_OUTER_BOUND('',#1683,.T.);
#1054=FACE_OUTER_BOUND('',#1684,.T.);
#1055=FACE_OUTER_BOUND('',#1685,.T.);
#1056=FACE_OUTER_BOUND('',#1686,.T.);
#1057=FACE_OUTER_BOUND('',#1687,.T.);
#1058=FACE_OUTER_BOUND('',#1688,.T.);
#1059=FACE_OUTER_BOUND('',#1689,.T.);
#1060=FACE_OUTER_BOUND('',#1690,.T.);
#1061=FACE_OUTER_BOUND('',#1691,.T.);
#1062=FACE_OUTER_BOUND('',#1692,.T.);
#1063=FACE_OUTER_BOUND('',#1693,.T.);
#1064=FACE_OUTER_BOUND('',#1694,.T.);
#1065=FACE_OUTER_BOUND('',#1695,.T.);
#1066=FACE_OUTER_BOUND('',#1696,.T.);
#1067=FACE_OUTER_BOUND('',#1697,.T.);
#1068=FACE_OUTER_BOUND('',#1698,.T.);
#1069=FACE_OUTER_BOUND('',#1699,.T.);
#1070=FACE_OUTER_BOUND('',#1700,.T.);
#1071=FACE_OUTER_BOUND('',#1701,.T.);
#1072=FACE_OUTER_BOUND('',#1702,.T.);
#1073=FACE_OUTER_BOUND('',#1703,.T.);
#1074=FACE_OUTER_BOUND('',#1704,.T.);
#1075=FACE_OUTER_BOUND('',#1705,.T.);
#1076=FACE_OUTER_BOUND('',#1706,.T.);
#1077=FACE_OUTER_BOUND('',#1707,.T.);
#1078=FACE_OUTER_BOUND('',#1708,.T.);
#1079=FACE_OUTER_BOUND('',#1709,.T.);
#1080=FACE_OUTER_BOUND('',#1710,.T.);
#1081=FACE_OUTER_BOUND('',#1711,.T.);
#1082=FACE_OUTER_BOUND('',#1712,.T.);
#1083=FACE_OUTER_BOUND('',#1713,.T.);
#1084=FACE_OUTER_BOUND('',#1714,.T.);
#1085=FACE_OUTER_BOUND('',#1715,.T.);
#1086=FACE_OUTER_BOUND('',#1716,.T.);
#1087=FACE_OUTER_BOUND('',#1717,.T.);
#1088=FACE_OUTER_BOUND('',#1718,.T.);
#1089=FACE_OUTER_BOUND('',#1719,.T.);
#1090=FACE_OUTER_BOUND('',#1720,.T.);
#1091=FACE_OUTER_BOUND('',#1721,.T.);
#1092=FACE_OUTER_BOUND('',#1722,.T.);
#1093=FACE_OUTER_BOUND('',#1723,.T.);
#1094=FACE_OUTER_BOUND('',#1724,.T.);
#1095=FACE_OUTER_BOUND('',#1725,.T.);
#1096=FACE_OUTER_BOUND('',#1726,.T.);
#1097=FACE_OUTER_BOUND('',#1727,.T.);
#1098=FACE_OUTER_BOUND('',#1728,.T.);
#1099=FACE_OUTER_BOUND('',#1729,.T.);
#1100=FACE_OUTER_BOUND('',#1730,.T.);
#1101=FACE_OUTER_BOUND('',#1731,.T.);
#1102=FACE_OUTER_BOUND('',#1732,.T.);
#1103=FACE_OUTER_BOUND('',#1733,.T.);
#1104=FACE_OUTER_BOUND('',#1734,.T.);
#1105=FACE_OUTER_BOUND('',#1735,.T.);
#1106=FACE_OUTER_BOUND('',#1736,.T.);
#1107=FACE_OUTER_BOUND('',#1737,.T.);
#1108=FACE_OUTER_BOUND('',#1738,.T.);
#1109=FACE_OUTER_BOUND('',#1739,.T.);
#1110=FACE_OUTER_BOUND('',#1740,.T.);
#1111=FACE_OUTER_BOUND('',#1741,.T.);
#1112=FACE_OUTER_BOUND('',#1742,.T.);
#1113=FACE_OUTER_BOUND('',#1743,.T.);
#1114=FACE_OUTER_BOUND('',#1744,.T.);
#1115=FACE_OUTER_BOUND('',#1745,.T.);
#1116=FACE_OUTER_BOUND('',#1746,.T.);
#1117=FACE_OUTER_BOUND('',#1747,.T.);
#1118=FACE_OUTER_BOUND('',#1748,.T.);
#1119=FACE_OUTER_BOUND('',#1749,.T.);
#1120=FACE_OUTER_BOUND('',#1750,.T.);
#1121=FACE_OUTER_BOUND('',#1751,.T.);
#1122=FACE_OUTER_BOUND('',#1752,.T.);
#1123=FACE_OUTER_BOUND('',#1753,.T.);
#1124=FACE_OUTER_BOUND('',#1754,.T.);
#1125=FACE_OUTER_BOUND('',#1755,.T.);
#1126=FACE_OUTER_BOUND('',#1756,.T.);
#1127=FACE_OUTER_BOUND('',#1757,.T.);
#1128=FACE_OUTER_BOUND('',#1758,.T.);
#1129=FACE_OUTER_BOUND('',#1759,.T.);
#1130=FACE_OUTER_BOUND('',#1760,.T.);
#1131=FACE_OUTER_BOUND('',#1761,.T.);
#1132=FACE_OUTER_BOUND('',#1762,.T.);
#1133=FACE_OUTER_BOUND('',#1763,.T.);
#1134=FACE_OUTER_BOUND('',#1764,.T.);
#1135=FACE_OUTER_BOUND('',#1765,.T.);
#1136=FACE_OUTER_BOUND('',#1766,.T.);
#1137=FACE_OUTER_BOUND('',#1767,.T.);
#1138=FACE_OUTER_BOUND('',#1768,.T.);
#1139=FACE_OUTER_BOUND('',#1769,.T.);
#1140=FACE_OUTER_BOUND('',#1770,.T.);
#1141=FACE_OUTER_BOUND('',#1771,.T.);
#1142=FACE_OUTER_BOUND('',#1772,.T.);
#1143=FACE_OUTER_BOUND('',#1773,.T.);
#1144=FACE_OUTER_BOUND('',#1774,.T.);
#1145=FACE_OUTER_BOUND('',#1775,.T.);
#1146=FACE_OUTER_BOUND('',#1776,.T.);
#1147=FACE_OUTER_BOUND('',#1777,.T.);
#1148=FACE_OUTER_BOUND('',#1778,.T.);
#1149=FACE_OUTER_BOUND('',#1779,.T.);
#1150=FACE_OUTER_BOUND('',#1780,.T.);
#1151=FACE_OUTER_BOUND('',#1781,.T.);
#1152=FACE_OUTER_BOUND('',#1782,.T.);
#1153=FACE_OUTER_BOUND('',#1783,.T.);
#1154=FACE_OUTER_BOUND('',#1784,.T.);
#1155=FACE_OUTER_BOUND('',#1785,.T.);
#1156=FACE_OUTER_BOUND('',#1786,.T.);
#1157=FACE_OUTER_BOUND('',#1787,.T.);
#1158=FACE_OUTER_BOUND('',#1788,.T.);
#1159=FACE_OUTER_BOUND('',#1789,.T.);
#1160=FACE_OUTER_BOUND('',#1790,.T.);
#1161=FACE_OUTER_BOUND('',#1791,.T.);
#1162=FACE_OUTER_BOUND('',#1792,.T.);
#1163=FACE_OUTER_BOUND('',#1793,.T.);
#1164=FACE_OUTER_BOUND('',#1794,.T.);
#1165=FACE_OUTER_BOUND('',#1795,.T.);
#1166=FACE_OUTER_BOUND('',#1796,.T.);
#1167=FACE_OUTER_BOUND('',#1797,.T.);
#1168=FACE_OUTER_BOUND('',#1798,.T.);
#1169=FACE_OUTER_BOUND('',#1799,.T.);
#1170=FACE_OUTER_BOUND('',#1800,.T.);
#1171=FACE_OUTER_BOUND('',#1801,.T.);
#1172=FACE_OUTER_BOUND('',#1802,.T.);
#1173=FACE_OUTER_BOUND('',#1803,.T.);
#1174=FACE_OUTER_BOUND('',#1804,.T.);
#1175=FACE_OUTER_BOUND('',#1805,.T.);
#1176=FACE_OUTER_BOUND('',#1806,.T.);
#1177=FACE_OUTER_BOUND('',#1807,.T.);
#1178=FACE_OUTER_BOUND('',#1808,.T.);
#1179=FACE_OUTER_BOUND('',#1809,.T.);
#1180=FACE_OUTER_BOUND('',#1810,.T.);
#1181=FACE_OUTER_BOUND('',#1811,.T.);
#1182=FACE_OUTER_BOUND('',#1812,.T.);
#1183=FACE_OUTER_BOUND('',#1813,.T.);
#1184=FACE_OUTER_BOUND('',#1814,.T.);
#1185=FACE_OUTER_BOUND('',#1815,.T.);
#1186=FACE_OUTER_BOUND('',#1816,.T.);
#1187=FACE_OUTER_BOUND('',#1817,.T.);
#1188=FACE_OUTER_BOUND('',#1818,.T.);
#1189=FACE_OUTER_BOUND('',#1819,.T.);
#1190=FACE_OUTER_BOUND('',#1820,.T.);
#1191=FACE_OUTER_BOUND('',#1821,.T.);
#1192=FACE_OUTER_BOUND('',#1822,.T.);
#1193=FACE_OUTER_BOUND('',#1823,.T.);
#1194=FACE_OUTER_BOUND('',#1824,.T.);
#1195=FACE_OUTER_BOUND('',#1825,.T.);
#1196=FACE_OUTER_BOUND('',#1826,.T.);
#1197=FACE_OUTER_BOUND('',#1827,.T.);
#1198=FACE_OUTER_BOUND('',#1828,.T.);
#1199=FACE_OUTER_BOUND('',#1829,.T.);
#1200=FACE_OUTER_BOUND('',#1830,.T.);
#1201=FACE_OUTER_BOUND('',#1831,.T.);
#1202=FACE_OUTER_BOUND('',#1832,.T.);
#1203=FACE_OUTER_BOUND('',#1833,.T.);
#1204=FACE_OUTER_BOUND('',#1834,.T.);
#1205=FACE_OUTER_BOUND('',#1835,.T.);
#1206=FACE_OUTER_BOUND('',#1836,.T.);
#1207=FACE_OUTER_BOUND('',#1837,.T.);
#1208=FACE_OUTER_BOUND('',#1838,.T.);
#1209=FACE_OUTER_BOUND('',#1839,.T.);
#1210=FACE_OUTER_BOUND('',#1840,.T.);
#1211=FACE_OUTER_BOUND('',#1841,.T.);
#1212=FACE_OUTER_BOUND('',#1842,.T.);
#1213=FACE_OUTER_BOUND('',#1844,.T.);
#1214=FACE_OUTER_BOUND('',#1845,.T.);
#1215=FACE_OUTER_BOUND('',#1846,.T.);
#1216=FACE_OUTER_BOUND('',#1848,.T.);
#1217=EDGE_LOOP('',(#6399,#6400,#6401,#6402));
#1218=EDGE_LOOP('',(#6403,#6404,#6405,#6406));
#1219=EDGE_LOOP('',(#6407,#6408,#6409,#6410));
#1220=EDGE_LOOP('',(#6411,#6412,#6413,#6414));
#1221=EDGE_LOOP('',(#6415,#6416,#6417,#6418));
#1222=EDGE_LOOP('',(#6419,#6420,#6421,#6422));
#1223=EDGE_LOOP('',(#6423,#6424,#6425,#6426,#6427,#6428,#6429,#6430));
#1224=EDGE_LOOP('',(#6431));
#1225=EDGE_LOOP('',(#6432,#6433,#6434,#6435,#6436,#6437));
#1226=EDGE_LOOP('',(#6438,#6439,#6440,#6441));
#1227=EDGE_LOOP('',(#6442,#6443,#6444,#6445));
#1228=EDGE_LOOP('',(#6446,#6447,#6448,#6449,#6450,#6451));
#1229=EDGE_LOOP('',(#6452,#6453,#6454,#6455));
#1230=EDGE_LOOP('',(#6456,#6457,#6458,#6459));
#1231=EDGE_LOOP('',(#6460,#6461,#6462,#6463));
#1232=EDGE_LOOP('',(#6464,#6465,#6466,#6467,#6468));
#1233=EDGE_LOOP('',(#6469,#6470,#6471,#6472,#6473));
#1234=EDGE_LOOP('',(#6474));
#1235=EDGE_LOOP('',(#6475,#6476,#6477,#6478,#6479));
#1236=EDGE_LOOP('',(#6480,#6481,#6482,#6483,#6484));
#1237=EDGE_LOOP('',(#6485));
#1238=EDGE_LOOP('',(#6486));
#1239=EDGE_LOOP('',(#6487,#6488,#6489,#6490,#6491,#6492));
#1240=EDGE_LOOP('',(#6493,#6494,#6495,#6496,#6497,#6498));
#1241=EDGE_LOOP('',(#6499,#6500,#6501,#6502));
#1242=EDGE_LOOP('',(#6503,#6504,#6505,#6506));
#1243=EDGE_LOOP('',(#6507,#6508,#6509,#6510));
#1244=EDGE_LOOP('',(#6511,#6512,#6513,#6514));
#1245=EDGE_LOOP('',(#6515,#6516,#6517,#6518));
#1246=EDGE_LOOP('',(#6519,#6520,#6521,#6522,#6523,#6524,#6525,#6526));
#1247=EDGE_LOOP('',(#6527));
#1248=EDGE_LOOP('',(#6528));
#1249=EDGE_LOOP('',(#6529,#6530,#6531,#6532));
#1250=EDGE_LOOP('',(#6533,#6534,#6535,#6536));
#1251=EDGE_LOOP('',(#6537,#6538,#6539,#6540));
#1252=EDGE_LOOP('',(#6541,#6542,#6543,#6544));
#1253=EDGE_LOOP('',(#6545,#6546,#6547,#6548));
#1254=EDGE_LOOP('',(#6549,#6550,#6551,#6552));
#1255=EDGE_LOOP('',(#6553,#6554,#6555,#6556));
#1256=EDGE_LOOP('',(#6557,#6558,#6559,#6560));
#1257=EDGE_LOOP('',(#6561,#6562,#6563,#6564));
#1258=EDGE_LOOP('',(#6565,#6566,#6567,#6568));
#1259=EDGE_LOOP('',(#6569));
#1260=EDGE_LOOP('',(#6570,#6571,#6572,#6573));
#1261=EDGE_LOOP('',(#6574));
#1262=EDGE_LOOP('',(#6575,#6576,#6577,#6578,#6579,#6580));
#1263=EDGE_LOOP('',(#6581,#6582,#6583,#6584,#6585,#6586,#6587,#6588,#6589,
#6590,#6591,#6592));
#1264=EDGE_LOOP('',(#6593,#6594,#6595,#6596,#6597,#6598));
#1265=EDGE_LOOP('',(#6599,#6600,#6601,#6602));
#1266=EDGE_LOOP('',(#6603,#6604,#6605,#6606,#6607));
#1267=EDGE_LOOP('',(#6608,#6609,#6610,#6611,#6612,#6613));
#1268=EDGE_LOOP('',(#6614,#6615,#6616,#6617,#6618,#6619,#6620,#6621,#6622,
#6623,#6624,#6625,#6626,#6627,#6628,#6629,#6630,#6631,#6632,#6633,#6634,
#6635,#6636,#6637,#6638,#6639,#6640,#6641,#6642,#6643,#6644,#6645,#6646,
#6647,#6648,#6649,#6650,#6651,#6652,#6653));
#1269=EDGE_LOOP('',(#6654));
#1270=EDGE_LOOP('',(#6655,#6656,#6657,#6658,#6659,#6660));
#1271=EDGE_LOOP('',(#6661,#6662,#6663,#6664,#6665));
#1272=EDGE_LOOP('',(#6666,#6667,#6668,#6669,#6670,#6671));
#1273=EDGE_LOOP('',(#6672,#6673,#6674,#6675,#6676,#6677));
#1274=EDGE_LOOP('',(#6678,#6679,#6680,#6681,#6682));
#1275=EDGE_LOOP('',(#6683,#6684,#6685,#6686,#6687,#6688));
#1276=EDGE_LOOP('',(#6689,#6690,#6691,#6692,#6693));
#1277=EDGE_LOOP('',(#6694,#6695,#6696,#6697,#6698,#6699));
#1278=EDGE_LOOP('',(#6700,#6701,#6702,#6703,#6704,#6705,#6706,#6707,#6708,
#6709,#6710,#6711,#6712,#6713,#6714,#6715));
#1279=EDGE_LOOP('',(#6716));
#1280=EDGE_LOOP('',(#6717,#6718,#6719,#6720,#6721,#6722));
#1281=EDGE_LOOP('',(#6723,#6724,#6725,#6726,#6727,#6728,#6729,#6730,#6731,
#6732,#6733,#6734));
#1282=EDGE_LOOP('',(#6735,#6736,#6737,#6738,#6739,#6740));
#1283=EDGE_LOOP('',(#6741,#6742,#6743,#6744,#6745,#6746));
#1284=EDGE_LOOP('',(#6747,#6748,#6749,#6750,#6751,#6752,#6753,#6754,#6755,
#6756,#6757,#6758));
#1285=EDGE_LOOP('',(#6759,#6760,#6761,#6762));
#1286=EDGE_LOOP('',(#6763,#6764,#6765,#6766,#6767,#6768));
#1287=EDGE_LOOP('',(#6769,#6770,#6771,#6772));
#1288=EDGE_LOOP('',(#6773,#6774,#6775,#6776,#6777,#6778));
#1289=EDGE_LOOP('',(#6779,#6780,#6781,#6782,#6783,#6784));
#1290=EDGE_LOOP('',(#6785,#6786,#6787,#6788));
#1291=EDGE_LOOP('',(#6789,#6790,#6791,#6792,#6793,#6794));
#1292=EDGE_LOOP('',(#6795,#6796,#6797,#6798,#6799,#6800));
#1293=EDGE_LOOP('',(#6801,#6802,#6803,#6804,#6805,#6806,#6807,#6808,#6809,
#6810,#6811,#6812));
#1294=EDGE_LOOP('',(#6813,#6814,#6815,#6816,#6817,#6818));
#1295=EDGE_LOOP('',(#6819,#6820,#6821,#6822));
#1296=EDGE_LOOP('',(#6823,#6824,#6825,#6826,#6827,#6828));
#1297=EDGE_LOOP('',(#6829,#6830,#6831,#6832));
#1298=EDGE_LOOP('',(#6833,#6834,#6835,#6836,#6837,#6838));
#1299=EDGE_LOOP('',(#6839,#6840,#6841,#6842,#6843,#6844,#6845,#6846,#6847,
#6848,#6849,#6850));
#1300=EDGE_LOOP('',(#6851,#6852,#6853,#6854));
#1301=EDGE_LOOP('',(#6855,#6856,#6857,#6858,#6859,#6860));
#1302=EDGE_LOOP('',(#6861,#6862,#6863,#6864,#6865));
#1303=EDGE_LOOP('',(#6866,#6867,#6868,#6869,#6870,#6871));
#1304=EDGE_LOOP('',(#6872,#6873,#6874,#6875,#6876));
#1305=EDGE_LOOP('',(#6877,#6878,#6879,#6880));
#1306=EDGE_LOOP('',(#6881,#6882,#6883,#6884,#6885,#6886));
#1307=EDGE_LOOP('',(#6887,#6888,#6889,#6890,#6891,#6892));
#1308=EDGE_LOOP('',(#6893,#6894,#6895,#6896,#6897,#6898,#6899,#6900,#6901,
#6902,#6903,#6904));
#1309=EDGE_LOOP('',(#6905,#6906,#6907,#6908,#6909,#6910));
#1310=EDGE_LOOP('',(#6911,#6912,#6913,#6914,#6915,#6916));
#1311=EDGE_LOOP('',(#6917,#6918,#6919,#6920));
#1312=EDGE_LOOP('',(#6921,#6922,#6923,#6924,#6925,#6926));
#1313=EDGE_LOOP('',(#6927,#6928,#6929,#6930,#6931,#6932,#6933,#6934,#6935,
#6936,#6937,#6938));
#1314=EDGE_LOOP('',(#6939,#6940,#6941,#6942));
#1315=EDGE_LOOP('',(#6943,#6944,#6945,#6946,#6947,#6948));
#1316=EDGE_LOOP('',(#6949,#6950,#6951,#6952,#6953,#6954));
#1317=EDGE_LOOP('',(#6955,#6956,#6957,#6958));
#1318=EDGE_LOOP('',(#6959,#6960,#6961,#6962));
#1319=EDGE_LOOP('',(#6963,#6964,#6965,#6966,#6967,#6968));
#1320=EDGE_LOOP('',(#6969,#6970,#6971,#6972,#6973,#6974,#6975,#6976,#6977,
#6978,#6979,#6980));
#1321=EDGE_LOOP('',(#6981,#6982,#6983,#6984));
#1322=EDGE_LOOP('',(#6985,#6986,#6987,#6988,#6989,#6990));
#1323=EDGE_LOOP('',(#6991,#6992,#6993,#6994,#6995,#6996));
#1324=EDGE_LOOP('',(#6997,#6998,#6999,#7000));
#1325=EDGE_LOOP('',(#7001,#7002,#7003,#7004));
#1326=EDGE_LOOP('',(#7005,#7006,#7007,#7008));
#1327=EDGE_LOOP('',(#7009,#7010,#7011,#7012));
#1328=EDGE_LOOP('',(#7013,#7014,#7015,#7016,#7017,#7018));
#1329=EDGE_LOOP('',(#7019,#7020,#7021,#7022,#7023,#7024,#7025,#7026,#7027,
#7028,#7029,#7030));
#1330=EDGE_LOOP('',(#7031,#7032,#7033,#7034));
#1331=EDGE_LOOP('',(#7035,#7036,#7037,#7038));
#1332=EDGE_LOOP('',(#7039,#7040,#7041,#7042));
#1333=EDGE_LOOP('',(#7043,#7044,#7045,#7046));
#1334=EDGE_LOOP('',(#7047,#7048,#7049,#7050,#7051,#7052));
#1335=EDGE_LOOP('',(#7053,#7054,#7055,#7056,#7057,#7058,#7059,#7060,#7061,
#7062,#7063,#7064));
#1336=EDGE_LOOP('',(#7065,#7066,#7067,#7068));
#1337=EDGE_LOOP('',(#7069,#7070,#7071,#7072,#7073,#7074,#7075,#7076,#7077,
#7078,#7079,#7080));
#1338=EDGE_LOOP('',(#7081,#7082,#7083,#7084));
#1339=EDGE_LOOP('',(#7085,#7086,#7087,#7088));
#1340=EDGE_LOOP('',(#7089,#7090,#7091,#7092,#7093,#7094));
#1341=EDGE_LOOP('',(#7095,#7096,#7097,#7098));
#1342=EDGE_LOOP('',(#7099,#7100,#7101,#7102,#7103,#7104,#7105,#7106,#7107,
#7108,#7109,#7110));
#1343=EDGE_LOOP('',(#7111,#7112,#7113,#7114,#7115,#7116));
#1344=EDGE_LOOP('',(#7117,#7118,#7119,#7120));
#1345=EDGE_LOOP('',(#7121,#7122,#7123,#7124));
#1346=EDGE_LOOP('',(#7125,#7126,#7127,#7128));
#1347=EDGE_LOOP('',(#7129,#7130,#7131,#7132));
#1348=EDGE_LOOP('',(#7133,#7134,#7135,#7136,#7137,#7138));
#1349=EDGE_LOOP('',(#7139,#7140,#7141,#7142,#7143,#7144,#7145,#7146,#7147,
#7148,#7149,#7150));
#1350=EDGE_LOOP('',(#7151,#7152,#7153,#7154));
#1351=EDGE_LOOP('',(#7155,#7156,#7157,#7158));
#1352=EDGE_LOOP('',(#7159,#7160,#7161,#7162));
#1353=EDGE_LOOP('',(#7163));
#1354=EDGE_LOOP('',(#7164));
#1355=EDGE_LOOP('',(#7165,#7166,#7167,#7168));
#1356=EDGE_LOOP('',(#7169,#7170,#7171,#7172));
#1357=EDGE_LOOP('',(#7173,#7174,#7175,#7176));
#1358=EDGE_LOOP('',(#7177,#7178,#7179,#7180));
#1359=EDGE_LOOP('',(#7181,#7182,#7183,#7184));
#1360=EDGE_LOOP('',(#7185,#7186,#7187,#7188,#7189,#7190));
#1361=EDGE_LOOP('',(#7191,#7192,#7193,#7194));
#1362=EDGE_LOOP('',(#7195,#7196,#7197,#7198));
#1363=EDGE_LOOP('',(#7199,#7200,#7201,#7202,#7203,#7204,#7205,#7206,#7207,
#7208,#7209,#7210));
#1364=EDGE_LOOP('',(#7211,#7212,#7213,#7214));
#1365=EDGE_LOOP('',(#7215,#7216,#7217,#7218));
#1366=EDGE_LOOP('',(#7219,#7220,#7221,#7222));
#1367=EDGE_LOOP('',(#7223,#7224,#7225,#7226));
#1368=EDGE_LOOP('',(#7227,#7228,#7229,#7230));
#1369=EDGE_LOOP('',(#7231,#7232,#7233,#7234));
#1370=EDGE_LOOP('',(#7235,#7236,#7237,#7238,#7239,#7240));
#1371=EDGE_LOOP('',(#7241,#7242,#7243,#7244));
#1372=EDGE_LOOP('',(#7245,#7246,#7247,#7248,#7249,#7250));
#1373=EDGE_LOOP('',(#7251,#7252,#7253,#7254));
#1374=EDGE_LOOP('',(#7255,#7256,#7257,#7258));
#1375=EDGE_LOOP('',(#7259,#7260,#7261,#7262));
#1376=EDGE_LOOP('',(#7263,#7264,#7265,#7266));
#1377=EDGE_LOOP('',(#7267,#7268,#7269,#7270));
#1378=EDGE_LOOP('',(#7271,#7272,#7273,#7274));
#1379=EDGE_LOOP('',(#7275,#7276,#7277,#7278,#7279,#7280,#7281,#7282,#7283,
#7284,#7285,#7286));
#1380=EDGE_LOOP('',(#7287,#7288,#7289,#7290));
#1381=EDGE_LOOP('',(#7291,#7292,#7293,#7294));
#1382=EDGE_LOOP('',(#7295,#7296,#7297,#7298));
#1383=EDGE_LOOP('',(#7299,#7300,#7301,#7302));
#1384=EDGE_LOOP('',(#7303,#7304,#7305,#7306));
#1385=EDGE_LOOP('',(#7307,#7308,#7309,#7310,#7311,#7312));
#1386=EDGE_LOOP('',(#7313,#7314,#7315,#7316));
#1387=EDGE_LOOP('',(#7317,#7318,#7319,#7320,#7321,#7322));
#1388=EDGE_LOOP('',(#7323,#7324,#7325,#7326));
#1389=EDGE_LOOP('',(#7327,#7328,#7329,#7330));
#1390=EDGE_LOOP('',(#7331,#7332,#7333,#7334));
#1391=EDGE_LOOP('',(#7335,#7336,#7337,#7338));
#1392=EDGE_LOOP('',(#7339,#7340,#7341,#7342));
#1393=EDGE_LOOP('',(#7343,#7344,#7345,#7346,#7347,#7348));
#1394=EDGE_LOOP('',(#7349,#7350,#7351,#7352,#7353,#7354,#7355,#7356,#7357,
#7358,#7359,#7360));
#1395=EDGE_LOOP('',(#7361,#7362,#7363,#7364));
#1396=EDGE_LOOP('',(#7365,#7366,#7367,#7368));
#1397=EDGE_LOOP('',(#7369,#7370,#7371,#7372));
#1398=EDGE_LOOP('',(#7373,#7374,#7375,#7376));
#1399=EDGE_LOOP('',(#7377,#7378,#7379,#7380));
#1400=EDGE_LOOP('',(#7381,#7382,#7383,#7384));
#1401=EDGE_LOOP('',(#7385,#7386,#7387,#7388));
#1402=EDGE_LOOP('',(#7389,#7390,#7391,#7392));
#1403=EDGE_LOOP('',(#7393,#7394,#7395,#7396,#7397,#7398));
#1404=EDGE_LOOP('',(#7399,#7400,#7401,#7402));
#1405=EDGE_LOOP('',(#7403,#7404,#7405,#7406));
#1406=EDGE_LOOP('',(#7407,#7408,#7409,#7410,#7411,#7412));
#1407=EDGE_LOOP('',(#7413,#7414,#7415,#7416));
#1408=EDGE_LOOP('',(#7417,#7418,#7419,#7420));
#1409=EDGE_LOOP('',(#7421,#7422,#7423,#7424));
#1410=EDGE_LOOP('',(#7425,#7426,#7427,#7428));
#1411=EDGE_LOOP('',(#7429,#7430,#7431,#7432));
#1412=EDGE_LOOP('',(#7433,#7434,#7435,#7436));
#1413=EDGE_LOOP('',(#7437,#7438,#7439,#7440));
#1414=EDGE_LOOP('',(#7441,#7442,#7443,#7444));
#1415=EDGE_LOOP('',(#7445,#7446,#7447,#7448));
#1416=EDGE_LOOP('',(#7449,#7450,#7451,#7452));
#1417=EDGE_LOOP('',(#7453,#7454,#7455,#7456));
#1418=EDGE_LOOP('',(#7457,#7458,#7459,#7460));
#1419=EDGE_LOOP('',(#7461,#7462,#7463,#7464,#7465));
#1420=EDGE_LOOP('',(#7466,#7467,#7468,#7469,#7470));
#1421=EDGE_LOOP('',(#7471,#7472,#7473,#7474,#7475,#7476,#7477,#7478,#7479,
#7480,#7481,#7482,#7483,#7484,#7485,#7486,#7487,#7488,#7489));
#1422=EDGE_LOOP('',(#7490,#7491,#7492,#7493,#7494,#7495,#7496,#7497,#7498,
#7499,#7500,#7501,#7502,#7503,#7504,#7505,#7506,#7507,#7508));
#1423=EDGE_LOOP('',(#7509,#7510,#7511,#7512,#7513));
#1424=EDGE_LOOP('',(#7514,#7515,#7516,#7517,#7518,#7519));
#1425=EDGE_LOOP('',(#7520,#7521,#7522,#7523,#7524,#7525));
#1426=EDGE_LOOP('',(#7526,#7527,#7528,#7529,#7530,#7531));
#1427=EDGE_LOOP('',(#7532,#7533,#7534,#7535,#7536,#7537));
#1428=EDGE_LOOP('',(#7538,#7539,#7540,#7541,#7542,#7543,#7544,#7545,#7546,
#7547,#7548,#7549,#7550,#7551,#7552,#7553,#7554,#7555,#7556));
#1429=EDGE_LOOP('',(#7557,#7558,#7559,#7560,#7561,#7562));
#1430=EDGE_LOOP('',(#7563,#7564,#7565,#7566,#7567,#7568));
#1431=EDGE_LOOP('',(#7569,#7570,#7571,#7572,#7573,#7574));
#1432=EDGE_LOOP('',(#7575,#7576,#7577,#7578,#7579,#7580,#7581,#7582,#7583,
#7584,#7585,#7586,#7587,#7588,#7589,#7590,#7591,#7592,#7593));
#1433=EDGE_LOOP('',(#7594,#7595,#7596,#7597,#7598,#7599));
#1434=EDGE_LOOP('',(#7600,#7601,#7602,#7603,#7604,#7605));
#1435=EDGE_LOOP('',(#7606,#7607,#7608,#7609,#7610,#7611));
#1436=EDGE_LOOP('',(#7612,#7613,#7614,#7615,#7616,#7617));
#1437=EDGE_LOOP('',(#7618,#7619,#7620,#7621));
#1438=EDGE_LOOP('',(#7622,#7623,#7624,#7625,#7626,#7627));
#1439=EDGE_LOOP('',(#7628,#7629,#7630,#7631,#7632,#7633));
#1440=EDGE_LOOP('',(#7634,#7635,#7636,#7637,#7638,#7639));
#1441=EDGE_LOOP('',(#7640,#7641,#7642,#7643,#7644,#7645,#7646));
#1442=EDGE_LOOP('',(#7647,#7648,#7649,#7650));
#1443=EDGE_LOOP('',(#7651,#7652,#7653,#7654,#7655,#7656));
#1444=EDGE_LOOP('',(#7657,#7658,#7659,#7660));
#1445=EDGE_LOOP('',(#7661,#7662,#7663,#7664));
#1446=EDGE_LOOP('',(#7665,#7666,#7667,#7668));
#1447=EDGE_LOOP('',(#7669,#7670,#7671,#7672));
#1448=EDGE_LOOP('',(#7673,#7674,#7675,#7676));
#1449=EDGE_LOOP('',(#7677,#7678,#7679,#7680,#7681,#7682,#7683,#7684,#7685,
#7686));
#1450=EDGE_LOOP('',(#7687,#7688,#7689,#7690,#7691,#7692,#7693));
#1451=EDGE_LOOP('',(#7694,#7695,#7696,#7697,#7698,#7699,#7700));
#1452=EDGE_LOOP('',(#7701,#7702,#7703,#7704));
#1453=EDGE_LOOP('',(#7705,#7706,#7707,#7708));
#1454=EDGE_LOOP('',(#7709,#7710,#7711,#7712));
#1455=EDGE_LOOP('',(#7713,#7714,#7715,#7716));
#1456=EDGE_LOOP('',(#7717,#7718,#7719,#7720));
#1457=EDGE_LOOP('',(#7721,#7722,#7723,#7724));
#1458=EDGE_LOOP('',(#7725,#7726,#7727,#7728));
#1459=EDGE_LOOP('',(#7729,#7730,#7731,#7732));
#1460=EDGE_LOOP('',(#7733,#7734,#7735,#7736));
#1461=EDGE_LOOP('',(#7737,#7738,#7739,#7740));
#1462=EDGE_LOOP('',(#7741,#7742,#7743,#7744));
#1463=EDGE_LOOP('',(#7745,#7746,#7747,#7748));
#1464=EDGE_LOOP('',(#7749,#7750,#7751,#7752));
#1465=EDGE_LOOP('',(#7753,#7754,#7755,#7756));
#1466=EDGE_LOOP('',(#7757,#7758,#7759,#7760));
#1467=EDGE_LOOP('',(#7761,#7762,#7763,#7764));
#1468=EDGE_LOOP('',(#7765,#7766,#7767,#7768));
#1469=EDGE_LOOP('',(#7769,#7770,#7771,#7772));
#1470=EDGE_LOOP('',(#7773,#7774,#7775,#7776));
#1471=EDGE_LOOP('',(#7777,#7778,#7779,#7780));
#1472=EDGE_LOOP('',(#7781,#7782,#7783,#7784));
#1473=EDGE_LOOP('',(#7785,#7786,#7787,#7788));
#1474=EDGE_LOOP('',(#7789,#7790,#7791,#7792));
#1475=EDGE_LOOP('',(#7793,#7794,#7795,#7796));
#1476=EDGE_LOOP('',(#7797,#7798,#7799,#7800));
#1477=EDGE_LOOP('',(#7801,#7802,#7803,#7804));
#1478=EDGE_LOOP('',(#7805,#7806,#7807,#7808));
#1479=EDGE_LOOP('',(#7809,#7810,#7811,#7812));
#1480=EDGE_LOOP('',(#7813,#7814,#7815,#7816));
#1481=EDGE_LOOP('',(#7817,#7818,#7819,#7820));
#1482=EDGE_LOOP('',(#7821,#7822,#7823,#7824));
#1483=EDGE_LOOP('',(#7825,#7826,#7827,#7828));
#1484=EDGE_LOOP('',(#7829,#7830,#7831,#7832));
#1485=EDGE_LOOP('',(#7833,#7834,#7835,#7836));
#1486=EDGE_LOOP('',(#7837,#7838,#7839,#7840));
#1487=EDGE_LOOP('',(#7841,#7842,#7843,#7844));
#1488=EDGE_LOOP('',(#7845,#7846,#7847,#7848));
#1489=EDGE_LOOP('',(#7849,#7850,#7851,#7852));
#1490=EDGE_LOOP('',(#7853,#7854,#7855,#7856));
#1491=EDGE_LOOP('',(#7857,#7858,#7859,#7860));
#1492=EDGE_LOOP('',(#7861,#7862,#7863,#7864));
#1493=EDGE_LOOP('',(#7865,#7866,#7867,#7868));
#1494=EDGE_LOOP('',(#7869,#7870,#7871,#7872));
#1495=EDGE_LOOP('',(#7873,#7874,#7875,#7876));
#1496=EDGE_LOOP('',(#7877,#7878,#7879,#7880));
#1497=EDGE_LOOP('',(#7881,#7882,#7883,#7884));
#1498=EDGE_LOOP('',(#7885,#7886,#7887,#7888));
#1499=EDGE_LOOP('',(#7889,#7890,#7891,#7892));
#1500=EDGE_LOOP('',(#7893,#7894,#7895,#7896));
#1501=EDGE_LOOP('',(#7897,#7898,#7899,#7900));
#1502=EDGE_LOOP('',(#7901,#7902,#7903,#7904));
#1503=EDGE_LOOP('',(#7905,#7906,#7907,#7908));
#1504=EDGE_LOOP('',(#7909,#7910,#7911,#7912));
#1505=EDGE_LOOP('',(#7913,#7914,#7915,#7916));
#1506=EDGE_LOOP('',(#7917,#7918,#7919,#7920));
#1507=EDGE_LOOP('',(#7921,#7922,#7923,#7924));
#1508=EDGE_LOOP('',(#7925,#7926,#7927,#7928));
#1509=EDGE_LOOP('',(#7929,#7930,#7931,#7932));
#1510=EDGE_LOOP('',(#7933,#7934,#7935,#7936));
#1511=EDGE_LOOP('',(#7937,#7938,#7939,#7940));
#1512=EDGE_LOOP('',(#7941,#7942,#7943,#7944));
#1513=EDGE_LOOP('',(#7945,#7946,#7947,#7948));
#1514=EDGE_LOOP('',(#7949,#7950,#7951,#7952));
#1515=EDGE_LOOP('',(#7953,#7954,#7955,#7956));
#1516=EDGE_LOOP('',(#7957,#7958,#7959,#7960));
#1517=EDGE_LOOP('',(#7961,#7962,#7963,#7964));
#1518=EDGE_LOOP('',(#7965,#7966,#7967,#7968));
#1519=EDGE_LOOP('',(#7969,#7970,#7971,#7972));
#1520=EDGE_LOOP('',(#7973,#7974,#7975,#7976));
#1521=EDGE_LOOP('',(#7977,#7978,#7979,#7980));
#1522=EDGE_LOOP('',(#7981,#7982,#7983,#7984));
#1523=EDGE_LOOP('',(#7985,#7986,#7987,#7988));
#1524=EDGE_LOOP('',(#7989,#7990,#7991,#7992));
#1525=EDGE_LOOP('',(#7993,#7994,#7995,#7996));
#1526=EDGE_LOOP('',(#7997,#7998,#7999,#8000));
#1527=EDGE_LOOP('',(#8001,#8002,#8003,#8004));
#1528=EDGE_LOOP('',(#8005,#8006,#8007,#8008));
#1529=EDGE_LOOP('',(#8009,#8010,#8011,#8012));
#1530=EDGE_LOOP('',(#8013,#8014,#8015,#8016));
#1531=EDGE_LOOP('',(#8017,#8018,#8019,#8020));
#1532=EDGE_LOOP('',(#8021,#8022,#8023,#8024));
#1533=EDGE_LOOP('',(#8025,#8026,#8027,#8028));
#1534=EDGE_LOOP('',(#8029,#8030,#8031,#8032));
#1535=EDGE_LOOP('',(#8033,#8034,#8035,#8036));
#1536=EDGE_LOOP('',(#8037,#8038,#8039,#8040));
#1537=EDGE_LOOP('',(#8041,#8042,#8043,#8044));
#1538=EDGE_LOOP('',(#8045,#8046,#8047,#8048));
#1539=EDGE_LOOP('',(#8049,#8050,#8051,#8052));
#1540=EDGE_LOOP('',(#8053,#8054,#8055,#8056));
#1541=EDGE_LOOP('',(#8057,#8058,#8059,#8060));
#1542=EDGE_LOOP('',(#8061,#8062,#8063,#8064));
#1543=EDGE_LOOP('',(#8065,#8066,#8067,#8068));
#1544=EDGE_LOOP('',(#8069,#8070,#8071,#8072));
#1545=EDGE_LOOP('',(#8073,#8074,#8075,#8076));
#1546=EDGE_LOOP('',(#8077,#8078,#8079,#8080));
#1547=EDGE_LOOP('',(#8081,#8082,#8083,#8084));
#1548=EDGE_LOOP('',(#8085,#8086,#8087,#8088));
#1549=EDGE_LOOP('',(#8089,#8090,#8091,#8092));
#1550=EDGE_LOOP('',(#8093,#8094,#8095,#8096));
#1551=EDGE_LOOP('',(#8097,#8098,#8099,#8100));
#1552=EDGE_LOOP('',(#8101,#8102,#8103,#8104));
#1553=EDGE_LOOP('',(#8105,#8106,#8107,#8108));
#1554=EDGE_LOOP('',(#8109,#8110,#8111,#8112));
#1555=EDGE_LOOP('',(#8113,#8114,#8115,#8116));
#1556=EDGE_LOOP('',(#8117,#8118,#8119,#8120));
#1557=EDGE_LOOP('',(#8121,#8122,#8123,#8124));
#1558=EDGE_LOOP('',(#8125,#8126,#8127,#8128));
#1559=EDGE_LOOP('',(#8129,#8130,#8131,#8132));
#1560=EDGE_LOOP('',(#8133,#8134,#8135,#8136));
#1561=EDGE_LOOP('',(#8137,#8138,#8139,#8140));
#1562=EDGE_LOOP('',(#8141,#8142,#8143,#8144));
#1563=EDGE_LOOP('',(#8145,#8146,#8147,#8148));
#1564=EDGE_LOOP('',(#8149,#8150,#8151,#8152));
#1565=EDGE_LOOP('',(#8153,#8154,#8155,#8156));
#1566=EDGE_LOOP('',(#8157,#8158,#8159,#8160));
#1567=EDGE_LOOP('',(#8161,#8162,#8163,#8164));
#1568=EDGE_LOOP('',(#8165,#8166,#8167,#8168));
#1569=EDGE_LOOP('',(#8169,#8170,#8171,#8172));
#1570=EDGE_LOOP('',(#8173,#8174,#8175,#8176));
#1571=EDGE_LOOP('',(#8177,#8178,#8179,#8180));
#1572=EDGE_LOOP('',(#8181,#8182,#8183,#8184));
#1573=EDGE_LOOP('',(#8185,#8186,#8187,#8188));
#1574=EDGE_LOOP('',(#8189,#8190,#8191,#8192));
#1575=EDGE_LOOP('',(#8193,#8194,#8195,#8196));
#1576=EDGE_LOOP('',(#8197,#8198,#8199,#8200));
#1577=EDGE_LOOP('',(#8201,#8202,#8203,#8204));
#1578=EDGE_LOOP('',(#8205,#8206,#8207,#8208));
#1579=EDGE_LOOP('',(#8209,#8210,#8211,#8212));
#1580=EDGE_LOOP('',(#8213,#8214,#8215,#8216));
#1581=EDGE_LOOP('',(#8217,#8218,#8219,#8220));
#1582=EDGE_LOOP('',(#8221,#8222,#8223,#8224));
#1583=EDGE_LOOP('',(#8225,#8226,#8227,#8228));
#1584=EDGE_LOOP('',(#8229,#8230,#8231,#8232));
#1585=EDGE_LOOP('',(#8233,#8234,#8235,#8236));
#1586=EDGE_LOOP('',(#8237,#8238,#8239,#8240));
#1587=EDGE_LOOP('',(#8241,#8242,#8243,#8244));
#1588=EDGE_LOOP('',(#8245,#8246,#8247,#8248));
#1589=EDGE_LOOP('',(#8249,#8250,#8251,#8252));
#1590=EDGE_LOOP('',(#8253,#8254,#8255,#8256));
#1591=EDGE_LOOP('',(#8257,#8258,#8259,#8260));
#1592=EDGE_LOOP('',(#8261,#8262,#8263,#8264));
#1593=EDGE_LOOP('',(#8265,#8266,#8267,#8268));
#1594=EDGE_LOOP('',(#8269,#8270,#8271,#8272));
#1595=EDGE_LOOP('',(#8273,#8274,#8275,#8276));
#1596=EDGE_LOOP('',(#8277,#8278,#8279,#8280));
#1597=EDGE_LOOP('',(#8281,#8282,#8283,#8284));
#1598=EDGE_LOOP('',(#8285,#8286,#8287,#8288));
#1599=EDGE_LOOP('',(#8289,#8290,#8291,#8292));
#1600=EDGE_LOOP('',(#8293,#8294,#8295,#8296));
#1601=EDGE_LOOP('',(#8297,#8298,#8299,#8300));
#1602=EDGE_LOOP('',(#8301,#8302,#8303,#8304));
#1603=EDGE_LOOP('',(#8305,#8306,#8307,#8308));
#1604=EDGE_LOOP('',(#8309,#8310,#8311,#8312));
#1605=EDGE_LOOP('',(#8313,#8314,#8315,#8316));
#1606=EDGE_LOOP('',(#8317,#8318,#8319,#8320));
#1607=EDGE_LOOP('',(#8321,#8322,#8323,#8324));
#1608=EDGE_LOOP('',(#8325,#8326,#8327,#8328));
#1609=EDGE_LOOP('',(#8329,#8330,#8331,#8332));
#1610=EDGE_LOOP('',(#8333,#8334,#8335,#8336));
#1611=EDGE_LOOP('',(#8337,#8338,#8339,#8340));
#1612=EDGE_LOOP('',(#8341,#8342,#8343,#8344));
#1613=EDGE_LOOP('',(#8345,#8346,#8347,#8348));
#1614=EDGE_LOOP('',(#8349,#8350,#8351,#8352));
#1615=EDGE_LOOP('',(#8353,#8354,#8355,#8356));
#1616=EDGE_LOOP('',(#8357,#8358,#8359,#8360));
#1617=EDGE_LOOP('',(#8361,#8362,#8363,#8364));
#1618=EDGE_LOOP('',(#8365,#8366,#8367,#8368));
#1619=EDGE_LOOP('',(#8369,#8370,#8371,#8372));
#1620=EDGE_LOOP('',(#8373,#8374,#8375,#8376));
#1621=EDGE_LOOP('',(#8377,#8378,#8379,#8380));
#1622=EDGE_LOOP('',(#8381,#8382,#8383,#8384));
#1623=EDGE_LOOP('',(#8385,#8386,#8387,#8388));
#1624=EDGE_LOOP('',(#8389,#8390,#8391,#8392));
#1625=EDGE_LOOP('',(#8393,#8394,#8395,#8396));
#1626=EDGE_LOOP('',(#8397,#8398,#8399,#8400));
#1627=EDGE_LOOP('',(#8401,#8402,#8403,#8404));
#1628=EDGE_LOOP('',(#8405,#8406,#8407,#8408));
#1629=EDGE_LOOP('',(#8409,#8410,#8411,#8412));
#1630=EDGE_LOOP('',(#8413,#8414,#8415,#8416));
#1631=EDGE_LOOP('',(#8417,#8418,#8419,#8420));
#1632=EDGE_LOOP('',(#8421,#8422,#8423,#8424));
#1633=EDGE_LOOP('',(#8425,#8426,#8427,#8428));
#1634=EDGE_LOOP('',(#8429,#8430,#8431,#8432));
#1635=EDGE_LOOP('',(#8433,#8434,#8435,#8436));
#1636=EDGE_LOOP('',(#8437,#8438,#8439,#8440));
#1637=EDGE_LOOP('',(#8441,#8442,#8443,#8444));
#1638=EDGE_LOOP('',(#8445,#8446,#8447,#8448));
#1639=EDGE_LOOP('',(#8449,#8450,#8451,#8452));
#1640=EDGE_LOOP('',(#8453,#8454,#8455,#8456));
#1641=EDGE_LOOP('',(#8457,#8458,#8459,#8460));
#1642=EDGE_LOOP('',(#8461,#8462,#8463,#8464));
#1643=EDGE_LOOP('',(#8465,#8466,#8467,#8468));
#1644=EDGE_LOOP('',(#8469,#8470,#8471,#8472));
#1645=EDGE_LOOP('',(#8473,#8474,#8475,#8476));
#1646=EDGE_LOOP('',(#8477,#8478,#8479,#8480));
#1647=EDGE_LOOP('',(#8481,#8482,#8483,#8484));
#1648=EDGE_LOOP('',(#8485,#8486,#8487,#8488));
#1649=EDGE_LOOP('',(#8489,#8490,#8491,#8492));
#1650=EDGE_LOOP('',(#8493,#8494,#8495,#8496));
#1651=EDGE_LOOP('',(#8497,#8498,#8499,#8500));
#1652=EDGE_LOOP('',(#8501,#8502,#8503,#8504));
#1653=EDGE_LOOP('',(#8505,#8506,#8507,#8508));
#1654=EDGE_LOOP('',(#8509,#8510,#8511,#8512));
#1655=EDGE_LOOP('',(#8513,#8514,#8515,#8516));
#1656=EDGE_LOOP('',(#8517,#8518,#8519,#8520));
#1657=EDGE_LOOP('',(#8521,#8522,#8523,#8524));
#1658=EDGE_LOOP('',(#8525,#8526,#8527,#8528,#8529));
#1659=EDGE_LOOP('',(#8530,#8531,#8532,#8533));
#1660=EDGE_LOOP('',(#8534,#8535,#8536,#8537,#8538));
#1661=EDGE_LOOP('',(#8539,#8540,#8541));
#1662=EDGE_LOOP('',(#8542,#8543,#8544));
#1663=EDGE_LOOP('',(#8545,#8546,#8547));
#1664=EDGE_LOOP('',(#8548,#8549,#8550,#8551));
#1665=EDGE_LOOP('',(#8552,#8553,#8554,#8555));
#1666=EDGE_LOOP('',(#8556,#8557,#8558,#8559));
#1667=EDGE_LOOP('',(#8560,#8561,#8562,#8563));
#1668=EDGE_LOOP('',(#8564,#8565,#8566,#8567));
#1669=EDGE_LOOP('',(#8568,#8569,#8570,#8571,#8572,#8573));
#1670=EDGE_LOOP('',(#8574,#8575,#8576,#8577));
#1671=EDGE_LOOP('',(#8578,#8579,#8580,#8581));
#1672=EDGE_LOOP('',(#8582,#8583,#8584,#8585));
#1673=EDGE_LOOP('',(#8586,#8587,#8588,#8589));
#1674=EDGE_LOOP('',(#8590,#8591,#8592,#8593));
#1675=EDGE_LOOP('',(#8594,#8595,#8596));
#1676=EDGE_LOOP('',(#8597,#8598,#8599));
#1677=EDGE_LOOP('',(#8600,#8601,#8602));
#1678=EDGE_LOOP('',(#8603,#8604,#8605,#8606,#8607));
#1679=EDGE_LOOP('',(#8608,#8609,#8610,#8611));
#1680=EDGE_LOOP('',(#8612,#8613,#8614,#8615));
#1681=EDGE_LOOP('',(#8616,#8617,#8618,#8619,#8620));
#1682=EDGE_LOOP('',(#8621,#8622,#8623,#8624,#8625,#8626));
#1683=EDGE_LOOP('',(#8627,#8628,#8629));
#1684=EDGE_LOOP('',(#8630,#8631,#8632));
#1685=EDGE_LOOP('',(#8633,#8634,#8635));
#1686=EDGE_LOOP('',(#8636,#8637,#8638,#8639));
#1687=EDGE_LOOP('',(#8640,#8641,#8642,#8643));
#1688=EDGE_LOOP('',(#8644,#8645,#8646,#8647));
#1689=EDGE_LOOP('',(#8648,#8649,#8650,#8651));
#1690=EDGE_LOOP('',(#8652,#8653,#8654,#8655));
#1691=EDGE_LOOP('',(#8656,#8657,#8658,#8659));
#1692=EDGE_LOOP('',(#8660,#8661,#8662,#8663));
#1693=EDGE_LOOP('',(#8664,#8665,#8666,#8667));
#1694=EDGE_LOOP('',(#8668,#8669,#8670,#8671));
#1695=EDGE_LOOP('',(#8672,#8673,#8674,#8675));
#1696=EDGE_LOOP('',(#8676,#8677,#8678));
#1697=EDGE_LOOP('',(#8679,#8680,#8681));
#1698=EDGE_LOOP('',(#8682,#8683,#8684,#8685));
#1699=EDGE_LOOP('',(#8686,#8687,#8688,#8689));
#1700=EDGE_LOOP('',(#8690,#8691,#8692,#8693));
#1701=EDGE_LOOP('',(#8694,#8695,#8696,#8697));
#1702=EDGE_LOOP('',(#8698,#8699,#8700,#8701));
#1703=EDGE_LOOP('',(#8702,#8703,#8704,#8705));
#1704=EDGE_LOOP('',(#8706,#8707,#8708));
#1705=EDGE_LOOP('',(#8709,#8710,#8711));
#1706=EDGE_LOOP('',(#8712,#8713,#8714));
#1707=EDGE_LOOP('',(#8715,#8716,#8717,#8718));
#1708=EDGE_LOOP('',(#8719,#8720,#8721,#8722));
#1709=EDGE_LOOP('',(#8723,#8724,#8725,#8726));
#1710=EDGE_LOOP('',(#8727,#8728,#8729,#8730));
#1711=EDGE_LOOP('',(#8731,#8732,#8733,#8734));
#1712=EDGE_LOOP('',(#8735,#8736,#8737,#8738));
#1713=EDGE_LOOP('',(#8739,#8740,#8741));
#1714=EDGE_LOOP('',(#8742,#8743,#8744,#8745,#8746));
#1715=EDGE_LOOP('',(#8747,#8748,#8749));
#1716=EDGE_LOOP('',(#8750,#8751,#8752,#8753));
#1717=EDGE_LOOP('',(#8754,#8755,#8756,#8757));
#1718=EDGE_LOOP('',(#8758,#8759,#8760,#8761));
#1719=EDGE_LOOP('',(#8762,#8763,#8764,#8765));
#1720=EDGE_LOOP('',(#8766,#8767,#8768,#8769));
#1721=EDGE_LOOP('',(#8770,#8771,#8772,#8773));
#1722=EDGE_LOOP('',(#8774,#8775,#8776,#8777));
#1723=EDGE_LOOP('',(#8778,#8779,#8780,#8781));
#1724=EDGE_LOOP('',(#8782,#8783,#8784,#8785));
#1725=EDGE_LOOP('',(#8786,#8787,#8788,#8789));
#1726=EDGE_LOOP('',(#8790,#8791,#8792,#8793));
#1727=EDGE_LOOP('',(#8794,#8795,#8796,#8797));
#1728=EDGE_LOOP('',(#8798,#8799,#8800));
#1729=EDGE_LOOP('',(#8801,#8802,#8803,#8804,#8805));
#1730=EDGE_LOOP('',(#8806,#8807,#8808,#8809));
#1731=EDGE_LOOP('',(#8810,#8811,#8812,#8813));
#1732=EDGE_LOOP('',(#8814,#8815,#8816,#8817));
#1733=EDGE_LOOP('',(#8818,#8819,#8820,#8821));
#1734=EDGE_LOOP('',(#8822,#8823,#8824,#8825));
#1735=EDGE_LOOP('',(#8826,#8827,#8828));
#1736=EDGE_LOOP('',(#8829,#8830,#8831));
#1737=EDGE_LOOP('',(#8832,#8833,#8834,#8835));
#1738=EDGE_LOOP('',(#8836,#8837,#8838,#8839));
#1739=EDGE_LOOP('',(#8840,#8841,#8842,#8843));
#1740=EDGE_LOOP('',(#8844,#8845,#8846,#8847));
#1741=EDGE_LOOP('',(#8848,#8849,#8850,#8851));
#1742=EDGE_LOOP('',(#8852,#8853,#8854,#8855));
#1743=EDGE_LOOP('',(#8856,#8857,#8858,#8859));
#1744=EDGE_LOOP('',(#8860,#8861,#8862,#8863));
#1745=EDGE_LOOP('',(#8864,#8865,#8866));
#1746=EDGE_LOOP('',(#8867,#8868,#8869,#8870));
#1747=EDGE_LOOP('',(#8871,#8872,#8873,#8874));
#1748=EDGE_LOOP('',(#8875,#8876,#8877,#8878));
#1749=EDGE_LOOP('',(#8879,#8880,#8881,#8882));
#1750=EDGE_LOOP('',(#8883,#8884,#8885,#8886));
#1751=EDGE_LOOP('',(#8887,#8888,#8889,#8890));
#1752=EDGE_LOOP('',(#8891,#8892,#8893,#8894));
#1753=EDGE_LOOP('',(#8895,#8896,#8897,#8898,#8899));
#1754=EDGE_LOOP('',(#8900,#8901,#8902,#8903,#8904,#8905));
#1755=EDGE_LOOP('',(#8906,#8907,#8908));
#1756=EDGE_LOOP('',(#8909,#8910,#8911,#8912));
#1757=EDGE_LOOP('',(#8913,#8914,#8915,#8916));
#1758=EDGE_LOOP('',(#8917,#8918,#8919,#8920));
#1759=EDGE_LOOP('',(#8921,#8922,#8923));
#1760=EDGE_LOOP('',(#8924,#8925,#8926,#8927));
#1761=EDGE_LOOP('',(#8928,#8929,#8930,#8931));
#1762=EDGE_LOOP('',(#8932,#8933,#8934,#8935));
#1763=EDGE_LOOP('',(#8936,#8937,#8938,#8939));
#1764=EDGE_LOOP('',(#8940,#8941,#8942,#8943));
#1765=EDGE_LOOP('',(#8944,#8945,#8946,#8947));
#1766=EDGE_LOOP('',(#8948,#8949,#8950,#8951));
#1767=EDGE_LOOP('',(#8952,#8953,#8954,#8955));
#1768=EDGE_LOOP('',(#8956,#8957,#8958,#8959));
#1769=EDGE_LOOP('',(#8960,#8961,#8962,#8963));
#1770=EDGE_LOOP('',(#8964,#8965,#8966,#8967,#8968));
#1771=EDGE_LOOP('',(#8969,#8970,#8971,#8972));
#1772=EDGE_LOOP('',(#8973,#8974,#8975,#8976));
#1773=EDGE_LOOP('',(#8977,#8978,#8979,#8980));
#1774=EDGE_LOOP('',(#8981,#8982,#8983,#8984));
#1775=EDGE_LOOP('',(#8985,#8986,#8987,#8988));
#1776=EDGE_LOOP('',(#8989,#8990,#8991,#8992));
#1777=EDGE_LOOP('',(#8993,#8994,#8995,#8996));
#1778=EDGE_LOOP('',(#8997,#8998,#8999,#9000));
#1779=EDGE_LOOP('',(#9001,#9002,#9003,#9004));
#1780=EDGE_LOOP('',(#9005,#9006,#9007,#9008));
#1781=EDGE_LOOP('',(#9009,#9010,#9011));
#1782=EDGE_LOOP('',(#9012,#9013,#9014,#9015,#9016));
#1783=EDGE_LOOP('',(#9017,#9018,#9019,#9020));
#1784=EDGE_LOOP('',(#9021,#9022,#9023,#9024,#9025,#9026));
#1785=EDGE_LOOP('',(#9027,#9028,#9029,#9030,#9031,#9032,#9033,#9034,#9035,
#9036,#9037,#9038,#9039,#9040,#9041,#9042,#9043,#9044,#9045,#9046,#9047,
#9048,#9049,#9050,#9051,#9052,#9053,#9054,#9055,#9056,#9057,#9058,#9059,
#9060,#9061,#9062,#9063,#9064,#9065,#9066,#9067,#9068,#9069,#9070,#9071,
#9072,#9073,#9074,#9075,#9076,#9077,#9078,#9079,#9080,#9081,#9082,#9083,
#9084,#9085,#9086,#9087,#9088,#9089,#9090,#9091,#9092,#9093,#9094,#9095,
#9096,#9097,#9098,#9099,#9100,#9101,#9102,#9103,#9104,#9105,#9106,#9107,
#9108,#9109,#9110,#9111,#9112));
#1786=EDGE_LOOP('',(#9113,#9114,#9115));
#1787=EDGE_LOOP('',(#9116,#9117,#9118));
#1788=EDGE_LOOP('',(#9119,#9120,#9121,#9122));
#1789=EDGE_LOOP('',(#9123,#9124,#9125,#9126));
#1790=EDGE_LOOP('',(#9127,#9128,#9129,#9130));
#1791=EDGE_LOOP('',(#9131,#9132,#9133,#9134));
#1792=EDGE_LOOP('',(#9135,#9136,#9137,#9138));
#1793=EDGE_LOOP('',(#9139,#9140,#9141,#9142));
#1794=EDGE_LOOP('',(#9143,#9144,#9145,#9146));
#1795=EDGE_LOOP('',(#9147,#9148,#9149,#9150));
#1796=EDGE_LOOP('',(#9151,#9152,#9153,#9154));
#1797=EDGE_LOOP('',(#9155,#9156,#9157,#9158));
#1798=EDGE_LOOP('',(#9159,#9160,#9161,#9162));
#1799=EDGE_LOOP('',(#9163,#9164,#9165,#9166));
#1800=EDGE_LOOP('',(#9167,#9168,#9169,#9170));
#1801=EDGE_LOOP('',(#9171,#9172,#9173,#9174));
#1802=EDGE_LOOP('',(#9175,#9176,#9177,#9178));
#1803=EDGE_LOOP('',(#9179,#9180,#9181,#9182));
#1804=EDGE_LOOP('',(#9183,#9184,#9185,#9186));
#1805=EDGE_LOOP('',(#9187,#9188,#9189,#9190));
#1806=EDGE_LOOP('',(#9191,#9192,#9193,#9194));
#1807=EDGE_LOOP('',(#9195,#9196,#9197,#9198));
#1808=EDGE_LOOP('',(#9199,#9200,#9201,#9202));
#1809=EDGE_LOOP('',(#9203,#9204,#9205,#9206));
#1810=EDGE_LOOP('',(#9207,#9208,#9209,#9210));
#1811=EDGE_LOOP('',(#9211,#9212,#9213,#9214,#9215));
#1812=EDGE_LOOP('',(#9216,#9217,#9218));
#1813=EDGE_LOOP('',(#9219,#9220,#9221));
#1814=EDGE_LOOP('',(#9222,#9223,#9224));
#1815=EDGE_LOOP('',(#9225,#9226,#9227,#9228,#9229));
#1816=EDGE_LOOP('',(#9230,#9231,#9232,#9233,#9234));
#1817=EDGE_LOOP('',(#9235,#9236,#9237));
#1818=EDGE_LOOP('',(#9238,#9239,#9240));
#1819=EDGE_LOOP('',(#9241,#9242,#9243));
#1820=EDGE_LOOP('',(#9244,#9245,#9246,#9247,#9248));
#1821=EDGE_LOOP('',(#9249,#9250,#9251,#9252));
#1822=EDGE_LOOP('',(#9253,#9254,#9255,#9256));
#1823=EDGE_LOOP('',(#9257,#9258,#9259));
#1824=EDGE_LOOP('',(#9260,#9261,#9262,#9263,#9264));
#1825=EDGE_LOOP('',(#9265,#9266,#9267));
#1826=EDGE_LOOP('',(#9268,#9269,#9270));
#1827=EDGE_LOOP('',(#9271,#9272,#9273,#9274,#9275));
#1828=EDGE_LOOP('',(#9276,#9277,#9278,#9279,#9280));
#1829=EDGE_LOOP('',(#9281,#9282,#9283));
#1830=EDGE_LOOP('',(#9284,#9285,#9286,#9287));
#1831=EDGE_LOOP('',(#9288,#9289,#9290,#9291,#9292));
#1832=EDGE_LOOP('',(#9293,#9294,#9295,#9296,#9297));
#1833=EDGE_LOOP('',(#9298,#9299,#9300,#9301));
#1834=EDGE_LOOP('',(#9302,#9303,#9304,#9305));
#1835=EDGE_LOOP('',(#9306,#9307,#9308,#9309));
#1836=EDGE_LOOP('',(#9310,#9311,#9312,#9313));
#1837=EDGE_LOOP('',(#9314,#9315,#9316,#9317));
#1838=EDGE_LOOP('',(#9318,#9319,#9320,#9321));
#1839=EDGE_LOOP('',(#9322,#9323,#9324,#9325));
#1840=EDGE_LOOP('',(#9326,#9327,#9328,#9329));
#1841=EDGE_LOOP('',(#9330,#9331,#9332,#9333));
#1842=EDGE_LOOP('',(#9334));
#1843=EDGE_LOOP('',(#9335));
#1844=EDGE_LOOP('',(#9336,#9337,#9338,#9339));
#1845=EDGE_LOOP('',(#9340,#9341,#9342,#9343));
#1846=EDGE_LOOP('',(#9344));
#1847=EDGE_LOOP('',(#9345));
#1848=EDGE_LOOP('',(#9346));
#1849=EDGE_LOOP('',(#9347,#9348,#9349,#9350));
#1850=LINE('',#14234,#2941);
#1851=LINE('',#14236,#2942);
#1852=LINE('',#14238,#2943);
#1853=LINE('',#14239,#2944);
#1854=LINE('',#14242,#2945);
#1855=LINE('',#14244,#2946);
#1856=LINE('',#14245,#2947);
#1857=LINE('',#14248,#2948);
#1858=LINE('',#14250,#2949);
#1859=LINE('',#14251,#2950);
#1860=LINE('',#14253,#2951);
#1861=LINE('',#14254,#2952);
#1862=LINE('',#14261,#2953);
#1863=LINE('',#14264,#2954);
#1864=LINE('',#14267,#2955);
#1865=LINE('',#14269,#2956);
#1866=LINE('',#14271,#2957);
#1867=LINE('',#14273,#2958);
#1868=LINE('',#14275,#2959);
#1869=LINE('',#14277,#2960);
#1870=LINE('',#14278,#2961);
#1871=LINE('',#14283,#2962);
#1872=LINE('',#14285,#2963);
#1873=LINE('',#14287,#2964);
#1874=LINE('',#14292,#2965);
#1875=LINE('',#14298,#2966);
#1876=LINE('',#14301,#2967);
#1877=LINE('',#14303,#2968);
#1878=LINE('',#14305,#2969);
#1879=LINE('',#14310,#2970);
#1880=LINE('',#14313,#2971);
#1881=LINE('',#14317,#2972);
#1882=LINE('',#14329,#2973);
#1883=LINE('',#14342,#2974);
#1884=LINE('',#14348,#2975);
#1885=LINE('',#14350,#2976);
#1886=LINE('',#14351,#2977);
#1887=LINE('',#14354,#2978);
#1888=LINE('',#14356,#2979);
#1889=LINE('',#14357,#2980);
#1890=LINE('',#14359,#2981);
#1891=LINE('',#14361,#2982);
#1892=LINE('',#14363,#2983);
#1893=LINE('',#14365,#2984);
#1894=LINE('',#14404,#2985);
#1895=LINE('',#14420,#2986);
#1896=LINE('',#14441,#2987);
#1897=LINE('',#14442,#2988);
#1898=LINE('',#14445,#2989);
#1899=LINE('',#14447,#2990);
#1900=LINE('',#14448,#2991);
#1901=LINE('',#14451,#2992);
#1902=LINE('',#14456,#2993);
#1903=LINE('',#14457,#2994);
#1904=LINE('',#14464,#2995);
#1905=LINE('',#14473,#2996);
#1906=LINE('',#14477,#2997);
#1907=LINE('',#14480,#2998);
#1908=LINE('',#14483,#2999);
#1909=LINE('',#14487,#3000);
#1910=LINE('',#14491,#3001);
#1911=LINE('',#14493,#3002);
#1912=LINE('',#14495,#3003);
#1913=LINE('',#14499,#3004);
#1914=LINE('',#14502,#3005);
#1915=LINE('',#14505,#3006);
#1916=LINE('',#14515,#3007);
#1917=LINE('',#14516,#3008);
#1918=LINE('',#14519,#3009);
#1919=LINE('',#14520,#3010);
#1920=LINE('',#14526,#3011);
#1921=LINE('',#14531,#3012);
#1922=LINE('',#14541,#3013);
#1923=LINE('',#14542,#3014);
#1924=LINE('',#14544,#3015);
#1925=LINE('',#14546,#3016);
#1926=LINE('',#14548,#3017);
#1927=LINE('',#14550,#3018);
#1928=LINE('',#14552,#3019);
#1929=LINE('',#14554,#3020);
#1930=LINE('',#14556,#3021);
#1931=LINE('',#14558,#3022);
#1932=LINE('',#14560,#3023);
#1933=LINE('',#14562,#3024);
#1934=LINE('',#14564,#3025);
#1935=LINE('',#14566,#3026);
#1936=LINE('',#14568,#3027);
#1937=LINE('',#14570,#3028);
#1938=LINE('',#14572,#3029);
#1939=LINE('',#14574,#3030);
#1940=LINE('',#14576,#3031);
#1941=LINE('',#14578,#3032);
#1942=LINE('',#14580,#3033);
#1943=LINE('',#14582,#3034);
#1944=LINE('',#14584,#3035);
#1945=LINE('',#14586,#3036);
#1946=LINE('',#14588,#3037);
#1947=LINE('',#14590,#3038);
#1948=LINE('',#14592,#3039);
#1949=LINE('',#14594,#3040);
#1950=LINE('',#14596,#3041);
#1951=LINE('',#14598,#3042);
#1952=LINE('',#14600,#3043);
#1953=LINE('',#14602,#3044);
#1954=LINE('',#14604,#3045);
#1955=LINE('',#14606,#3046);
#1956=LINE('',#14608,#3047);
#1957=LINE('',#14610,#3048);
#1958=LINE('',#14612,#3049);
#1959=LINE('',#14614,#3050);
#1960=LINE('',#14616,#3051);
#1961=LINE('',#14617,#3052);
#1962=LINE('',#14628,#3053);
#1963=LINE('',#14632,#3054);
#1964=LINE('',#14634,#3055);
#1965=LINE('',#14643,#3056);
#1966=LINE('',#14646,#3057);
#1967=LINE('',#14648,#3058);
#1968=LINE('',#14649,#3059);
#1969=LINE('',#14652,#3060);
#1970=LINE('',#14656,#3061);
#1971=LINE('',#14665,#3062);
#1972=LINE('',#14668,#3063);
#1973=LINE('',#14670,#3064);
#1974=LINE('',#14672,#3065);
#1975=LINE('',#14674,#3066);
#1976=LINE('',#14675,#3067);
#1977=LINE('',#14678,#3068);
#1978=LINE('',#14692,#3069);
#1979=LINE('',#14695,#3070);
#1980=LINE('',#14698,#3071);
#1981=LINE('',#14700,#3072);
#1982=LINE('',#14702,#3073);
#1983=LINE('',#14704,#3074);
#1984=LINE('',#14706,#3075);
#1985=LINE('',#14708,#3076);
#1986=LINE('',#14710,#3077);
#1987=LINE('',#14712,#3078);
#1988=LINE('',#14714,#3079);
#1989=LINE('',#14716,#3080);
#1990=LINE('',#14718,#3081);
#1991=LINE('',#14720,#3082);
#1992=LINE('',#14722,#3083);
#1993=LINE('',#14724,#3084);
#1994=LINE('',#14725,#3085);
#1995=LINE('',#14730,#3086);
#1996=LINE('',#14732,#3087);
#1997=LINE('',#14734,#3088);
#1998=LINE('',#14740,#3089);
#1999=LINE('',#14743,#3090);
#2000=LINE('',#14747,#3091);
#2001=LINE('',#14750,#3092);
#2002=LINE('',#14756,#3093);
#2003=LINE('',#14760,#3094);
#2004=LINE('',#14762,#3095);
#2005=LINE('',#14764,#3096);
#2006=LINE('',#14768,#3097);
#2007=LINE('',#14772,#3098);
#2008=LINE('',#14776,#3099);
#2009=LINE('',#14778,#3100);
#2010=LINE('',#14780,#3101);
#2011=LINE('',#14784,#3102);
#2012=LINE('',#14791,#3103);
#2013=LINE('',#14795,#3104);
#2014=LINE('',#14796,#3105);
#2015=LINE('',#14802,#3106);
#2016=LINE('',#14805,#3107);
#2017=LINE('',#14807,#3108);
#2018=LINE('',#14809,#3109);
#2019=LINE('',#14812,#3110);
#2020=LINE('',#14815,#3111);
#2021=LINE('',#14819,#3112);
#2022=LINE('',#14826,#3113);
#2023=LINE('',#14829,#3114);
#2024=LINE('',#14833,#3115);
#2025=LINE('',#14835,#3116);
#2026=LINE('',#14836,#3117);
#2027=LINE('',#14842,#3118);
#2028=LINE('',#14846,#3119);
#2029=LINE('',#14851,#3120);
#2030=LINE('',#14854,#3121);
#2031=LINE('',#14856,#3122);
#2032=LINE('',#14860,#3123);
#2033=LINE('',#14863,#3124);
#2034=LINE('',#14866,#3125);
#2035=LINE('',#14870,#3126);
#2036=LINE('',#14871,#3127);
#2037=LINE('',#14874,#3128);
#2038=LINE('',#14875,#3129);
#2039=LINE('',#14882,#3130);
#2040=LINE('',#14885,#3131);
#2041=LINE('',#14888,#3132);
#2042=LINE('',#14890,#3133);
#2043=LINE('',#14891,#3134);
#2044=LINE('',#14894,#3135);
#2045=LINE('',#14896,#3136);
#2046=LINE('',#14898,#3137);
#2047=LINE('',#14902,#3138);
#2048=LINE('',#14906,#3139);
#2049=LINE('',#14910,#3140);
#2050=LINE('',#14912,#3141);
#2051=LINE('',#14914,#3142);
#2052=LINE('',#14918,#3143);
#2053=LINE('',#14925,#3144);
#2054=LINE('',#14929,#3145);
#2055=LINE('',#14930,#3146);
#2056=LINE('',#14936,#3147);
#2057=LINE('',#14941,#3148);
#2058=LINE('',#14945,#3149);
#2059=LINE('',#14948,#3150);
#2060=LINE('',#14951,#3151);
#2061=LINE('',#14953,#3152);
#2062=LINE('',#14954,#3153);
#2063=LINE('',#14960,#3154);
#2064=LINE('',#14963,#3155);
#2065=LINE('',#14967,#3156);
#2066=LINE('',#14969,#3157);
#2067=LINE('',#14970,#3158);
#2068=LINE('',#14975,#3159);
#2069=LINE('',#14982,#3160);
#2070=LINE('',#14985,#3161);
#2071=LINE('',#14987,#3162);
#2072=LINE('',#14991,#3163);
#2073=LINE('',#14994,#3164);
#2074=LINE('',#14999,#3165);
#2075=LINE('',#15000,#3166);
#2076=LINE('',#15007,#3167);
#2077=LINE('',#15010,#3168);
#2078=LINE('',#15013,#3169);
#2079=LINE('',#15015,#3170);
#2080=LINE('',#15016,#3171);
#2081=LINE('',#15019,#3172);
#2082=LINE('',#15021,#3173);
#2083=LINE('',#15023,#3174);
#2084=LINE('',#15027,#3175);
#2085=LINE('',#15031,#3176);
#2086=LINE('',#15035,#3177);
#2087=LINE('',#15037,#3178);
#2088=LINE('',#15039,#3179);
#2089=LINE('',#15043,#3180);
#2090=LINE('',#15050,#3181);
#2091=LINE('',#15054,#3182);
#2092=LINE('',#15055,#3183);
#2093=LINE('',#15060,#3184);
#2094=LINE('',#15069,#3185);
#2095=LINE('',#15072,#3186);
#2096=LINE('',#15074,#3187);
#2097=LINE('',#15076,#3188);
#2098=LINE('',#15079,#3189);
#2099=LINE('',#15082,#3190);
#2100=LINE('',#15086,#3191);
#2101=LINE('',#15089,#3192);
#2102=LINE('',#15093,#3193);
#2103=LINE('',#15096,#3194);
#2104=LINE('',#15102,#3195);
#2105=LINE('',#15105,#3196);
#2106=LINE('',#15107,#3197);
#2107=LINE('',#15109,#3198);
#2108=LINE('',#15112,#3199);
#2109=LINE('',#15115,#3200);
#2110=LINE('',#15119,#3201);
#2111=LINE('',#15123,#3202);
#2112=LINE('',#15126,#3203);
#2113=LINE('',#15131,#3204);
#2114=LINE('',#15132,#3205);
#2115=LINE('',#15138,#3206);
#2116=LINE('',#15141,#3207);
#2117=LINE('',#15146,#3208);
#2118=LINE('',#15147,#3209);
#2119=LINE('',#15152,#3210);
#2120=LINE('',#15155,#3211);
#2121=LINE('',#15158,#3212);
#2122=LINE('',#15162,#3213);
#2123=LINE('',#15165,#3214);
#2124=LINE('',#15169,#3215);
#2125=LINE('',#15173,#3216);
#2126=LINE('',#15176,#3217);
#2127=LINE('',#15181,#3218);
#2128=LINE('',#15182,#3219);
#2129=LINE('',#15185,#3220);
#2130=LINE('',#15188,#3221);
#2131=LINE('',#15191,#3222);
#2132=LINE('',#15194,#3223);
#2133=LINE('',#15200,#3224);
#2134=LINE('',#15204,#3225);
#2135=LINE('',#15209,#3226);
#2136=LINE('',#15212,#3227);
#2137=LINE('',#15214,#3228);
#2138=LINE('',#15218,#3229);
#2139=LINE('',#15221,#3230);
#2140=LINE('',#15243,#3231);
#2141=LINE('',#15258,#3232);
#2142=LINE('',#15262,#3233);
#2143=LINE('',#15270,#3234);
#2144=LINE('',#15274,#3235);
#2145=LINE('',#15297,#3236);
#2146=LINE('',#15334,#3237);
#2147=LINE('',#15343,#3238);
#2148=LINE('',#15346,#3239);
#2149=LINE('',#15368,#3240);
#2150=LINE('',#15383,#3241);
#2151=LINE('',#15387,#3242);
#2152=LINE('',#15391,#3243);
#2153=LINE('',#15392,#3244);
#2154=LINE('',#15396,#3245);
#2155=LINE('',#15402,#3246);
#2156=LINE('',#15408,#3247);
#2157=LINE('',#15409,#3248);
#2158=LINE('',#15414,#3249);
#2159=LINE('',#15415,#3250);
#2160=LINE('',#15418,#3251);
#2161=LINE('',#15421,#3252);
#2162=LINE('',#15426,#3253);
#2163=LINE('',#15427,#3254);
#2164=LINE('',#15433,#3255);
#2165=LINE('',#15435,#3256);
#2166=LINE('',#15438,#3257);
#2167=LINE('',#15442,#3258);
#2168=LINE('',#15445,#3259);
#2169=LINE('',#15449,#3260);
#2170=LINE('',#15453,#3261);
#2171=LINE('',#15457,#3262);
#2172=LINE('',#15462,#3263);
#2173=LINE('',#15465,#3264);
#2174=LINE('',#15469,#3265);
#2175=LINE('',#15472,#3266);
#2176=LINE('',#15473,#3267);
#2177=LINE('',#15477,#3268);
#2178=LINE('',#15479,#3269);
#2179=LINE('',#15480,#3270);
#2180=LINE('',#15482,#3271);
#2181=LINE('',#15486,#3272);
#2182=LINE('',#15489,#3273);
#2183=LINE('',#15492,#3274);
#2184=LINE('',#15494,#3275);
#2185=LINE('',#15498,#3276);
#2186=LINE('',#15501,#3277);
#2187=LINE('',#15503,#3278);
#2188=LINE('',#15504,#3279);
#2189=LINE('',#15506,#3280);
#2190=LINE('',#15508,#3281);
#2191=LINE('',#15509,#3282);
#2192=LINE('',#15511,#3283);
#2193=LINE('',#15514,#3284);
#2194=LINE('',#15516,#3285);
#2195=LINE('',#15518,#3286);
#2196=LINE('',#15519,#3287);
#2197=LINE('',#15525,#3288);
#2198=LINE('',#15526,#3289);
#2199=LINE('',#15529,#3290);
#2200=LINE('',#15530,#3291);
#2201=LINE('',#15534,#3292);
#2202=LINE('',#15536,#3293);
#2203=LINE('',#15541,#3294);
#2204=LINE('',#15544,#3295);
#2205=LINE('',#15546,#3296);
#2206=LINE('',#15550,#3297);
#2207=LINE('',#15553,#3298);
#2208=LINE('',#15555,#3299);
#2209=LINE('',#15556,#3300);
#2210=LINE('',#15558,#3301);
#2211=LINE('',#15560,#3302);
#2212=LINE('',#15561,#3303);
#2213=LINE('',#15563,#3304);
#2214=LINE('',#15565,#3305);
#2215=LINE('',#15567,#3306);
#2216=LINE('',#15569,#3307);
#2217=LINE('',#15571,#3308);
#2218=LINE('',#15575,#3309);
#2219=LINE('',#15580,#3310);
#2220=LINE('',#15581,#3311);
#2221=LINE('',#15584,#3312);
#2222=LINE('',#15585,#3313);
#2223=LINE('',#15587,#3314);
#2224=LINE('',#15590,#3315);
#2225=LINE('',#15593,#3316);
#2226=LINE('',#15595,#3317);
#2227=LINE('',#15596,#3318);
#2228=LINE('',#15599,#3319);
#2229=LINE('',#15603,#3320);
#2230=LINE('',#15605,#3321);
#2231=LINE('',#15609,#3322);
#2232=LINE('',#15611,#3323);
#2233=LINE('',#15612,#3324);
#2234=LINE('',#15614,#3325);
#2235=LINE('',#15616,#3326);
#2236=LINE('',#15617,#3327);
#2237=LINE('',#15619,#3328);
#2238=LINE('',#15622,#3329);
#2239=LINE('',#15624,#3330);
#2240=LINE('',#15626,#3331);
#2241=LINE('',#15628,#3332);
#2242=LINE('',#15629,#3333);
#2243=LINE('',#15631,#3334);
#2244=LINE('',#15633,#3335);
#2245=LINE('',#15635,#3336);
#2246=LINE('',#15636,#3337);
#2247=LINE('',#15639,#3338);
#2248=LINE('',#15640,#3339);
#2249=LINE('',#15642,#3340);
#2250=LINE('',#15644,#3341);
#2251=LINE('',#15645,#3342);
#2252=LINE('',#15647,#3343);
#2253=LINE('',#15649,#3344);
#2254=LINE('',#15651,#3345);
#2255=LINE('',#15654,#3346);
#2256=LINE('',#15657,#3347);
#2257=LINE('',#15659,#3348);
#2258=LINE('',#15660,#3349);
#2259=LINE('',#15663,#3350);
#2260=LINE('',#15664,#3351);
#2261=LINE('',#15665,#3352);
#2262=LINE('',#15667,#3353);
#2263=LINE('',#15668,#3354);
#2264=LINE('',#15669,#3355);
#2265=LINE('',#15671,#3356);
#2266=LINE('',#15672,#3357);
#2267=LINE('',#15673,#3358);
#2268=LINE('',#15674,#3359);
#2269=LINE('',#15676,#3360);
#2270=LINE('',#15677,#3361);
#2271=LINE('',#15681,#3362);
#2272=LINE('',#15683,#3363);
#2273=LINE('',#15685,#3364);
#2274=LINE('',#15686,#3365);
#2275=LINE('',#15690,#3366);
#2276=LINE('',#15692,#3367);
#2277=LINE('',#15693,#3368);
#2278=LINE('',#15694,#3369);
#2279=LINE('',#15698,#3370);
#2280=LINE('',#15702,#3371);
#2281=LINE('',#15705,#3372);
#2282=LINE('',#15720,#3373);
#2283=LINE('',#15724,#3374);
#2284=LINE('',#15728,#3375);
#2285=LINE('',#15731,#3376);
#2286=LINE('',#15734,#3377);
#2287=LINE('',#15737,#3378);
#2288=LINE('',#15739,#3379);
#2289=LINE('',#15740,#3380);
#2290=LINE('',#15743,#3381);
#2291=LINE('',#15745,#3382);
#2292=LINE('',#15746,#3383);
#2293=LINE('',#15749,#3384);
#2294=LINE('',#15750,#3385);
#2295=LINE('',#15755,#3386);
#2296=LINE('',#15759,#3387);
#2297=LINE('',#15763,#3388);
#2298=LINE('',#15765,#3389);
#2299=LINE('',#15769,#3390);
#2300=LINE('',#15771,#3391);
#2301=LINE('',#15774,#3392);
#2302=LINE('',#15775,#3393);
#2303=LINE('',#15778,#3394);
#2304=LINE('',#15780,#3395);
#2305=LINE('',#15781,#3396);
#2306=LINE('',#15784,#3397);
#2307=LINE('',#15785,#3398);
#2308=LINE('',#15792,#3399);
#2309=LINE('',#15794,#3400);
#2310=LINE('',#15795,#3401);
#2311=LINE('',#15797,#3402);
#2312=LINE('',#15798,#3403);
#2313=LINE('',#15803,#3404);
#2314=LINE('',#15804,#3405);
#2315=LINE('',#15807,#3406);
#2316=LINE('',#15808,#3407);
#2317=LINE('',#15810,#3408);
#2318=LINE('',#15814,#3409);
#2319=LINE('',#15815,#3410);
#2320=LINE('',#15817,#3411);
#2321=LINE('',#15820,#3412);
#2322=LINE('',#15821,#3413);
#2323=LINE('',#15823,#3414);
#2324=LINE('',#15828,#3415);
#2325=LINE('',#15832,#3416);
#2326=LINE('',#15836,#3417);
#2327=LINE('',#15839,#3418);
#2328=LINE('',#15842,#3419);
#2329=LINE('',#15845,#3420);
#2330=LINE('',#15847,#3421);
#2331=LINE('',#15848,#3422);
#2332=LINE('',#15851,#3423);
#2333=LINE('',#15853,#3424);
#2334=LINE('',#15854,#3425);
#2335=LINE('',#15857,#3426);
#2336=LINE('',#15858,#3427);
#2337=LINE('',#15863,#3428);
#2338=LINE('',#15867,#3429);
#2339=LINE('',#15871,#3430);
#2340=LINE('',#15873,#3431);
#2341=LINE('',#15877,#3432);
#2342=LINE('',#15879,#3433);
#2343=LINE('',#15882,#3434);
#2344=LINE('',#15883,#3435);
#2345=LINE('',#15886,#3436);
#2346=LINE('',#15888,#3437);
#2347=LINE('',#15889,#3438);
#2348=LINE('',#15892,#3439);
#2349=LINE('',#15893,#3440);
#2350=LINE('',#15900,#3441);
#2351=LINE('',#15902,#3442);
#2352=LINE('',#15903,#3443);
#2353=LINE('',#15905,#3444);
#2354=LINE('',#15906,#3445);
#2355=LINE('',#15911,#3446);
#2356=LINE('',#15912,#3447);
#2357=LINE('',#15915,#3448);
#2358=LINE('',#15916,#3449);
#2359=LINE('',#15918,#3450);
#2360=LINE('',#15922,#3451);
#2361=LINE('',#15923,#3452);
#2362=LINE('',#15925,#3453);
#2363=LINE('',#15928,#3454);
#2364=LINE('',#15929,#3455);
#2365=LINE('',#15931,#3456);
#2366=LINE('',#15936,#3457);
#2367=LINE('',#15940,#3458);
#2368=LINE('',#15944,#3459);
#2369=LINE('',#15947,#3460);
#2370=LINE('',#15950,#3461);
#2371=LINE('',#15953,#3462);
#2372=LINE('',#15955,#3463);
#2373=LINE('',#15956,#3464);
#2374=LINE('',#15959,#3465);
#2375=LINE('',#15961,#3466);
#2376=LINE('',#15962,#3467);
#2377=LINE('',#15965,#3468);
#2378=LINE('',#15966,#3469);
#2379=LINE('',#15971,#3470);
#2380=LINE('',#15975,#3471);
#2381=LINE('',#15979,#3472);
#2382=LINE('',#15981,#3473);
#2383=LINE('',#15985,#3474);
#2384=LINE('',#15987,#3475);
#2385=LINE('',#15990,#3476);
#2386=LINE('',#15991,#3477);
#2387=LINE('',#15994,#3478);
#2388=LINE('',#15996,#3479);
#2389=LINE('',#15997,#3480);
#2390=LINE('',#16000,#3481);
#2391=LINE('',#16001,#3482);
#2392=LINE('',#16008,#3483);
#2393=LINE('',#16010,#3484);
#2394=LINE('',#16011,#3485);
#2395=LINE('',#16013,#3486);
#2396=LINE('',#16014,#3487);
#2397=LINE('',#16019,#3488);
#2398=LINE('',#16020,#3489);
#2399=LINE('',#16023,#3490);
#2400=LINE('',#16024,#3491);
#2401=LINE('',#16026,#3492);
#2402=LINE('',#16030,#3493);
#2403=LINE('',#16031,#3494);
#2404=LINE('',#16033,#3495);
#2405=LINE('',#16036,#3496);
#2406=LINE('',#16037,#3497);
#2407=LINE('',#16039,#3498);
#2408=LINE('',#16044,#3499);
#2409=LINE('',#16048,#3500);
#2410=LINE('',#16052,#3501);
#2411=LINE('',#16055,#3502);
#2412=LINE('',#16058,#3503);
#2413=LINE('',#16061,#3504);
#2414=LINE('',#16063,#3505);
#2415=LINE('',#16064,#3506);
#2416=LINE('',#16067,#3507);
#2417=LINE('',#16069,#3508);
#2418=LINE('',#16070,#3509);
#2419=LINE('',#16073,#3510);
#2420=LINE('',#16074,#3511);
#2421=LINE('',#16079,#3512);
#2422=LINE('',#16083,#3513);
#2423=LINE('',#16087,#3514);
#2424=LINE('',#16089,#3515);
#2425=LINE('',#16093,#3516);
#2426=LINE('',#16095,#3517);
#2427=LINE('',#16098,#3518);
#2428=LINE('',#16099,#3519);
#2429=LINE('',#16102,#3520);
#2430=LINE('',#16104,#3521);
#2431=LINE('',#16105,#3522);
#2432=LINE('',#16108,#3523);
#2433=LINE('',#16109,#3524);
#2434=LINE('',#16116,#3525);
#2435=LINE('',#16118,#3526);
#2436=LINE('',#16119,#3527);
#2437=LINE('',#16121,#3528);
#2438=LINE('',#16122,#3529);
#2439=LINE('',#16127,#3530);
#2440=LINE('',#16128,#3531);
#2441=LINE('',#16131,#3532);
#2442=LINE('',#16132,#3533);
#2443=LINE('',#16134,#3534);
#2444=LINE('',#16138,#3535);
#2445=LINE('',#16139,#3536);
#2446=LINE('',#16141,#3537);
#2447=LINE('',#16144,#3538);
#2448=LINE('',#16145,#3539);
#2449=LINE('',#16147,#3540);
#2450=LINE('',#16152,#3541);
#2451=LINE('',#16156,#3542);
#2452=LINE('',#16160,#3543);
#2453=LINE('',#16163,#3544);
#2454=LINE('',#16166,#3545);
#2455=LINE('',#16169,#3546);
#2456=LINE('',#16171,#3547);
#2457=LINE('',#16172,#3548);
#2458=LINE('',#16175,#3549);
#2459=LINE('',#16177,#3550);
#2460=LINE('',#16178,#3551);
#2461=LINE('',#16181,#3552);
#2462=LINE('',#16182,#3553);
#2463=LINE('',#16187,#3554);
#2464=LINE('',#16191,#3555);
#2465=LINE('',#16195,#3556);
#2466=LINE('',#16197,#3557);
#2467=LINE('',#16201,#3558);
#2468=LINE('',#16203,#3559);
#2469=LINE('',#16206,#3560);
#2470=LINE('',#16207,#3561);
#2471=LINE('',#16210,#3562);
#2472=LINE('',#16212,#3563);
#2473=LINE('',#16213,#3564);
#2474=LINE('',#16216,#3565);
#2475=LINE('',#16217,#3566);
#2476=LINE('',#16224,#3567);
#2477=LINE('',#16226,#3568);
#2478=LINE('',#16227,#3569);
#2479=LINE('',#16229,#3570);
#2480=LINE('',#16230,#3571);
#2481=LINE('',#16235,#3572);
#2482=LINE('',#16236,#3573);
#2483=LINE('',#16239,#3574);
#2484=LINE('',#16240,#3575);
#2485=LINE('',#16242,#3576);
#2486=LINE('',#16246,#3577);
#2487=LINE('',#16247,#3578);
#2488=LINE('',#16249,#3579);
#2489=LINE('',#16252,#3580);
#2490=LINE('',#16253,#3581);
#2491=LINE('',#16255,#3582);
#2492=LINE('',#16260,#3583);
#2493=LINE('',#16264,#3584);
#2494=LINE('',#16268,#3585);
#2495=LINE('',#16271,#3586);
#2496=LINE('',#16274,#3587);
#2497=LINE('',#16277,#3588);
#2498=LINE('',#16279,#3589);
#2499=LINE('',#16280,#3590);
#2500=LINE('',#16283,#3591);
#2501=LINE('',#16285,#3592);
#2502=LINE('',#16286,#3593);
#2503=LINE('',#16289,#3594);
#2504=LINE('',#16290,#3595);
#2505=LINE('',#16295,#3596);
#2506=LINE('',#16299,#3597);
#2507=LINE('',#16303,#3598);
#2508=LINE('',#16305,#3599);
#2509=LINE('',#16309,#3600);
#2510=LINE('',#16311,#3601);
#2511=LINE('',#16314,#3602);
#2512=LINE('',#16315,#3603);
#2513=LINE('',#16318,#3604);
#2514=LINE('',#16320,#3605);
#2515=LINE('',#16321,#3606);
#2516=LINE('',#16324,#3607);
#2517=LINE('',#16325,#3608);
#2518=LINE('',#16332,#3609);
#2519=LINE('',#16334,#3610);
#2520=LINE('',#16335,#3611);
#2521=LINE('',#16337,#3612);
#2522=LINE('',#16338,#3613);
#2523=LINE('',#16343,#3614);
#2524=LINE('',#16344,#3615);
#2525=LINE('',#16347,#3616);
#2526=LINE('',#16348,#3617);
#2527=LINE('',#16350,#3618);
#2528=LINE('',#16354,#3619);
#2529=LINE('',#16355,#3620);
#2530=LINE('',#16357,#3621);
#2531=LINE('',#16360,#3622);
#2532=LINE('',#16361,#3623);
#2533=LINE('',#16363,#3624);
#2534=LINE('',#16368,#3625);
#2535=LINE('',#16370,#3626);
#2536=LINE('',#16372,#3627);
#2537=LINE('',#16373,#3628);
#2538=LINE('',#16376,#3629);
#2539=LINE('',#16378,#3630);
#2540=LINE('',#16379,#3631);
#2541=LINE('',#16383,#3632);
#2542=LINE('',#16385,#3633);
#2543=LINE('',#16386,#3634);
#2544=LINE('',#16387,#3635);
#2545=LINE('',#16390,#3636);
#2546=LINE('',#16392,#3637);
#2547=LINE('',#16393,#3638);
#2548=LINE('',#16397,#3639);
#2549=LINE('',#16399,#3640);
#2550=LINE('',#16400,#3641);
#2551=LINE('',#16401,#3642);
#2552=LINE('',#16404,#3643);
#2553=LINE('',#16406,#3644);
#2554=LINE('',#16407,#3645);
#2555=LINE('',#16411,#3646);
#2556=LINE('',#16413,#3647);
#2557=LINE('',#16414,#3648);
#2558=LINE('',#16415,#3649);
#2559=LINE('',#16418,#3650);
#2560=LINE('',#16420,#3651);
#2561=LINE('',#16421,#3652);
#2562=LINE('',#16425,#3653);
#2563=LINE('',#16427,#3654);
#2564=LINE('',#16428,#3655);
#2565=LINE('',#16429,#3656);
#2566=LINE('',#16432,#3657);
#2567=LINE('',#16434,#3658);
#2568=LINE('',#16435,#3659);
#2569=LINE('',#16439,#3660);
#2570=LINE('',#16441,#3661);
#2571=LINE('',#16442,#3662);
#2572=LINE('',#16443,#3663);
#2573=LINE('',#16446,#3664);
#2574=LINE('',#16448,#3665);
#2575=LINE('',#16449,#3666);
#2576=LINE('',#16453,#3667);
#2577=LINE('',#16455,#3668);
#2578=LINE('',#16457,#3669);
#2579=LINE('',#16458,#3670);
#2580=LINE('',#16461,#3671);
#2581=LINE('',#16462,#3672);
#2582=LINE('',#16463,#3673);
#2583=LINE('',#16467,#3674);
#2584=LINE('',#16469,#3675);
#2585=LINE('',#16470,#3676);
#2586=LINE('',#16471,#3677);
#2587=LINE('',#16474,#3678);
#2588=LINE('',#16475,#3679);
#2589=LINE('',#16476,#3680);
#2590=LINE('',#16480,#3681);
#2591=LINE('',#16482,#3682);
#2592=LINE('',#16483,#3683);
#2593=LINE('',#16484,#3684);
#2594=LINE('',#16487,#3685);
#2595=LINE('',#16488,#3686);
#2596=LINE('',#16489,#3687);
#2597=LINE('',#16493,#3688);
#2598=LINE('',#16495,#3689);
#2599=LINE('',#16496,#3690);
#2600=LINE('',#16497,#3691);
#2601=LINE('',#16500,#3692);
#2602=LINE('',#16501,#3693);
#2603=LINE('',#16502,#3694);
#2604=LINE('',#16506,#3695);
#2605=LINE('',#16507,#3696);
#2606=LINE('',#16509,#3697);
#2607=LINE('',#16510,#3698);
#2608=LINE('',#16513,#3699);
#2609=LINE('',#16515,#3700);
#2610=LINE('',#16516,#3701);
#2611=LINE('',#16520,#3702);
#2612=LINE('',#16522,#3703);
#2613=LINE('',#16523,#3704);
#2614=LINE('',#16524,#3705);
#2615=LINE('',#16527,#3706);
#2616=LINE('',#16528,#3707);
#2617=LINE('',#16532,#3708);
#2618=LINE('',#16534,#3709);
#2619=LINE('',#16535,#3710);
#2620=LINE('',#16536,#3711);
#2621=LINE('',#16539,#3712);
#2622=LINE('',#16540,#3713);
#2623=LINE('',#16541,#3714);
#2624=LINE('',#16545,#3715);
#2625=LINE('',#16547,#3716);
#2626=LINE('',#16549,#3717);
#2627=LINE('',#16550,#3718);
#2628=LINE('',#16553,#3719);
#2629=LINE('',#16555,#3720);
#2630=LINE('',#16556,#3721);
#2631=LINE('',#16560,#3722);
#2632=LINE('',#16562,#3723);
#2633=LINE('',#16563,#3724);
#2634=LINE('',#16564,#3725);
#2635=LINE('',#16567,#3726);
#2636=LINE('',#16569,#3727);
#2637=LINE('',#16570,#3728);
#2638=LINE('',#16574,#3729);
#2639=LINE('',#16575,#3730);
#2640=LINE('',#16576,#3731);
#2641=LINE('',#16577,#3732);
#2642=LINE('',#16580,#3733);
#2643=LINE('',#16582,#3734);
#2644=LINE('',#16583,#3735);
#2645=LINE('',#16587,#3736);
#2646=LINE('',#16589,#3737);
#2647=LINE('',#16590,#3738);
#2648=LINE('',#16591,#3739);
#2649=LINE('',#16594,#3740);
#2650=LINE('',#16595,#3741);
#2651=LINE('',#16599,#3742);
#2652=LINE('',#16601,#3743);
#2653=LINE('',#16602,#3744);
#2654=LINE('',#16603,#3745);
#2655=LINE('',#16606,#3746);
#2656=LINE('',#16607,#3747);
#2657=LINE('',#16611,#3748);
#2658=LINE('',#16613,#3749);
#2659=LINE('',#16614,#3750);
#2660=LINE('',#16615,#3751);
#2661=LINE('',#16618,#3752);
#2662=LINE('',#16619,#3753);
#2663=LINE('',#16620,#3754);
#2664=LINE('',#16624,#3755);
#2665=LINE('',#16625,#3756);
#2666=LINE('',#16626,#3757);
#2667=LINE('',#16630,#3758);
#2668=LINE('',#16631,#3759);
#2669=LINE('',#16632,#3760);
#2670=LINE('',#16633,#3761);
#2671=LINE('',#16636,#3762);
#2672=LINE('',#16638,#3763);
#2673=LINE('',#16639,#3764);
#2674=LINE('',#16643,#3765);
#2675=LINE('',#16644,#3766);
#2676=LINE('',#16645,#3767);
#2677=LINE('',#16649,#3768);
#2678=LINE('',#16650,#3769);
#2679=LINE('',#16651,#3770);
#2680=LINE('',#16654,#3771);
#2681=LINE('',#16655,#3772);
#2682=LINE('',#16656,#3773);
#2683=LINE('',#16660,#3774);
#2684=LINE('',#16661,#3775);
#2685=LINE('',#16662,#3776);
#2686=LINE('',#16665,#3777);
#2687=LINE('',#16666,#3778);
#2688=LINE('',#16670,#3779);
#2689=LINE('',#16671,#3780);
#2690=LINE('',#16672,#3781);
#2691=LINE('',#16675,#3782);
#2692=LINE('',#16677,#3783);
#2693=LINE('',#16678,#3784);
#2694=LINE('',#16682,#3785);
#2695=LINE('',#16683,#3786);
#2696=LINE('',#16684,#3787);
#2697=LINE('',#16687,#3788);
#2698=LINE('',#16689,#3789);
#2699=LINE('',#16690,#3790);
#2700=LINE('',#16694,#3791);
#2701=LINE('',#16695,#3792);
#2702=LINE('',#16697,#3793);
#2703=LINE('',#16724,#3794);
#2704=LINE('',#16725,#3795);
#2705=LINE('',#16728,#3796);
#2706=LINE('',#16729,#3797);
#2707=LINE('',#16731,#3798);
#2708=LINE('',#16748,#3799);
#2709=LINE('',#16759,#3800);
#2710=LINE('',#16768,#3801);
#2711=LINE('',#16786,#3802);
#2712=LINE('',#16787,#3803);
#2713=LINE('',#16790,#3804);
#2714=LINE('',#16791,#3805);
#2715=LINE('',#16794,#3806);
#2716=LINE('',#16795,#3807);
#2717=LINE('',#16798,#3808);
#2718=LINE('',#16800,#3809);
#2719=LINE('',#16820,#3810);
#2720=LINE('',#16821,#3811);
#2721=LINE('',#16824,#3812);
#2722=LINE('',#16826,#3813);
#2723=LINE('',#16835,#3814);
#2724=LINE('',#16844,#3815);
#2725=LINE('',#16846,#3816);
#2726=LINE('',#16868,#3817);
#2727=LINE('',#16869,#3818);
#2728=LINE('',#16872,#3819);
#2729=LINE('',#16873,#3820);
#2730=LINE('',#16874,#3821);
#2731=LINE('',#16877,#3822);
#2732=LINE('',#16878,#3823);
#2733=LINE('',#16879,#3824);
#2734=LINE('',#16882,#3825);
#2735=LINE('',#16884,#3826);
#2736=LINE('',#16905,#3827);
#2737=LINE('',#16914,#3828);
#2738=LINE('',#16927,#3829);
#2739=LINE('',#16935,#3830);
#2740=LINE('',#16936,#3831);
#2741=LINE('',#16939,#3832);
#2742=LINE('',#16941,#3833);
#2743=LINE('',#16963,#3834);
#2744=LINE('',#16964,#3835);
#2745=LINE('',#16967,#3836);
#2746=LINE('',#16968,#3837);
#2747=LINE('',#16970,#3838);
#2748=LINE('',#16985,#3839);
#2749=LINE('',#16991,#3840);
#2750=LINE('',#16992,#3841);
#2751=LINE('',#17005,#3842);
#2752=LINE('',#17014,#3843);
#2753=LINE('',#17023,#3844);
#2754=LINE('',#17039,#3845);
#2755=LINE('',#17040,#3846);
#2756=LINE('',#17043,#3847);
#2757=LINE('',#17044,#3848);
#2758=LINE('',#17047,#3849);
#2759=LINE('',#17049,#3850);
#2760=LINE('',#17050,#3851);
#2761=LINE('',#17053,#3852);
#2762=LINE('',#17055,#3853);
#2763=LINE('',#17075,#3854);
#2764=LINE('',#17076,#3855);
#2765=LINE('',#17079,#3856);
#2766=LINE('',#17081,#3857);
#2767=LINE('',#17101,#3858);
#2768=LINE('',#17102,#3859);
#2769=LINE('',#17105,#3860);
#2770=LINE('',#17106,#3861);
#2771=LINE('',#17107,#3862);
#2772=LINE('',#17110,#3863);
#2773=LINE('',#17111,#3864);
#2774=LINE('',#17114,#3865);
#2775=LINE('',#17116,#3866);
#2776=LINE('',#17139,#3867);
#2777=LINE('',#17150,#3868);
#2778=LINE('',#17153,#3869);
#2779=LINE('',#17154,#3870);
#2780=LINE('',#17155,#3871);
#2781=LINE('',#17158,#3872);
#2782=LINE('',#17159,#3873);
#2783=LINE('',#17160,#3874);
#2784=LINE('',#17163,#3875);
#2785=LINE('',#17164,#3876);
#2786=LINE('',#17165,#3877);
#2787=LINE('',#17168,#3878);
#2788=LINE('',#17169,#3879);
#2789=LINE('',#17170,#3880);
#2790=LINE('',#17173,#3881);
#2791=LINE('',#17174,#3882);
#2792=LINE('',#17175,#3883);
#2793=LINE('',#17178,#3884);
#2794=LINE('',#17180,#3885);
#2795=LINE('',#17181,#3886);
#2796=LINE('',#17195,#3887);
#2797=LINE('',#17196,#3888);
#2798=LINE('',#17210,#3889);
#2799=LINE('',#17211,#3890);
#2800=LINE('',#17222,#3891);
#2801=LINE('',#17226,#3892);
#2802=LINE('',#17227,#3893);
#2803=LINE('',#17228,#3894);
#2804=LINE('',#17231,#3895);
#2805=LINE('',#17232,#3896);
#2806=LINE('',#17235,#3897);
#2807=LINE('',#17236,#3898);
#2808=LINE('',#17239,#3899);
#2809=LINE('',#17240,#3900);
#2810=LINE('',#17243,#3901);
#2811=LINE('',#17244,#3902);
#2812=LINE('',#17248,#3903);
#2813=LINE('',#17249,#3904);
#2814=LINE('',#17250,#3905);
#2815=LINE('',#17261,#3906);
#2816=LINE('',#17264,#3907);
#2817=LINE('',#17277,#3908);
#2818=LINE('',#17294,#3909);
#2819=LINE('',#17297,#3910);
#2820=LINE('',#17298,#3911);
#2821=LINE('',#17299,#3912);
#2822=LINE('',#17301,#3913);
#2823=LINE('',#17303,#3914);
#2824=LINE('',#17305,#3915);
#2825=LINE('',#17307,#3916);
#2826=LINE('',#17309,#3917);
#2827=LINE('',#17311,#3918);
#2828=LINE('',#17315,#3919);
#2829=LINE('',#17325,#3920);
#2830=LINE('',#17326,#3921);
#2831=LINE('',#17329,#3922);
#2832=LINE('',#17330,#3923);
#2833=LINE('',#17332,#3924);
#2834=LINE('',#17333,#3925);
#2835=LINE('',#17336,#3926);
#2836=LINE('',#17352,#3927);
#2837=LINE('',#17366,#3928);
#2838=LINE('',#17369,#3929);
#2839=LINE('',#17370,#3930);
#2840=LINE('',#17371,#3931);
#2841=LINE('',#17383,#3932);
#2842=LINE('',#17384,#3933);
#2843=LINE('',#17386,#3934);
#2844=LINE('',#17389,#3935);
#2845=LINE('',#17390,#3936);
#2846=LINE('',#17393,#3937);
#2847=LINE('',#17394,#3938);
#2848=LINE('',#17405,#3939);
#2849=LINE('',#17406,#3940);
#2850=LINE('',#17416,#3941);
#2851=LINE('',#17417,#3942);
#2852=LINE('',#17419,#3943);
#2853=LINE('',#17422,#3944);
#2854=LINE('',#17432,#3945);
#2855=LINE('',#17434,#3946);
#2856=LINE('',#17437,#3947);
#2857=LINE('',#17438,#3948);
#2858=LINE('',#17441,#3949);
#2859=LINE('',#17442,#3950);
#2860=LINE('',#17443,#3951);
#2861=LINE('',#17446,#3952);
#2862=LINE('',#17447,#3953);
#2863=LINE('',#17448,#3954);
#2864=LINE('',#17451,#3955);
#2865=LINE('',#17453,#3956);
#2866=LINE('',#17454,#3957);
#2867=LINE('',#17469,#3958);
#2868=LINE('',#17470,#3959);
#2869=LINE('',#17471,#3960);
#2870=LINE('',#17482,#3961);
#2871=LINE('',#17485,#3962);
#2872=LINE('',#17486,#3963);
#2873=LINE('',#17488,#3964);
#2874=LINE('',#17491,#3965);
#2875=LINE('',#17492,#3966);
#2876=LINE('',#17495,#3967);
#2877=LINE('',#17496,#3968);
#2878=LINE('',#17498,#3969);
#2879=LINE('',#17500,#3970);
#2880=LINE('',#17502,#3971);
#2881=LINE('',#17506,#3972);
#2882=LINE('',#17515,#3973);
#2883=LINE('',#17516,#3974);
#2884=LINE('',#17519,#3975);
#2885=LINE('',#17533,#3976);
#2886=LINE('',#17542,#3977);
#2887=LINE('',#17543,#3978);
#2888=LINE('',#17546,#3979);
#2889=LINE('',#17547,#3980);
#2890=LINE('',#17549,#3981);
#2891=LINE('',#17560,#3982);
#2892=LINE('',#17563,#3983);
#2893=LINE('',#17564,#3984);
#2894=LINE('',#17565,#3985);
#2895=LINE('',#17568,#3986);
#2896=LINE('',#17569,#3987);
#2897=LINE('',#17573,#3988);
#2898=LINE('',#17584,#3989);
#2899=LINE('',#17587,#3990);
#2900=LINE('',#17588,#3991);
#2901=LINE('',#17591,#3992);
#2902=LINE('',#17592,#3993);
#2903=LINE('',#17605,#3994);
#2904=LINE('',#17607,#3995);
#2905=LINE('',#17609,#3996);
#2906=LINE('',#17611,#3997);
#2907=LINE('',#17614,#3998);
#2908=LINE('',#17615,#3999);
#2909=LINE('',#17626,#4000);
#2910=LINE('',#17628,#4001);
#2911=LINE('',#17631,#4002);
#2912=LINE('',#17632,#4003);
#2913=LINE('',#17645,#4004);
#2914=LINE('',#17646,#4005);
#2915=LINE('',#17647,#4006);
#2916=LINE('',#17649,#4007);
#2917=LINE('',#17651,#4008);
#2918=LINE('',#17654,#4009);
#2919=LINE('',#17664,#4010);
#2920=LINE('',#17667,#4011);
#2921=LINE('',#17679,#4012);
#2922=LINE('',#17693,#4013);
#2923=LINE('',#17694,#4014);
#2924=LINE('',#17707,#4015);
#2925=LINE('',#17710,#4016);
#2926=LINE('',#17716,#4017);
#2927=LINE('',#17725,#4018);
#2928=LINE('',#17805,#4019);
#2929=LINE('',#17845,#4020);
#2930=LINE('',#17847,#4021);
#2931=LINE('',#17882,#4022);
#2932=LINE('',#17883,#4023);
#2933=LINE('',#17886,#4024);
#2934=LINE('',#17888,#4025);
#2935=LINE('',#17889,#4026);
#2936=LINE('',#17893,#4027);
#2937=LINE('',#17897,#4028);
#2938=LINE('',#17898,#4029);
#2939=LINE('',#17906,#4030);
#2940=LINE('',#17912,#4031);
#2941=VECTOR('',#11335,10.);
#2942=VECTOR('',#11336,10.);
#2943=VECTOR('',#11337,10.);
#2944=VECTOR('',#11338,10.);
#2945=VECTOR('',#11341,10.);
#2946=VECTOR('',#11342,10.);
#2947=VECTOR('',#11343,10.);
#2948=VECTOR('',#11346,10.);
#2949=VECTOR('',#11347,10.);
#2950=VECTOR('',#11348,10.);
#2951=VECTOR('',#11351,10.);
#2952=VECTOR('',#11352,10.);
#2953=VECTOR('',#11359,10.);
#2954=VECTOR('',#11362,10.);
#2955=VECTOR('',#11365,10.);
#2956=VECTOR('',#11366,10.);
#2957=VECTOR('',#11367,10.);
#2958=VECTOR('',#11368,10.);
#2959=VECTOR('',#11369,10.);
#2960=VECTOR('',#11370,10.);
#2961=VECTOR('',#11371,10.);
#2962=VECTOR('',#11376,10.);
#2963=VECTOR('',#11377,10.);
#2964=VECTOR('',#11378,10.);
#2965=VECTOR('',#11385,10.);
#2966=VECTOR('',#11392,10.);
#2967=VECTOR('',#11395,10.);
#2968=VECTOR('',#11396,10.);
#2969=VECTOR('',#11397,10.);
#2970=VECTOR('',#11404,10.);
#2971=VECTOR('',#11407,4.3);
#2972=VECTOR('',#11412,4.05);
#2973=VECTOR('',#11427,0.700000000000001);
#2974=VECTOR('',#11444,0.7);
#2975=VECTOR('',#11453,10.);
#2976=VECTOR('',#11454,10.);
#2977=VECTOR('',#11455,10.);
#2978=VECTOR('',#11458,10.);
#2979=VECTOR('',#11459,10.);
#2980=VECTOR('',#11460,10.);
#2981=VECTOR('',#11463,10.);
#2982=VECTOR('',#11466,10.);
#2983=VECTOR('',#11469,10.);
#2984=VECTOR('',#11472,10.);
#2985=VECTOR('',#11483,10.);
#2986=VECTOR('',#11484,10.);
#2987=VECTOR('',#11493,10.);
#2988=VECTOR('',#11494,10.);
#2989=VECTOR('',#11497,10.);
#2990=VECTOR('',#11498,10.);
#2991=VECTOR('',#11499,10.);
#2992=VECTOR('',#11502,10.);
#2993=VECTOR('',#11509,10.);
#2994=VECTOR('',#11510,10.);
#2995=VECTOR('',#11519,4.05);
#2996=VECTOR('',#11530,10.);
#2997=VECTOR('',#11533,10.);
#2998=VECTOR('',#11536,10.);
#2999=VECTOR('',#11539,10.);
#3000=VECTOR('',#11542,10.);
#3001=VECTOR('',#11545,10.);
#3002=VECTOR('',#11546,10.);
#3003=VECTOR('',#11547,10.);
#3004=VECTOR('',#11550,10.);
#3005=VECTOR('',#11553,10.);
#3006=VECTOR('',#11556,10.);
#3007=VECTOR('',#11557,10.);
#3008=VECTOR('',#11558,10.);
#3009=VECTOR('',#11561,10.);
#3010=VECTOR('',#11562,10.);
#3011=VECTOR('',#11567,10.);
#3012=VECTOR('',#11574,10.);
#3013=VECTOR('',#11575,10.);
#3014=VECTOR('',#11576,10.);
#3015=VECTOR('',#11579,10.);
#3016=VECTOR('',#11580,10.);
#3017=VECTOR('',#11581,10.);
#3018=VECTOR('',#11582,10.);
#3019=VECTOR('',#11583,10.);
#3020=VECTOR('',#11584,10.);
#3021=VECTOR('',#11585,10.);
#3022=VECTOR('',#11586,10.);
#3023=VECTOR('',#11587,10.);
#3024=VECTOR('',#11588,10.);
#3025=VECTOR('',#11589,10.);
#3026=VECTOR('',#11590,10.);
#3027=VECTOR('',#11591,10.);
#3028=VECTOR('',#11592,10.);
#3029=VECTOR('',#11593,10.);
#3030=VECTOR('',#11594,10.);
#3031=VECTOR('',#11595,10.);
#3032=VECTOR('',#11596,10.);
#3033=VECTOR('',#11597,10.);
#3034=VECTOR('',#11598,10.);
#3035=VECTOR('',#11599,10.);
#3036=VECTOR('',#11600,10.);
#3037=VECTOR('',#11601,10.);
#3038=VECTOR('',#11602,10.);
#3039=VECTOR('',#11603,10.);
#3040=VECTOR('',#11604,10.);
#3041=VECTOR('',#11605,10.);
#3042=VECTOR('',#11606,10.);
#3043=VECTOR('',#11607,10.);
#3044=VECTOR('',#11608,10.);
#3045=VECTOR('',#11609,10.);
#3046=VECTOR('',#11610,10.);
#3047=VECTOR('',#11611,10.);
#3048=VECTOR('',#11612,10.);
#3049=VECTOR('',#11613,10.);
#3050=VECTOR('',#11614,10.);
#3051=VECTOR('',#11615,10.);
#3052=VECTOR('',#11616,10.);
#3053=VECTOR('',#11627,10.);
#3054=VECTOR('',#11632,10.);
#3055=VECTOR('',#11633,10.);
#3056=VECTOR('',#11634,10.);
#3057=VECTOR('',#11637,10.);
#3058=VECTOR('',#11638,10.);
#3059=VECTOR('',#11639,10.);
#3060=VECTOR('',#11642,10.);
#3061=VECTOR('',#11645,10.);
#3062=VECTOR('',#11656,10.);
#3063=VECTOR('',#11659,10.);
#3064=VECTOR('',#11660,10.);
#3065=VECTOR('',#11661,10.);
#3066=VECTOR('',#11662,10.);
#3067=VECTOR('',#11663,10.);
#3068=VECTOR('',#11666,10.);
#3069=VECTOR('',#11673,10.);
#3070=VECTOR('',#11676,10.);
#3071=VECTOR('',#11679,10.);
#3072=VECTOR('',#11680,10.);
#3073=VECTOR('',#11681,10.);
#3074=VECTOR('',#11682,10.);
#3075=VECTOR('',#11683,10.);
#3076=VECTOR('',#11684,10.);
#3077=VECTOR('',#11685,10.);
#3078=VECTOR('',#11686,10.);
#3079=VECTOR('',#11687,10.);
#3080=VECTOR('',#11688,10.);
#3081=VECTOR('',#11689,10.);
#3082=VECTOR('',#11690,10.);
#3083=VECTOR('',#11691,10.);
#3084=VECTOR('',#11692,10.);
#3085=VECTOR('',#11693,10.);
#3086=VECTOR('',#11698,10.);
#3087=VECTOR('',#11699,10.);
#3088=VECTOR('',#11700,10.);
#3089=VECTOR('',#11707,10.);
#3090=VECTOR('',#11710,10.);
#3091=VECTOR('',#11713,10.);
#3092=VECTOR('',#11716,10.);
#3093=VECTOR('',#11723,10.);
#3094=VECTOR('',#11728,10.);
#3095=VECTOR('',#11729,10.);
#3096=VECTOR('',#11730,10.);
#3097=VECTOR('',#11735,10.);
#3098=VECTOR('',#11738,10.);
#3099=VECTOR('',#11741,10.);
#3100=VECTOR('',#11742,10.);
#3101=VECTOR('',#11743,10.);
#3102=VECTOR('',#11746,10.);
#3103=VECTOR('',#11757,10.);
#3104=VECTOR('',#11760,10.);
#3105=VECTOR('',#11761,10.);
#3106=VECTOR('',#11768,10.);
#3107=VECTOR('',#11771,10.);
#3108=VECTOR('',#11772,10.);
#3109=VECTOR('',#11773,10.);
#3110=VECTOR('',#11776,10.);
#3111=VECTOR('',#11779,10.);
#3112=VECTOR('',#11782,10.);
#3113=VECTOR('',#11791,10.);
#3114=VECTOR('',#11794,10.);
#3115=VECTOR('',#11797,10.);
#3116=VECTOR('',#11798,10.);
#3117=VECTOR('',#11799,10.);
#3118=VECTOR('',#11804,10.);
#3119=VECTOR('',#11809,10.);
#3120=VECTOR('',#11814,10.);
#3121=VECTOR('',#11817,10.);
#3122=VECTOR('',#11818,10.);
#3123=VECTOR('',#11821,10.);
#3124=VECTOR('',#11824,10.);
#3125=VECTOR('',#11827,10.);
#3126=VECTOR('',#11830,10.);
#3127=VECTOR('',#11831,10.);
#3128=VECTOR('',#11834,10.);
#3129=VECTOR('',#11835,10.);
#3130=VECTOR('',#11842,10.);
#3131=VECTOR('',#11845,10.);
#3132=VECTOR('',#11848,10.);
#3133=VECTOR('',#11849,10.);
#3134=VECTOR('',#11850,10.);
#3135=VECTOR('',#11853,10.);
#3136=VECTOR('',#11854,10.);
#3137=VECTOR('',#11855,10.);
#3138=VECTOR('',#11860,10.);
#3139=VECTOR('',#11863,10.);
#3140=VECTOR('',#11866,10.);
#3141=VECTOR('',#11867,10.);
#3142=VECTOR('',#11868,10.);
#3143=VECTOR('',#11871,10.);
#3144=VECTOR('',#11882,10.);
#3145=VECTOR('',#11885,10.);
#3146=VECTOR('',#11886,10.);
#3147=VECTOR('',#11891,10.);
#3148=VECTOR('',#11898,10.);
#3149=VECTOR('',#11901,10.);
#3150=VECTOR('',#11904,10.);
#3151=VECTOR('',#11907,10.);
#3152=VECTOR('',#11908,10.);
#3153=VECTOR('',#11909,10.);
#3154=VECTOR('',#11916,10.);
#3155=VECTOR('',#11919,10.);
#3156=VECTOR('',#11922,10.);
#3157=VECTOR('',#11923,10.);
#3158=VECTOR('',#11924,10.);
#3159=VECTOR('',#11929,10.);
#3160=VECTOR('',#11938,10.);
#3161=VECTOR('',#11941,10.);
#3162=VECTOR('',#11942,10.);
#3163=VECTOR('',#11945,10.);
#3164=VECTOR('',#11948,10.);
#3165=VECTOR('',#11953,10.);
#3166=VECTOR('',#11954,10.);
#3167=VECTOR('',#11961,10.);
#3168=VECTOR('',#11964,10.);
#3169=VECTOR('',#11967,10.);
#3170=VECTOR('',#11968,10.);
#3171=VECTOR('',#11969,10.);
#3172=VECTOR('',#11972,10.);
#3173=VECTOR('',#11973,10.);
#3174=VECTOR('',#11974,10.);
#3175=VECTOR('',#11979,10.);
#3176=VECTOR('',#11982,10.);
#3177=VECTOR('',#11985,10.);
#3178=VECTOR('',#11986,10.);
#3179=VECTOR('',#11987,10.);
#3180=VECTOR('',#11990,10.);
#3181=VECTOR('',#12001,10.);
#3182=VECTOR('',#12004,10.);
#3183=VECTOR('',#12005,10.);
#3184=VECTOR('',#12010,10.);
#3185=VECTOR('',#12023,10.);
#3186=VECTOR('',#12026,10.);
#3187=VECTOR('',#12027,10.);
#3188=VECTOR('',#12028,10.);
#3189=VECTOR('',#12031,10.);
#3190=VECTOR('',#12034,10.);
#3191=VECTOR('',#12037,10.);
#3192=VECTOR('',#12040,10.);
#3193=VECTOR('',#12043,10.);
#3194=VECTOR('',#12046,10.);
#3195=VECTOR('',#12053,10.);
#3196=VECTOR('',#12056,10.);
#3197=VECTOR('',#12057,10.);
#3198=VECTOR('',#12058,10.);
#3199=VECTOR('',#12061,10.);
#3200=VECTOR('',#12064,10.);
#3201=VECTOR('',#12067,10.);
#3202=VECTOR('',#12072,0.5);
#3203=VECTOR('',#12075,10.);
#3204=VECTOR('',#12080,0.5);
#3205=VECTOR('',#12081,10.);
#3206=VECTOR('',#12086,0.5);
#3207=VECTOR('',#12089,10.);
#3208=VECTOR('',#12094,0.5);
#3209=VECTOR('',#12095,10.);
#3210=VECTOR('',#12100,10.);
#3211=VECTOR('',#12103,10.);
#3212=VECTOR('',#12106,10.);
#3213=VECTOR('',#12109,10.);
#3214=VECTOR('',#12112,10.);
#3215=VECTOR('',#12115,10.);
#3216=VECTOR('',#12120,0.5);
#3217=VECTOR('',#12123,10.);
#3218=VECTOR('',#12128,0.5);
#3219=VECTOR('',#12129,10.);
#3220=VECTOR('',#12132,0.5);
#3221=VECTOR('',#12135,10.);
#3222=VECTOR('',#12138,0.5);
#3223=VECTOR('',#12141,10.);
#3224=VECTOR('',#12146,10.);
#3225=VECTOR('',#12151,10.);
#3226=VECTOR('',#12156,10.);
#3227=VECTOR('',#12159,10.);
#3228=VECTOR('',#12160,10.);
#3229=VECTOR('',#12163,10.);
#3230=VECTOR('',#12166,10.);
#3231=VECTOR('',#12167,10.);
#3232=VECTOR('',#12170,10.);
#3233=VECTOR('',#12173,10.);
#3234=VECTOR('',#12176,10.);
#3235=VECTOR('',#12179,10.);
#3236=VECTOR('',#12182,10.);
#3237=VECTOR('',#12183,10.);
#3238=VECTOR('',#12188,10.);
#3239=VECTOR('',#12191,10.);
#3240=VECTOR('',#12192,10.);
#3241=VECTOR('',#12195,10.);
#3242=VECTOR('',#12198,10.);
#3243=VECTOR('',#12201,10.);
#3244=VECTOR('',#12202,10.);
#3245=VECTOR('',#12205,10.);
#3246=VECTOR('',#12212,10.);
#3247=VECTOR('',#12219,0.5);
#3248=VECTOR('',#12220,10.);
#3249=VECTOR('',#12225,0.5);
#3250=VECTOR('',#12226,10.);
#3251=VECTOR('',#12229,0.5);
#3252=VECTOR('',#12232,10.);
#3253=VECTOR('',#12237,0.5);
#3254=VECTOR('',#12238,10.);
#3255=VECTOR('',#12243,10.);
#3256=VECTOR('',#12246,10.);
#3257=VECTOR('',#12249,10.);
#3258=VECTOR('',#12252,10.);
#3259=VECTOR('',#12255,10.);
#3260=VECTOR('',#12258,10.);
#3261=VECTOR('',#12263,4.3);
#3262=VECTOR('',#12268,4.05);
#3263=VECTOR('',#12275,4.55);
#3264=VECTOR('',#12280,10.);
#3265=VECTOR('',#12285,10.);
#3266=VECTOR('',#12288,10.);
#3267=VECTOR('',#12289,10.);
#3268=VECTOR('',#12294,10.);
#3269=VECTOR('',#12297,10.);
#3270=VECTOR('',#12298,10.);
#3271=VECTOR('',#12301,10.);
#3272=VECTOR('',#12306,10.);
#3273=VECTOR('',#12309,10.);
#3274=VECTOR('',#12314,10.);
#3275=VECTOR('',#12315,10.);
#3276=VECTOR('',#12318,10.);
#3277=VECTOR('',#12321,10.);
#3278=VECTOR('',#12324,10.);
#3279=VECTOR('',#12325,10.);
#3280=VECTOR('',#12328,10.);
#3281=VECTOR('',#12331,10.);
#3282=VECTOR('',#12332,10.);
#3283=VECTOR('',#12335,10.);
#3284=VECTOR('',#12340,10.);
#3285=VECTOR('',#12343,10.);
#3286=VECTOR('',#12346,10.);
#3287=VECTOR('',#12347,10.);
#3288=VECTOR('',#12354,10.);
#3289=VECTOR('',#12355,10.);
#3290=VECTOR('',#12358,10.);
#3291=VECTOR('',#12359,10.);
#3292=VECTOR('',#12364,10.);
#3293=VECTOR('',#12367,10.);
#3294=VECTOR('',#12374,10.);
#3295=VECTOR('',#12379,10.);
#3296=VECTOR('',#12380,10.);
#3297=VECTOR('',#12383,10.);
#3298=VECTOR('',#12386,10.);
#3299=VECTOR('',#12389,10.);
#3300=VECTOR('',#12390,10.);
#3301=VECTOR('',#12393,10.);
#3302=VECTOR('',#12396,10.);
#3303=VECTOR('',#12397,10.);
#3304=VECTOR('',#12400,10.);
#3305=VECTOR('',#12403,10.);
#3306=VECTOR('',#12406,10.);
#3307=VECTOR('',#12409,10.);
#3308=VECTOR('',#12412,10.);
#3309=VECTOR('',#12417,10.);
#3310=VECTOR('',#12422,10.);
#3311=VECTOR('',#12423,10.);
#3312=VECTOR('',#12426,10.);
#3313=VECTOR('',#12427,10.);
#3314=VECTOR('',#12430,10.);
#3315=VECTOR('',#12433,10.);
#3316=VECTOR('',#12436,10.);
#3317=VECTOR('',#12439,10.);
#3318=VECTOR('',#12440,10.);
#3319=VECTOR('',#12443,10.);
#3320=VECTOR('',#12446,10.);
#3321=VECTOR('',#12449,10.);
#3322=VECTOR('',#12456,10.);
#3323=VECTOR('',#12459,10.);
#3324=VECTOR('',#12460,10.);
#3325=VECTOR('',#12463,10.);
#3326=VECTOR('',#12466,10.);
#3327=VECTOR('',#12467,10.);
#3328=VECTOR('',#12470,10.);
#3329=VECTOR('',#12475,10.);
#3330=VECTOR('',#12478,10.);
#3331=VECTOR('',#12481,10.);
#3332=VECTOR('',#12484,10.);
#3333=VECTOR('',#12485,10.);
#3334=VECTOR('',#12488,10.);
#3335=VECTOR('',#12491,10.);
#3336=VECTOR('',#12494,10.);
#3337=VECTOR('',#12495,10.);
#3338=VECTOR('',#12500,10.);
#3339=VECTOR('',#12501,10.);
#3340=VECTOR('',#12504,10.);
#3341=VECTOR('',#12507,10.);
#3342=VECTOR('',#12508,10.);
#3343=VECTOR('',#12511,10.);
#3344=VECTOR('',#12514,10.);
#3345=VECTOR('',#12517,10.);
#3346=VECTOR('',#12522,10.);
#3347=VECTOR('',#12527,10.);
#3348=VECTOR('',#12528,10.);
#3349=VECTOR('',#12529,10.);
#3350=VECTOR('',#12532,10.);
#3351=VECTOR('',#12533,10.);
#3352=VECTOR('',#12534,10.);
#3353=VECTOR('',#12537,10.);
#3354=VECTOR('',#12538,10.);
#3355=VECTOR('',#12539,10.);
#3356=VECTOR('',#12542,10.);
#3357=VECTOR('',#12543,10.);
#3358=VECTOR('',#12544,10.);
#3359=VECTOR('',#12545,10.);
#3360=VECTOR('',#12548,10.);
#3361=VECTOR('',#12549,10.);
#3362=VECTOR('',#12556,10.);
#3363=VECTOR('',#12559,10.);
#3364=VECTOR('',#12562,10.);
#3365=VECTOR('',#12563,10.);
#3366=VECTOR('',#12570,10.);
#3367=VECTOR('',#12573,10.);
#3368=VECTOR('',#12574,10.);
#3369=VECTOR('',#12575,10.);
#3370=VECTOR('',#12582,10.);
#3371=VECTOR('',#12589,10.);
#3372=VECTOR('',#12594,10.);
#3373=VECTOR('',#12619,10.);
#3374=VECTOR('',#12622,10.);
#3375=VECTOR('',#12627,10.);
#3376=VECTOR('',#12630,10.);
#3377=VECTOR('',#12633,10.);
#3378=VECTOR('',#12636,10.);
#3379=VECTOR('',#12639,10.);
#3380=VECTOR('',#12640,10.);
#3381=VECTOR('',#12643,10.);
#3382=VECTOR('',#12644,10.);
#3383=VECTOR('',#12645,10.);
#3384=VECTOR('',#12648,10.);
#3385=VECTOR('',#12649,10.);
#3386=VECTOR('',#12654,10.);
#3387=VECTOR('',#12657,10.);
#3388=VECTOR('',#12662,10.);
#3389=VECTOR('',#12663,10.);
#3390=VECTOR('',#12668,10.);
#3391=VECTOR('',#12669,10.);
#3392=VECTOR('',#12674,10.);
#3393=VECTOR('',#12675,10.);
#3394=VECTOR('',#12678,10.);
#3395=VECTOR('',#12679,10.);
#3396=VECTOR('',#12680,10.);
#3397=VECTOR('',#12683,10.);
#3398=VECTOR('',#12684,10.);
#3399=VECTOR('',#12691,10.);
#3400=VECTOR('',#12692,10.);
#3401=VECTOR('',#12693,10.);
#3402=VECTOR('',#12694,10.);
#3403=VECTOR('',#12695,10.);
#3404=VECTOR('',#12700,10.);
#3405=VECTOR('',#12701,10.);
#3406=VECTOR('',#12704,10.);
#3407=VECTOR('',#12705,10.);
#3408=VECTOR('',#12708,10.);
#3409=VECTOR('',#12713,10.);
#3410=VECTOR('',#12714,10.);
#3411=VECTOR('',#12717,10.);
#3412=VECTOR('',#12720,10.);
#3413=VECTOR('',#12721,10.);
#3414=VECTOR('',#12724,10.);
#3415=VECTOR('',#12729,10.);
#3416=VECTOR('',#12732,10.);
#3417=VECTOR('',#12737,10.);
#3418=VECTOR('',#12740,10.);
#3419=VECTOR('',#12743,10.);
#3420=VECTOR('',#12746,10.);
#3421=VECTOR('',#12749,10.);
#3422=VECTOR('',#12750,10.);
#3423=VECTOR('',#12753,10.);
#3424=VECTOR('',#12754,10.);
#3425=VECTOR('',#12755,10.);
#3426=VECTOR('',#12758,10.);
#3427=VECTOR('',#12759,10.);
#3428=VECTOR('',#12764,10.);
#3429=VECTOR('',#12767,10.);
#3430=VECTOR('',#12772,10.);
#3431=VECTOR('',#12773,10.);
#3432=VECTOR('',#12778,10.);
#3433=VECTOR('',#12779,10.);
#3434=VECTOR('',#12784,10.);
#3435=VECTOR('',#12785,10.);
#3436=VECTOR('',#12788,10.);
#3437=VECTOR('',#12789,10.);
#3438=VECTOR('',#12790,10.);
#3439=VECTOR('',#12793,10.);
#3440=VECTOR('',#12794,10.);
#3441=VECTOR('',#12801,10.);
#3442=VECTOR('',#12802,10.);
#3443=VECTOR('',#12803,10.);
#3444=VECTOR('',#12804,10.);
#3445=VECTOR('',#12805,10.);
#3446=VECTOR('',#12810,10.);
#3447=VECTOR('',#12811,10.);
#3448=VECTOR('',#12814,10.);
#3449=VECTOR('',#12815,10.);
#3450=VECTOR('',#12818,10.);
#3451=VECTOR('',#12823,10.);
#3452=VECTOR('',#12824,10.);
#3453=VECTOR('',#12827,10.);
#3454=VECTOR('',#12830,10.);
#3455=VECTOR('',#12831,10.);
#3456=VECTOR('',#12834,10.);
#3457=VECTOR('',#12839,10.);
#3458=VECTOR('',#12842,10.);
#3459=VECTOR('',#12847,10.);
#3460=VECTOR('',#12850,10.);
#3461=VECTOR('',#12853,10.);
#3462=VECTOR('',#12856,10.);
#3463=VECTOR('',#12859,10.);
#3464=VECTOR('',#12860,10.);
#3465=VECTOR('',#12863,10.);
#3466=VECTOR('',#12864,10.);
#3467=VECTOR('',#12865,10.);
#3468=VECTOR('',#12868,10.);
#3469=VECTOR('',#12869,10.);
#3470=VECTOR('',#12874,10.);
#3471=VECTOR('',#12877,10.);
#3472=VECTOR('',#12882,10.);
#3473=VECTOR('',#12883,10.);
#3474=VECTOR('',#12888,10.);
#3475=VECTOR('',#12889,10.);
#3476=VECTOR('',#12894,10.);
#3477=VECTOR('',#12895,10.);
#3478=VECTOR('',#12898,10.);
#3479=VECTOR('',#12899,10.);
#3480=VECTOR('',#12900,10.);
#3481=VECTOR('',#12903,10.);
#3482=VECTOR('',#12904,10.);
#3483=VECTOR('',#12911,10.);
#3484=VECTOR('',#12912,10.);
#3485=VECTOR('',#12913,10.);
#3486=VECTOR('',#12914,10.);
#3487=VECTOR('',#12915,10.);
#3488=VECTOR('',#12920,10.);
#3489=VECTOR('',#12921,10.);
#3490=VECTOR('',#12924,10.);
#3491=VECTOR('',#12925,10.);
#3492=VECTOR('',#12928,10.);
#3493=VECTOR('',#12933,10.);
#3494=VECTOR('',#12934,10.);
#3495=VECTOR('',#12937,10.);
#3496=VECTOR('',#12940,10.);
#3497=VECTOR('',#12941,10.);
#3498=VECTOR('',#12944,10.);
#3499=VECTOR('',#12949,10.);
#3500=VECTOR('',#12952,10.);
#3501=VECTOR('',#12957,10.);
#3502=VECTOR('',#12960,10.);
#3503=VECTOR('',#12963,10.);
#3504=VECTOR('',#12966,10.);
#3505=VECTOR('',#12969,10.);
#3506=VECTOR('',#12970,10.);
#3507=VECTOR('',#12973,10.);
#3508=VECTOR('',#12974,10.);
#3509=VECTOR('',#12975,10.);
#3510=VECTOR('',#12978,10.);
#3511=VECTOR('',#12979,10.);
#3512=VECTOR('',#12984,10.);
#3513=VECTOR('',#12987,10.);
#3514=VECTOR('',#12992,10.);
#3515=VECTOR('',#12993,10.);
#3516=VECTOR('',#12998,10.);
#3517=VECTOR('',#12999,10.);
#3518=VECTOR('',#13004,10.);
#3519=VECTOR('',#13005,10.);
#3520=VECTOR('',#13008,10.);
#3521=VECTOR('',#13009,10.);
#3522=VECTOR('',#13010,10.);
#3523=VECTOR('',#13013,10.);
#3524=VECTOR('',#13014,10.);
#3525=VECTOR('',#13021,10.);
#3526=VECTOR('',#13022,10.);
#3527=VECTOR('',#13023,10.);
#3528=VECTOR('',#13024,10.);
#3529=VECTOR('',#13025,10.);
#3530=VECTOR('',#13030,10.);
#3531=VECTOR('',#13031,10.);
#3532=VECTOR('',#13034,10.);
#3533=VECTOR('',#13035,10.);
#3534=VECTOR('',#13038,10.);
#3535=VECTOR('',#13043,10.);
#3536=VECTOR('',#13044,10.);
#3537=VECTOR('',#13047,10.);
#3538=VECTOR('',#13050,10.);
#3539=VECTOR('',#13051,10.);
#3540=VECTOR('',#13054,10.);
#3541=VECTOR('',#13059,10.);
#3542=VECTOR('',#13062,10.);
#3543=VECTOR('',#13067,10.);
#3544=VECTOR('',#13070,10.);
#3545=VECTOR('',#13073,10.);
#3546=VECTOR('',#13076,10.);
#3547=VECTOR('',#13079,10.);
#3548=VECTOR('',#13080,10.);
#3549=VECTOR('',#13083,10.);
#3550=VECTOR('',#13084,10.);
#3551=VECTOR('',#13085,10.);
#3552=VECTOR('',#13088,10.);
#3553=VECTOR('',#13089,10.);
#3554=VECTOR('',#13094,10.);
#3555=VECTOR('',#13097,10.);
#3556=VECTOR('',#13102,10.);
#3557=VECTOR('',#13103,10.);
#3558=VECTOR('',#13108,10.);
#3559=VECTOR('',#13109,10.);
#3560=VECTOR('',#13114,10.);
#3561=VECTOR('',#13115,10.);
#3562=VECTOR('',#13118,10.);
#3563=VECTOR('',#13119,10.);
#3564=VECTOR('',#13120,10.);
#3565=VECTOR('',#13123,10.);
#3566=VECTOR('',#13124,10.);
#3567=VECTOR('',#13131,10.);
#3568=VECTOR('',#13132,10.);
#3569=VECTOR('',#13133,10.);
#3570=VECTOR('',#13134,10.);
#3571=VECTOR('',#13135,10.);
#3572=VECTOR('',#13140,10.);
#3573=VECTOR('',#13141,10.);
#3574=VECTOR('',#13144,10.);
#3575=VECTOR('',#13145,10.);
#3576=VECTOR('',#13148,10.);
#3577=VECTOR('',#13153,10.);
#3578=VECTOR('',#13154,10.);
#3579=VECTOR('',#13157,10.);
#3580=VECTOR('',#13160,10.);
#3581=VECTOR('',#13161,10.);
#3582=VECTOR('',#13164,10.);
#3583=VECTOR('',#13169,10.);
#3584=VECTOR('',#13172,10.);
#3585=VECTOR('',#13177,10.);
#3586=VECTOR('',#13180,10.);
#3587=VECTOR('',#13183,10.);
#3588=VECTOR('',#13186,10.);
#3589=VECTOR('',#13189,10.);
#3590=VECTOR('',#13190,10.);
#3591=VECTOR('',#13193,10.);
#3592=VECTOR('',#13194,10.);
#3593=VECTOR('',#13195,10.);
#3594=VECTOR('',#13198,10.);
#3595=VECTOR('',#13199,10.);
#3596=VECTOR('',#13204,10.);
#3597=VECTOR('',#13207,10.);
#3598=VECTOR('',#13212,10.);
#3599=VECTOR('',#13213,10.);
#3600=VECTOR('',#13218,10.);
#3601=VECTOR('',#13219,10.);
#3602=VECTOR('',#13224,10.);
#3603=VECTOR('',#13225,10.);
#3604=VECTOR('',#13228,10.);
#3605=VECTOR('',#13229,10.);
#3606=VECTOR('',#13230,10.);
#3607=VECTOR('',#13233,10.);
#3608=VECTOR('',#13234,10.);
#3609=VECTOR('',#13241,10.);
#3610=VECTOR('',#13242,10.);
#3611=VECTOR('',#13243,10.);
#3612=VECTOR('',#13244,10.);
#3613=VECTOR('',#13245,10.);
#3614=VECTOR('',#13250,10.);
#3615=VECTOR('',#13251,10.);
#3616=VECTOR('',#13254,10.);
#3617=VECTOR('',#13255,10.);
#3618=VECTOR('',#13258,10.);
#3619=VECTOR('',#13263,10.);
#3620=VECTOR('',#13264,10.);
#3621=VECTOR('',#13267,10.);
#3622=VECTOR('',#13270,10.);
#3623=VECTOR('',#13271,10.);
#3624=VECTOR('',#13274,10.);
#3625=VECTOR('',#13279,10.);
#3626=VECTOR('',#13280,10.);
#3627=VECTOR('',#13281,10.);
#3628=VECTOR('',#13282,10.);
#3629=VECTOR('',#13285,10.);
#3630=VECTOR('',#13286,10.);
#3631=VECTOR('',#13287,10.);
#3632=VECTOR('',#13290,10.);
#3633=VECTOR('',#13291,10.);
#3634=VECTOR('',#13292,10.);
#3635=VECTOR('',#13293,10.);
#3636=VECTOR('',#13296,10.);
#3637=VECTOR('',#13297,10.);
#3638=VECTOR('',#13298,10.);
#3639=VECTOR('',#13301,10.);
#3640=VECTOR('',#13302,10.);
#3641=VECTOR('',#13303,10.);
#3642=VECTOR('',#13304,10.);
#3643=VECTOR('',#13307,10.);
#3644=VECTOR('',#13308,10.);
#3645=VECTOR('',#13309,10.);
#3646=VECTOR('',#13312,10.);
#3647=VECTOR('',#13313,10.);
#3648=VECTOR('',#13314,10.);
#3649=VECTOR('',#13315,10.);
#3650=VECTOR('',#13318,10.);
#3651=VECTOR('',#13319,10.);
#3652=VECTOR('',#13320,10.);
#3653=VECTOR('',#13323,10.);
#3654=VECTOR('',#13324,10.);
#3655=VECTOR('',#13325,10.);
#3656=VECTOR('',#13326,10.);
#3657=VECTOR('',#13329,10.);
#3658=VECTOR('',#13330,10.);
#3659=VECTOR('',#13331,10.);
#3660=VECTOR('',#13334,10.);
#3661=VECTOR('',#13335,10.);
#3662=VECTOR('',#13336,10.);
#3663=VECTOR('',#13337,10.);
#3664=VECTOR('',#13340,10.);
#3665=VECTOR('',#13341,10.);
#3666=VECTOR('',#13342,10.);
#3667=VECTOR('',#13345,10.);
#3668=VECTOR('',#13346,10.);
#3669=VECTOR('',#13347,10.);
#3670=VECTOR('',#13348,10.);
#3671=VECTOR('',#13351,10.);
#3672=VECTOR('',#13352,10.);
#3673=VECTOR('',#13353,10.);
#3674=VECTOR('',#13356,10.);
#3675=VECTOR('',#13357,10.);
#3676=VECTOR('',#13358,10.);
#3677=VECTOR('',#13359,10.);
#3678=VECTOR('',#13362,10.);
#3679=VECTOR('',#13363,10.);
#3680=VECTOR('',#13364,10.);
#3681=VECTOR('',#13367,10.);
#3682=VECTOR('',#13368,10.);
#3683=VECTOR('',#13369,10.);
#3684=VECTOR('',#13370,10.);
#3685=VECTOR('',#13373,10.);
#3686=VECTOR('',#13374,10.);
#3687=VECTOR('',#13375,10.);
#3688=VECTOR('',#13378,10.);
#3689=VECTOR('',#13379,10.);
#3690=VECTOR('',#13380,10.);
#3691=VECTOR('',#13381,10.);
#3692=VECTOR('',#13384,10.);
#3693=VECTOR('',#13385,10.);
#3694=VECTOR('',#13386,10.);
#3695=VECTOR('',#13389,10.);
#3696=VECTOR('',#13390,10.);
#3697=VECTOR('',#13391,10.);
#3698=VECTOR('',#13392,10.);
#3699=VECTOR('',#13395,10.);
#3700=VECTOR('',#13396,10.);
#3701=VECTOR('',#13397,10.);
#3702=VECTOR('',#13400,10.);
#3703=VECTOR('',#13401,10.);
#3704=VECTOR('',#13402,10.);
#3705=VECTOR('',#13403,10.);
#3706=VECTOR('',#13406,10.);
#3707=VECTOR('',#13407,10.);
#3708=VECTOR('',#13410,10.);
#3709=VECTOR('',#13411,10.);
#3710=VECTOR('',#13412,10.);
#3711=VECTOR('',#13413,10.);
#3712=VECTOR('',#13416,10.);
#3713=VECTOR('',#13417,10.);
#3714=VECTOR('',#13418,10.);
#3715=VECTOR('',#13421,10.);
#3716=VECTOR('',#13422,10.);
#3717=VECTOR('',#13423,10.);
#3718=VECTOR('',#13424,10.);
#3719=VECTOR('',#13427,10.);
#3720=VECTOR('',#13428,10.);
#3721=VECTOR('',#13429,10.);
#3722=VECTOR('',#13432,10.);
#3723=VECTOR('',#13433,10.);
#3724=VECTOR('',#13434,10.);
#3725=VECTOR('',#13435,10.);
#3726=VECTOR('',#13438,10.);
#3727=VECTOR('',#13439,10.);
#3728=VECTOR('',#13440,10.);
#3729=VECTOR('',#13443,10.);
#3730=VECTOR('',#13444,10.);
#3731=VECTOR('',#13445,10.);
#3732=VECTOR('',#13446,10.);
#3733=VECTOR('',#13449,10.);
#3734=VECTOR('',#13450,10.);
#3735=VECTOR('',#13451,10.);
#3736=VECTOR('',#13454,10.);
#3737=VECTOR('',#13455,10.);
#3738=VECTOR('',#13456,10.);
#3739=VECTOR('',#13457,10.);
#3740=VECTOR('',#13460,10.);
#3741=VECTOR('',#13461,10.);
#3742=VECTOR('',#13464,10.);
#3743=VECTOR('',#13465,10.);
#3744=VECTOR('',#13466,10.);
#3745=VECTOR('',#13467,10.);
#3746=VECTOR('',#13470,10.);
#3747=VECTOR('',#13471,10.);
#3748=VECTOR('',#13474,10.);
#3749=VECTOR('',#13475,10.);
#3750=VECTOR('',#13476,10.);
#3751=VECTOR('',#13477,10.);
#3752=VECTOR('',#13480,10.);
#3753=VECTOR('',#13481,10.);
#3754=VECTOR('',#13482,10.);
#3755=VECTOR('',#13485,10.);
#3756=VECTOR('',#13486,10.);
#3757=VECTOR('',#13487,10.);
#3758=VECTOR('',#13490,10.);
#3759=VECTOR('',#13491,10.);
#3760=VECTOR('',#13492,10.);
#3761=VECTOR('',#13493,10.);
#3762=VECTOR('',#13496,10.);
#3763=VECTOR('',#13497,10.);
#3764=VECTOR('',#13498,10.);
#3765=VECTOR('',#13501,10.);
#3766=VECTOR('',#13502,10.);
#3767=VECTOR('',#13503,10.);
#3768=VECTOR('',#13506,10.);
#3769=VECTOR('',#13507,10.);
#3770=VECTOR('',#13508,10.);
#3771=VECTOR('',#13511,10.);
#3772=VECTOR('',#13512,10.);
#3773=VECTOR('',#13513,10.);
#3774=VECTOR('',#13516,10.);
#3775=VECTOR('',#13517,10.);
#3776=VECTOR('',#13518,10.);
#3777=VECTOR('',#13521,10.);
#3778=VECTOR('',#13522,10.);
#3779=VECTOR('',#13525,10.);
#3780=VECTOR('',#13526,10.);
#3781=VECTOR('',#13527,10.);
#3782=VECTOR('',#13530,10.);
#3783=VECTOR('',#13531,10.);
#3784=VECTOR('',#13532,10.);
#3785=VECTOR('',#13535,10.);
#3786=VECTOR('',#13536,10.);
#3787=VECTOR('',#13537,10.);
#3788=VECTOR('',#13540,10.);
#3789=VECTOR('',#13541,10.);
#3790=VECTOR('',#13542,10.);
#3791=VECTOR('',#13545,10.);
#3792=VECTOR('',#13546,10.);
#3793=VECTOR('',#13547,10.);
#3794=VECTOR('',#13550,10.);
#3795=VECTOR('',#13551,10.);
#3796=VECTOR('',#13554,10.);
#3797=VECTOR('',#13555,10.);
#3798=VECTOR('',#13556,10.);
#3799=VECTOR('',#13559,10.);
#3800=VECTOR('',#13562,10.);
#3801=VECTOR('',#13565,10.);
#3802=VECTOR('',#13568,10.);
#3803=VECTOR('',#13569,10.);
#3804=VECTOR('',#13572,10.);
#3805=VECTOR('',#13573,10.);
#3806=VECTOR('',#13576,10.);
#3807=VECTOR('',#13577,10.);
#3808=VECTOR('',#13580,10.);
#3809=VECTOR('',#13581,10.);
#3810=VECTOR('',#13584,10.);
#3811=VECTOR('',#13585,10.);
#3812=VECTOR('',#13588,10.);
#3813=VECTOR('',#13589,10.);
#3814=VECTOR('',#13590,10.);
#3815=VECTOR('',#13593,10.);
#3816=VECTOR('',#13594,10.);
#3817=VECTOR('',#13597,10.);
#3818=VECTOR('',#13598,10.);
#3819=VECTOR('',#13601,10.);
#3820=VECTOR('',#13602,10.);
#3821=VECTOR('',#13603,10.);
#3822=VECTOR('',#13606,10.);
#3823=VECTOR('',#13607,10.);
#3824=VECTOR('',#13608,10.);
#3825=VECTOR('',#13611,10.);
#3826=VECTOR('',#13612,10.);
#3827=VECTOR('',#13615,10.);
#3828=VECTOR('',#13618,10.);
#3829=VECTOR('',#13621,10.);
#3830=VECTOR('',#13624,10.);
#3831=VECTOR('',#13625,10.);
#3832=VECTOR('',#13628,10.);
#3833=VECTOR('',#13629,10.);
#3834=VECTOR('',#13632,10.);
#3835=VECTOR('',#13633,10.);
#3836=VECTOR('',#13636,10.);
#3837=VECTOR('',#13637,10.);
#3838=VECTOR('',#13638,10.);
#3839=VECTOR('',#13641,10.);
#3840=VECTOR('',#13642,10.);
#3841=VECTOR('',#13643,10.);
#3842=VECTOR('',#13646,10.);
#3843=VECTOR('',#13649,10.);
#3844=VECTOR('',#13652,10.);
#3845=VECTOR('',#13655,10.);
#3846=VECTOR('',#13656,10.);
#3847=VECTOR('',#13659,10.);
#3848=VECTOR('',#13660,10.);
#3849=VECTOR('',#13663,10.);
#3850=VECTOR('',#13664,10.);
#3851=VECTOR('',#13665,10.);
#3852=VECTOR('',#13668,10.);
#3853=VECTOR('',#13669,10.);
#3854=VECTOR('',#13672,10.);
#3855=VECTOR('',#13673,10.);
#3856=VECTOR('',#13676,10.);
#3857=VECTOR('',#13677,10.);
#3858=VECTOR('',#13680,10.);
#3859=VECTOR('',#13681,10.);
#3860=VECTOR('',#13684,10.);
#3861=VECTOR('',#13685,10.);
#3862=VECTOR('',#13686,10.);
#3863=VECTOR('',#13689,10.);
#3864=VECTOR('',#13690,10.);
#3865=VECTOR('',#13693,10.);
#3866=VECTOR('',#13694,10.);
#3867=VECTOR('',#13697,10.);
#3868=VECTOR('',#13700,10.);
#3869=VECTOR('',#13703,10.);
#3870=VECTOR('',#13704,10.);
#3871=VECTOR('',#13705,10.);
#3872=VECTOR('',#13708,10.);
#3873=VECTOR('',#13709,10.);
#3874=VECTOR('',#13710,10.);
#3875=VECTOR('',#13713,10.);
#3876=VECTOR('',#13714,10.);
#3877=VECTOR('',#13715,10.);
#3878=VECTOR('',#13718,10.);
#3879=VECTOR('',#13719,10.);
#3880=VECTOR('',#13720,10.);
#3881=VECTOR('',#13723,10.);
#3882=VECTOR('',#13724,10.);
#3883=VECTOR('',#13725,10.);
#3884=VECTOR('',#13728,10.);
#3885=VECTOR('',#13729,10.);
#3886=VECTOR('',#13730,10.);
#3887=VECTOR('',#13733,10.);
#3888=VECTOR('',#13734,10.);
#3889=VECTOR('',#13737,10.);
#3890=VECTOR('',#13738,10.);
#3891=VECTOR('',#13741,10.);
#3892=VECTOR('',#13744,10.);
#3893=VECTOR('',#13745,10.);
#3894=VECTOR('',#13746,10.);
#3895=VECTOR('',#13749,10.);
#3896=VECTOR('',#13750,10.);
#3897=VECTOR('',#13753,10.);
#3898=VECTOR('',#13754,10.);
#3899=VECTOR('',#13757,10.);
#3900=VECTOR('',#13758,10.);
#3901=VECTOR('',#13761,10.);
#3902=VECTOR('',#13762,10.);
#3903=VECTOR('',#13765,10.);
#3904=VECTOR('',#13766,10.);
#3905=VECTOR('',#13767,10.);
#3906=VECTOR('',#13770,10.);
#3907=VECTOR('',#13773,10.);
#3908=VECTOR('',#13776,10.);
#3909=VECTOR('',#13779,10.);
#3910=VECTOR('',#13782,10.);
#3911=VECTOR('',#13783,10.);
#3912=VECTOR('',#13784,10.);
#3913=VECTOR('',#13787,10.);
#3914=VECTOR('',#13790,10.);
#3915=VECTOR('',#13793,10.);
#3916=VECTOR('',#13796,10.);
#3917=VECTOR('',#13799,10.);
#3918=VECTOR('',#13802,10.);
#3919=VECTOR('',#13805,10.);
#3920=VECTOR('',#13806,10.);
#3921=VECTOR('',#13807,10.);
#3922=VECTOR('',#13810,10.);
#3923=VECTOR('',#13811,10.);
#3924=VECTOR('',#13814,10.);
#3925=VECTOR('',#13815,10.);
#3926=VECTOR('',#13818,10.);
#3927=VECTOR('',#13819,10.);
#3928=VECTOR('',#13824,10.);
#3929=VECTOR('',#13827,10.);
#3930=VECTOR('',#13828,10.);
#3931=VECTOR('',#13829,10.);
#3932=VECTOR('',#13832,10.);
#3933=VECTOR('',#13833,10.);
#3934=VECTOR('',#13836,10.);
#3935=VECTOR('',#13839,10.);
#3936=VECTOR('',#13840,10.);
#3937=VECTOR('',#13843,10.);
#3938=VECTOR('',#13844,10.);
#3939=VECTOR('',#13847,10.);
#3940=VECTOR('',#13848,10.);
#3941=VECTOR('',#13851,10.);
#3942=VECTOR('',#13852,10.);
#3943=VECTOR('',#13855,10.);
#3944=VECTOR('',#13858,10.);
#3945=VECTOR('',#13859,10.);
#3946=VECTOR('',#13862,10.);
#3947=VECTOR('',#13865,10.);
#3948=VECTOR('',#13866,10.);
#3949=VECTOR('',#13869,10.);
#3950=VECTOR('',#13870,10.);
#3951=VECTOR('',#13871,10.);
#3952=VECTOR('',#13874,10.);
#3953=VECTOR('',#13875,10.);
#3954=VECTOR('',#13876,10.);
#3955=VECTOR('',#13879,10.);
#3956=VECTOR('',#13880,10.);
#3957=VECTOR('',#13881,10.);
#3958=VECTOR('',#13884,10.);
#3959=VECTOR('',#13885,10.);
#3960=VECTOR('',#13886,10.);
#3961=VECTOR('',#13889,10.);
#3962=VECTOR('',#13892,10.);
#3963=VECTOR('',#13893,10.);
#3964=VECTOR('',#13896,10.);
#3965=VECTOR('',#13899,10.);
#3966=VECTOR('',#13900,10.);
#3967=VECTOR('',#13903,10.);
#3968=VECTOR('',#13904,10.);
#3969=VECTOR('',#13907,10.);
#3970=VECTOR('',#13910,10.);
#3971=VECTOR('',#13913,10.);
#3972=VECTOR('',#13916,10.);
#3973=VECTOR('',#13917,10.);
#3974=VECTOR('',#13918,10.);
#3975=VECTOR('',#13921,10.);
#3976=VECTOR('',#13922,10.);
#3977=VECTOR('',#13927,10.);
#3978=VECTOR('',#13928,10.);
#3979=VECTOR('',#13931,10.);
#3980=VECTOR('',#13932,10.);
#3981=VECTOR('',#13935,10.);
#3982=VECTOR('',#13938,10.);
#3983=VECTOR('',#13941,10.);
#3984=VECTOR('',#13942,10.);
#3985=VECTOR('',#13943,10.);
#3986=VECTOR('',#13946,10.);
#3987=VECTOR('',#13947,10.);
#3988=VECTOR('',#13950,10.);
#3989=VECTOR('',#13951,10.);
#3990=VECTOR('',#13954,10.);
#3991=VECTOR('',#13955,10.);
#3992=VECTOR('',#13958,10.);
#3993=VECTOR('',#13959,10.);
#3994=VECTOR('',#13962,10.);
#3995=VECTOR('',#13965,10.);
#3996=VECTOR('',#13968,10.);
#3997=VECTOR('',#13971,10.);
#3998=VECTOR('',#13974,10.);
#3999=VECTOR('',#13975,10.);
#4000=VECTOR('',#13978,10.);
#4001=VECTOR('',#13981,10.);
#4002=VECTOR('',#13984,10.);
#4003=VECTOR('',#13985,10.);
#4004=VECTOR('',#13988,10.);
#4005=VECTOR('',#13989,10.);
#4006=VECTOR('',#13990,10.);
#4007=VECTOR('',#13993,10.);
#4008=VECTOR('',#13996,10.);
#4009=VECTOR('',#13999,10.);
#4010=VECTOR('',#14002,10.);
#4011=VECTOR('',#14005,10.);
#4012=VECTOR('',#14008,10.);
#4013=VECTOR('',#14011,10.);
#4014=VECTOR('',#14012,10.);
#4015=VECTOR('',#14015,10.);
#4016=VECTOR('',#14018,10.);
#4017=VECTOR('',#14021,10.);
#4018=VECTOR('',#14024,10.);
#4019=VECTOR('',#14165,5.00000007450581);
#4020=VECTOR('',#14178,10.);
#4021=VECTOR('',#14179,10.);
#4022=VECTOR('',#14188,10.);
#4023=VECTOR('',#14189,10.);
#4024=VECTOR('',#14192,10.);
#4025=VECTOR('',#14193,10.);
#4026=VECTOR('',#14194,10.);
#4027=VECTOR('',#14199,10.);
#4028=VECTOR('',#14204,10.);
#4029=VECTOR('',#14205,10.);
#4030=VECTOR('',#14216,3.);
#4031=VECTOR('',#14223,7.);
#4032=VERTEX_POINT('',#14232);
#4033=VERTEX_POINT('',#14233);
#4034=VERTEX_POINT('',#14235);
#4035=VERTEX_POINT('',#14237);
#4036=VERTEX_POINT('',#14241);
#4037=VERTEX_POINT('',#14243);
#4038=VERTEX_POINT('',#14247);
#4039=VERTEX_POINT('',#14249);
#4040=VERTEX_POINT('',#14257);
#4041=VERTEX_POINT('',#14258);
#4042=VERTEX_POINT('',#14260);
#4043=VERTEX_POINT('',#14262);
#4044=VERTEX_POINT('',#14266);
#4045=VERTEX_POINT('',#14268);
#4046=VERTEX_POINT('',#14270);
#4047=VERTEX_POINT('',#14272);
#4048=VERTEX_POINT('',#14274);
#4049=VERTEX_POINT('',#14276);
#4050=VERTEX_POINT('',#14279);
#4051=VERTEX_POINT('',#14282);
#4052=VERTEX_POINT('',#14284);
#4053=VERTEX_POINT('',#14286);
#4054=VERTEX_POINT('',#14290);
#4055=VERTEX_POINT('',#14294);
#4056=VERTEX_POINT('',#14296);
#4057=VERTEX_POINT('',#14300);
#4058=VERTEX_POINT('',#14302);
#4059=VERTEX_POINT('',#14304);
#4060=VERTEX_POINT('',#14308);
#4061=VERTEX_POINT('',#14312);
#4062=VERTEX_POINT('',#14316);
#4063=VERTEX_POINT('',#14320);
#4064=VERTEX_POINT('',#14322);
#4065=VERTEX_POINT('',#14324);
#4066=VERTEX_POINT('',#14328);
#4067=VERTEX_POINT('',#14333);
#4068=VERTEX_POINT('',#14335);
#4069=VERTEX_POINT('',#14337);
#4070=VERTEX_POINT('',#14341);
#4071=VERTEX_POINT('',#14347);
#4072=VERTEX_POINT('',#14349);
#4073=VERTEX_POINT('',#14353);
#4074=VERTEX_POINT('',#14355);
#4075=VERTEX_POINT('',#14368);
#4076=VERTEX_POINT('',#14369);
#4077=VERTEX_POINT('',#14371);
#4078=VERTEX_POINT('',#14386);
#4079=VERTEX_POINT('',#14403);
#4080=VERTEX_POINT('',#14405);
#4081=VERTEX_POINT('',#14422);
#4082=VERTEX_POINT('',#14424);
#4083=VERTEX_POINT('',#14444);
#4084=VERTEX_POINT('',#14446);
#4085=VERTEX_POINT('',#14450);
#4086=VERTEX_POINT('',#14455);
#4087=VERTEX_POINT('',#14461);
#4088=VERTEX_POINT('',#14463);
#4089=VERTEX_POINT('',#14469);
#4090=VERTEX_POINT('',#14470);
#4091=VERTEX_POINT('',#14472);
#4092=VERTEX_POINT('',#14474);
#4093=VERTEX_POINT('',#14476);
#4094=VERTEX_POINT('',#14478);
#4095=VERTEX_POINT('',#14482);
#4096=VERTEX_POINT('',#14484);
#4097=VERTEX_POINT('',#14486);
#4098=VERTEX_POINT('',#14488);
#4099=VERTEX_POINT('',#14490);
#4100=VERTEX_POINT('',#14492);
#4101=VERTEX_POINT('',#14494);
#4102=VERTEX_POINT('',#14496);
#4103=VERTEX_POINT('',#14498);
#4104=VERTEX_POINT('',#14500);
#4105=VERTEX_POINT('',#14504);
#4106=VERTEX_POINT('',#14506);
#4107=VERTEX_POINT('',#14514);
#4108=VERTEX_POINT('',#14518);
#4109=VERTEX_POINT('',#14522);
#4110=VERTEX_POINT('',#14523);
#4111=VERTEX_POINT('',#14525);
#4112=VERTEX_POINT('',#14530);
#4113=VERTEX_POINT('',#14532);
#4114=VERTEX_POINT('',#14540);
#4115=VERTEX_POINT('',#14545);
#4116=VERTEX_POINT('',#14547);
#4117=VERTEX_POINT('',#14549);
#4118=VERTEX_POINT('',#14551);
#4119=VERTEX_POINT('',#14553);
#4120=VERTEX_POINT('',#14555);
#4121=VERTEX_POINT('',#14557);
#4122=VERTEX_POINT('',#14559);
#4123=VERTEX_POINT('',#14561);
#4124=VERTEX_POINT('',#14563);
#4125=VERTEX_POINT('',#14565);
#4126=VERTEX_POINT('',#14567);
#4127=VERTEX_POINT('',#14569);
#4128=VERTEX_POINT('',#14571);
#4129=VERTEX_POINT('',#14573);
#4130=VERTEX_POINT('',#14575);
#4131=VERTEX_POINT('',#14577);
#4132=VERTEX_POINT('',#14579);
#4133=VERTEX_POINT('',#14581);
#4134=VERTEX_POINT('',#14583);
#4135=VERTEX_POINT('',#14585);
#4136=VERTEX_POINT('',#14587);
#4137=VERTEX_POINT('',#14589);
#4138=VERTEX_POINT('',#14591);
#4139=VERTEX_POINT('',#14593);
#4140=VERTEX_POINT('',#14595);
#4141=VERTEX_POINT('',#14597);
#4142=VERTEX_POINT('',#14599);
#4143=VERTEX_POINT('',#14601);
#4144=VERTEX_POINT('',#14603);
#4145=VERTEX_POINT('',#14605);
#4146=VERTEX_POINT('',#14607);
#4147=VERTEX_POINT('',#14609);
#4148=VERTEX_POINT('',#14611);
#4149=VERTEX_POINT('',#14613);
#4150=VERTEX_POINT('',#14615);
#4151=VERTEX_POINT('',#14618);
#4152=VERTEX_POINT('',#14621);
#4153=VERTEX_POINT('',#14623);
#4154=VERTEX_POINT('',#14625);
#4155=VERTEX_POINT('',#14627);
#4156=VERTEX_POINT('',#14631);
#4157=VERTEX_POINT('',#14633);
#4158=VERTEX_POINT('',#14635);
#4159=VERTEX_POINT('',#14645);
#4160=VERTEX_POINT('',#14647);
#4161=VERTEX_POINT('',#14651);
#4162=VERTEX_POINT('',#14653);
#4163=VERTEX_POINT('',#14655);
#4164=VERTEX_POINT('',#14659);
#4165=VERTEX_POINT('',#14661);
#4166=VERTEX_POINT('',#14663);
#4167=VERTEX_POINT('',#14667);
#4168=VERTEX_POINT('',#14669);
#4169=VERTEX_POINT('',#14671);
#4170=VERTEX_POINT('',#14673);
#4171=VERTEX_POINT('',#14677);
#4172=VERTEX_POINT('',#14687);
#4173=VERTEX_POINT('',#14689);
#4174=VERTEX_POINT('',#14691);
#4175=VERTEX_POINT('',#14693);
#4176=VERTEX_POINT('',#14697);
#4177=VERTEX_POINT('',#14699);
#4178=VERTEX_POINT('',#14701);
#4179=VERTEX_POINT('',#14703);
#4180=VERTEX_POINT('',#14705);
#4181=VERTEX_POINT('',#14707);
#4182=VERTEX_POINT('',#14709);
#4183=VERTEX_POINT('',#14711);
#4184=VERTEX_POINT('',#14713);
#4185=VERTEX_POINT('',#14715);
#4186=VERTEX_POINT('',#14717);
#4187=VERTEX_POINT('',#14719);
#4188=VERTEX_POINT('',#14721);
#4189=VERTEX_POINT('',#14723);
#4190=VERTEX_POINT('',#14726);
#4191=VERTEX_POINT('',#14729);
#4192=VERTEX_POINT('',#14731);
#4193=VERTEX_POINT('',#14733);
#4194=VERTEX_POINT('',#14737);
#4195=VERTEX_POINT('',#14739);
#4196=VERTEX_POINT('',#14742);
#4197=VERTEX_POINT('',#14744);
#4198=VERTEX_POINT('',#14746);
#4199=VERTEX_POINT('',#14748);
#4200=VERTEX_POINT('',#14753);
#4201=VERTEX_POINT('',#14755);
#4202=VERTEX_POINT('',#14759);
#4203=VERTEX_POINT('',#14761);
#4204=VERTEX_POINT('',#14763);
#4205=VERTEX_POINT('',#14767);
#4206=VERTEX_POINT('',#14769);
#4207=VERTEX_POINT('',#14771);
#4208=VERTEX_POINT('',#14773);
#4209=VERTEX_POINT('',#14775);
#4210=VERTEX_POINT('',#14777);
#4211=VERTEX_POINT('',#14779);
#4212=VERTEX_POINT('',#14781);
#4213=VERTEX_POINT('',#14783);
#4214=VERTEX_POINT('',#14790);
#4215=VERTEX_POINT('',#14792);
#4216=VERTEX_POINT('',#14794);
#4217=VERTEX_POINT('',#14798);
#4218=VERTEX_POINT('',#14800);
#4219=VERTEX_POINT('',#14804);
#4220=VERTEX_POINT('',#14806);
#4221=VERTEX_POINT('',#14808);
#4222=VERTEX_POINT('',#14810);
#4223=VERTEX_POINT('',#14814);
#4224=VERTEX_POINT('',#14816);
#4225=VERTEX_POINT('',#14818);
#4226=VERTEX_POINT('',#14822);
#4227=VERTEX_POINT('',#14824);
#4228=VERTEX_POINT('',#14828);
#4229=VERTEX_POINT('',#14830);
#4230=VERTEX_POINT('',#14832);
#4231=VERTEX_POINT('',#14834);
#4232=VERTEX_POINT('',#14838);
#4233=VERTEX_POINT('',#14839);
#4234=VERTEX_POINT('',#14841);
#4235=VERTEX_POINT('',#14844);
#4236=VERTEX_POINT('',#14848);
#4237=VERTEX_POINT('',#14850);
#4238=VERTEX_POINT('',#14852);
#4239=VERTEX_POINT('',#14855);
#4240=VERTEX_POINT('',#14857);
#4241=VERTEX_POINT('',#14859);
#4242=VERTEX_POINT('',#14861);
#4243=VERTEX_POINT('',#14865);
#4244=VERTEX_POINT('',#14867);
#4245=VERTEX_POINT('',#14869);
#4246=VERTEX_POINT('',#14873);
#4247=VERTEX_POINT('',#14877);
#4248=VERTEX_POINT('',#14879);
#4249=VERTEX_POINT('',#14881);
#4250=VERTEX_POINT('',#14883);
#4251=VERTEX_POINT('',#14887);
#4252=VERTEX_POINT('',#14889);
#4253=VERTEX_POINT('',#14893);
#4254=VERTEX_POINT('',#14895);
#4255=VERTEX_POINT('',#14897);
#4256=VERTEX_POINT('',#14901);
#4257=VERTEX_POINT('',#14903);
#4258=VERTEX_POINT('',#14905);
#4259=VERTEX_POINT('',#14907);
#4260=VERTEX_POINT('',#14909);
#4261=VERTEX_POINT('',#14911);
#4262=VERTEX_POINT('',#14913);
#4263=VERTEX_POINT('',#14915);
#4264=VERTEX_POINT('',#14917);
#4265=VERTEX_POINT('',#14924);
#4266=VERTEX_POINT('',#14926);
#4267=VERTEX_POINT('',#14928);
#4268=VERTEX_POINT('',#14932);
#4269=VERTEX_POINT('',#14933);
#4270=VERTEX_POINT('',#14935);
#4271=VERTEX_POINT('',#14940);
#4272=VERTEX_POINT('',#14942);
#4273=VERTEX_POINT('',#14944);
#4274=VERTEX_POINT('',#14946);
#4275=VERTEX_POINT('',#14950);
#4276=VERTEX_POINT('',#14952);
#4277=VERTEX_POINT('',#14956);
#4278=VERTEX_POINT('',#14958);
#4279=VERTEX_POINT('',#14962);
#4280=VERTEX_POINT('',#14964);
#4281=VERTEX_POINT('',#14966);
#4282=VERTEX_POINT('',#14968);
#4283=VERTEX_POINT('',#14972);
#4284=VERTEX_POINT('',#14974);
#4285=VERTEX_POINT('',#14979);
#4286=VERTEX_POINT('',#14981);
#4287=VERTEX_POINT('',#14983);
#4288=VERTEX_POINT('',#14986);
#4289=VERTEX_POINT('',#14988);
#4290=VERTEX_POINT('',#14990);
#4291=VERTEX_POINT('',#14992);
#4292=VERTEX_POINT('',#14996);
#4293=VERTEX_POINT('',#14998);
#4294=VERTEX_POINT('',#15002);
#4295=VERTEX_POINT('',#15004);
#4296=VERTEX_POINT('',#15006);
#4297=VERTEX_POINT('',#15008);
#4298=VERTEX_POINT('',#15012);
#4299=VERTEX_POINT('',#15014);
#4300=VERTEX_POINT('',#15018);
#4301=VERTEX_POINT('',#15020);
#4302=VERTEX_POINT('',#15022);
#4303=VERTEX_POINT('',#15026);
#4304=VERTEX_POINT('',#15028);
#4305=VERTEX_POINT('',#15030);
#4306=VERTEX_POINT('',#15032);
#4307=VERTEX_POINT('',#15034);
#4308=VERTEX_POINT('',#15036);
#4309=VERTEX_POINT('',#15038);
#4310=VERTEX_POINT('',#15040);
#4311=VERTEX_POINT('',#15042);
#4312=VERTEX_POINT('',#15049);
#4313=VERTEX_POINT('',#15051);
#4314=VERTEX_POINT('',#15053);
#4315=VERTEX_POINT('',#15057);
#4316=VERTEX_POINT('',#15059);
#4317=VERTEX_POINT('',#15065);
#4318=VERTEX_POINT('',#15067);
#4319=VERTEX_POINT('',#15071);
#4320=VERTEX_POINT('',#15073);
#4321=VERTEX_POINT('',#15075);
#4322=VERTEX_POINT('',#15077);
#4323=VERTEX_POINT('',#15081);
#4324=VERTEX_POINT('',#15083);
#4325=VERTEX_POINT('',#15085);
#4326=VERTEX_POINT('',#15088);
#4327=VERTEX_POINT('',#15090);
#4328=VERTEX_POINT('',#15092);
#4329=VERTEX_POINT('',#15094);
#4330=VERTEX_POINT('',#15098);
#4331=VERTEX_POINT('',#15100);
#4332=VERTEX_POINT('',#15104);
#4333=VERTEX_POINT('',#15106);
#4334=VERTEX_POINT('',#15108);
#4335=VERTEX_POINT('',#15110);
#4336=VERTEX_POINT('',#15114);
#4337=VERTEX_POINT('',#15116);
#4338=VERTEX_POINT('',#15118);
#4339=VERTEX_POINT('',#15122);
#4340=VERTEX_POINT('',#15124);
#4341=VERTEX_POINT('',#15128);
#4342=VERTEX_POINT('',#15129);
#4343=VERTEX_POINT('',#15134);
#4344=VERTEX_POINT('',#15135);
#4345=VERTEX_POINT('',#15137);
#4346=VERTEX_POINT('',#15139);
#4347=VERTEX_POINT('',#15143);
#4348=VERTEX_POINT('',#15144);
#4349=VERTEX_POINT('',#15149);
#4350=VERTEX_POINT('',#15150);
#4351=VERTEX_POINT('',#15153);
#4352=VERTEX_POINT('',#15157);
#4353=VERTEX_POINT('',#15159);
#4354=VERTEX_POINT('',#15161);
#4355=VERTEX_POINT('',#15164);
#4356=VERTEX_POINT('',#15166);
#4357=VERTEX_POINT('',#15168);
#4358=VERTEX_POINT('',#15172);
#4359=VERTEX_POINT('',#15174);
#4360=VERTEX_POINT('',#15178);
#4361=VERTEX_POINT('',#15179);
#4362=VERTEX_POINT('',#15184);
#4363=VERTEX_POINT('',#15186);
#4364=VERTEX_POINT('',#15190);
#4365=VERTEX_POINT('',#15192);
#4366=VERTEX_POINT('',#15196);
#4367=VERTEX_POINT('',#15197);
#4368=VERTEX_POINT('',#15199);
#4369=VERTEX_POINT('',#15202);
#4370=VERTEX_POINT('',#15206);
#4371=VERTEX_POINT('',#15208);
#4372=VERTEX_POINT('',#15210);
#4373=VERTEX_POINT('',#15213);
#4374=VERTEX_POINT('',#15215);
#4375=VERTEX_POINT('',#15217);
#4376=VERTEX_POINT('',#15219);
#4377=VERTEX_POINT('',#15242);
#4378=VERTEX_POINT('',#15244);
#4379=VERTEX_POINT('',#15257);
#4380=VERTEX_POINT('',#15259);
#4381=VERTEX_POINT('',#15261);
#4382=VERTEX_POINT('',#15264);
#4383=VERTEX_POINT('',#15269);
#4384=VERTEX_POINT('',#15271);
#4385=VERTEX_POINT('',#15273);
#4386=VERTEX_POINT('',#15296);
#4387=VERTEX_POINT('',#15325);
#4388=VERTEX_POINT('',#15326);
#4389=VERTEX_POINT('',#15340);
#4390=VERTEX_POINT('',#15342);
#4391=VERTEX_POINT('',#15344);
#4392=VERTEX_POINT('',#15367);
#4393=VERTEX_POINT('',#15369);
#4394=VERTEX_POINT('',#15382);
#4395=VERTEX_POINT('',#15384);
#4396=VERTEX_POINT('',#15386);
#4397=VERTEX_POINT('',#15388);
#4398=VERTEX_POINT('',#15390);
#4399=VERTEX_POINT('',#15393);
#4400=VERTEX_POINT('',#15395);
#4401=VERTEX_POINT('',#15399);
#4402=VERTEX_POINT('',#15401);
#4403=VERTEX_POINT('',#15405);
#4404=VERTEX_POINT('',#15406);
#4405=VERTEX_POINT('',#15411);
#4406=VERTEX_POINT('',#15412);
#4407=VERTEX_POINT('',#15417);
#4408=VERTEX_POINT('',#15419);
#4409=VERTEX_POINT('',#15423);
#4410=VERTEX_POINT('',#15424);
#4411=VERTEX_POINT('',#15429);
#4412=VERTEX_POINT('',#15430);
#4413=VERTEX_POINT('',#15432);
#4414=VERTEX_POINT('',#15437);
#4415=VERTEX_POINT('',#15439);
#4416=VERTEX_POINT('',#15441);
#4417=VERTEX_POINT('',#15443);
#4418=VERTEX_POINT('',#15446);
#4419=VERTEX_POINT('',#15448);
#4420=VERTEX_POINT('',#15452);
#4421=VERTEX_POINT('',#15456);
#4422=VERTEX_POINT('',#15460);
#4423=VERTEX_POINT('',#15467);
#4424=VERTEX_POINT('',#15471);
#4425=VERTEX_POINT('',#15475);
#4426=VERTEX_POINT('',#15484);
#4427=VERTEX_POINT('',#15488);
#4428=VERTEX_POINT('',#15493);
#4429=VERTEX_POINT('',#15495);
#4430=VERTEX_POINT('',#15497);
#4431=VERTEX_POINT('',#15499);
#4432=VERTEX_POINT('',#15522);
#4433=VERTEX_POINT('',#15523);
#4434=VERTEX_POINT('',#15528);
#4435=VERTEX_POINT('',#15532);
#4436=VERTEX_POINT('',#15540);
#4437=VERTEX_POINT('',#15545);
#4438=VERTEX_POINT('',#15547);
#4439=VERTEX_POINT('',#15549);
#4440=VERTEX_POINT('',#15551);
#4441=VERTEX_POINT('',#15573);
#4442=VERTEX_POINT('',#15577);
#4443=VERTEX_POINT('',#15578);
#4444=VERTEX_POINT('',#15583);
#4445=VERTEX_POINT('',#15589);
#4446=VERTEX_POINT('',#15591);
#4447=VERTEX_POINT('',#15598);
#4448=VERTEX_POINT('',#15600);
#4449=VERTEX_POINT('',#15602);
#4450=VERTEX_POINT('',#15658);
#4451=VERTEX_POINT('',#15662);
#4452=VERTEX_POINT('',#15718);
#4453=VERTEX_POINT('',#15719);
#4454=VERTEX_POINT('',#15721);
#4455=VERTEX_POINT('',#15723);
#4456=VERTEX_POINT('',#15727);
#4457=VERTEX_POINT('',#15729);
#4458=VERTEX_POINT('',#15733);
#4459=VERTEX_POINT('',#15735);
#4460=VERTEX_POINT('',#15742);
#4461=VERTEX_POINT('',#15744);
#4462=VERTEX_POINT('',#15748);
#4463=VERTEX_POINT('',#15753);
#4464=VERTEX_POINT('',#15754);
#4465=VERTEX_POINT('',#15756);
#4466=VERTEX_POINT('',#15758);
#4467=VERTEX_POINT('',#15762);
#4468=VERTEX_POINT('',#15764);
#4469=VERTEX_POINT('',#15768);
#4470=VERTEX_POINT('',#15770);
#4471=VERTEX_POINT('',#15777);
#4472=VERTEX_POINT('',#15779);
#4473=VERTEX_POINT('',#15783);
#4474=VERTEX_POINT('',#15788);
#4475=VERTEX_POINT('',#15789);
#4476=VERTEX_POINT('',#15791);
#4477=VERTEX_POINT('',#15793);
#4478=VERTEX_POINT('',#15796);
#4479=VERTEX_POINT('',#15800);
#4480=VERTEX_POINT('',#15801);
#4481=VERTEX_POINT('',#15806);
#4482=VERTEX_POINT('',#15813);
#4483=VERTEX_POINT('',#15819);
#4484=VERTEX_POINT('',#15826);
#4485=VERTEX_POINT('',#15827);
#4486=VERTEX_POINT('',#15829);
#4487=VERTEX_POINT('',#15831);
#4488=VERTEX_POINT('',#15835);
#4489=VERTEX_POINT('',#15837);
#4490=VERTEX_POINT('',#15841);
#4491=VERTEX_POINT('',#15843);
#4492=VERTEX_POINT('',#15850);
#4493=VERTEX_POINT('',#15852);
#4494=VERTEX_POINT('',#15856);
#4495=VERTEX_POINT('',#15861);
#4496=VERTEX_POINT('',#15862);
#4497=VERTEX_POINT('',#15864);
#4498=VERTEX_POINT('',#15866);
#4499=VERTEX_POINT('',#15870);
#4500=VERTEX_POINT('',#15872);
#4501=VERTEX_POINT('',#15876);
#4502=VERTEX_POINT('',#15878);
#4503=VERTEX_POINT('',#15885);
#4504=VERTEX_POINT('',#15887);
#4505=VERTEX_POINT('',#15891);
#4506=VERTEX_POINT('',#15896);
#4507=VERTEX_POINT('',#15897);
#4508=VERTEX_POINT('',#15899);
#4509=VERTEX_POINT('',#15901);
#4510=VERTEX_POINT('',#15904);
#4511=VERTEX_POINT('',#15908);
#4512=VERTEX_POINT('',#15909);
#4513=VERTEX_POINT('',#15914);
#4514=VERTEX_POINT('',#15921);
#4515=VERTEX_POINT('',#15927);
#4516=VERTEX_POINT('',#15934);
#4517=VERTEX_POINT('',#15935);
#4518=VERTEX_POINT('',#15937);
#4519=VERTEX_POINT('',#15939);
#4520=VERTEX_POINT('',#15943);
#4521=VERTEX_POINT('',#15945);
#4522=VERTEX_POINT('',#15949);
#4523=VERTEX_POINT('',#15951);
#4524=VERTEX_POINT('',#15958);
#4525=VERTEX_POINT('',#15960);
#4526=VERTEX_POINT('',#15964);
#4527=VERTEX_POINT('',#15969);
#4528=VERTEX_POINT('',#15970);
#4529=VERTEX_POINT('',#15972);
#4530=VERTEX_POINT('',#15974);
#4531=VERTEX_POINT('',#15978);
#4532=VERTEX_POINT('',#15980);
#4533=VERTEX_POINT('',#15984);
#4534=VERTEX_POINT('',#15986);
#4535=VERTEX_POINT('',#15993);
#4536=VERTEX_POINT('',#15995);
#4537=VERTEX_POINT('',#15999);
#4538=VERTEX_POINT('',#16004);
#4539=VERTEX_POINT('',#16005);
#4540=VERTEX_POINT('',#16007);
#4541=VERTEX_POINT('',#16009);
#4542=VERTEX_POINT('',#16012);
#4543=VERTEX_POINT('',#16016);
#4544=VERTEX_POINT('',#16017);
#4545=VERTEX_POINT('',#16022);
#4546=VERTEX_POINT('',#16029);
#4547=VERTEX_POINT('',#16035);
#4548=VERTEX_POINT('',#16042);
#4549=VERTEX_POINT('',#16043);
#4550=VERTEX_POINT('',#16045);
#4551=VERTEX_POINT('',#16047);
#4552=VERTEX_POINT('',#16051);
#4553=VERTEX_POINT('',#16053);
#4554=VERTEX_POINT('',#16057);
#4555=VERTEX_POINT('',#16059);
#4556=VERTEX_POINT('',#16066);
#4557=VERTEX_POINT('',#16068);
#4558=VERTEX_POINT('',#16072);
#4559=VERTEX_POINT('',#16077);
#4560=VERTEX_POINT('',#16078);
#4561=VERTEX_POINT('',#16080);
#4562=VERTEX_POINT('',#16082);
#4563=VERTEX_POINT('',#16086);
#4564=VERTEX_POINT('',#16088);
#4565=VERTEX_POINT('',#16092);
#4566=VERTEX_POINT('',#16094);
#4567=VERTEX_POINT('',#16101);
#4568=VERTEX_POINT('',#16103);
#4569=VERTEX_POINT('',#16107);
#4570=VERTEX_POINT('',#16112);
#4571=VERTEX_POINT('',#16113);
#4572=VERTEX_POINT('',#16115);
#4573=VERTEX_POINT('',#16117);
#4574=VERTEX_POINT('',#16120);
#4575=VERTEX_POINT('',#16124);
#4576=VERTEX_POINT('',#16125);
#4577=VERTEX_POINT('',#16130);
#4578=VERTEX_POINT('',#16137);
#4579=VERTEX_POINT('',#16143);
#4580=VERTEX_POINT('',#16150);
#4581=VERTEX_POINT('',#16151);
#4582=VERTEX_POINT('',#16153);
#4583=VERTEX_POINT('',#16155);
#4584=VERTEX_POINT('',#16159);
#4585=VERTEX_POINT('',#16161);
#4586=VERTEX_POINT('',#16165);
#4587=VERTEX_POINT('',#16167);
#4588=VERTEX_POINT('',#16174);
#4589=VERTEX_POINT('',#16176);
#4590=VERTEX_POINT('',#16180);
#4591=VERTEX_POINT('',#16185);
#4592=VERTEX_POINT('',#16186);
#4593=VERTEX_POINT('',#16188);
#4594=VERTEX_POINT('',#16190);
#4595=VERTEX_POINT('',#16194);
#4596=VERTEX_POINT('',#16196);
#4597=VERTEX_POINT('',#16200);
#4598=VERTEX_POINT('',#16202);
#4599=VERTEX_POINT('',#16209);
#4600=VERTEX_POINT('',#16211);
#4601=VERTEX_POINT('',#16215);
#4602=VERTEX_POINT('',#16220);
#4603=VERTEX_POINT('',#16221);
#4604=VERTEX_POINT('',#16223);
#4605=VERTEX_POINT('',#16225);
#4606=VERTEX_POINT('',#16228);
#4607=VERTEX_POINT('',#16232);
#4608=VERTEX_POINT('',#16233);
#4609=VERTEX_POINT('',#16238);
#4610=VERTEX_POINT('',#16245);
#4611=VERTEX_POINT('',#16251);
#4612=VERTEX_POINT('',#16258);
#4613=VERTEX_POINT('',#16259);
#4614=VERTEX_POINT('',#16261);
#4615=VERTEX_POINT('',#16263);
#4616=VERTEX_POINT('',#16267);
#4617=VERTEX_POINT('',#16269);
#4618=VERTEX_POINT('',#16273);
#4619=VERTEX_POINT('',#16275);
#4620=VERTEX_POINT('',#16282);
#4621=VERTEX_POINT('',#16284);
#4622=VERTEX_POINT('',#16288);
#4623=VERTEX_POINT('',#16293);
#4624=VERTEX_POINT('',#16294);
#4625=VERTEX_POINT('',#16296);
#4626=VERTEX_POINT('',#16298);
#4627=VERTEX_POINT('',#16302);
#4628=VERTEX_POINT('',#16304);
#4629=VERTEX_POINT('',#16308);
#4630=VERTEX_POINT('',#16310);
#4631=VERTEX_POINT('',#16317);
#4632=VERTEX_POINT('',#16319);
#4633=VERTEX_POINT('',#16323);
#4634=VERTEX_POINT('',#16328);
#4635=VERTEX_POINT('',#16329);
#4636=VERTEX_POINT('',#16331);
#4637=VERTEX_POINT('',#16333);
#4638=VERTEX_POINT('',#16336);
#4639=VERTEX_POINT('',#16340);
#4640=VERTEX_POINT('',#16341);
#4641=VERTEX_POINT('',#16346);
#4642=VERTEX_POINT('',#16353);
#4643=VERTEX_POINT('',#16359);
#4644=VERTEX_POINT('',#16366);
#4645=VERTEX_POINT('',#16367);
#4646=VERTEX_POINT('',#16369);
#4647=VERTEX_POINT('',#16371);
#4648=VERTEX_POINT('',#16375);
#4649=VERTEX_POINT('',#16377);
#4650=VERTEX_POINT('',#16381);
#4651=VERTEX_POINT('',#16382);
#4652=VERTEX_POINT('',#16384);
#4653=VERTEX_POINT('',#16389);
#4654=VERTEX_POINT('',#16391);
#4655=VERTEX_POINT('',#16395);
#4656=VERTEX_POINT('',#16396);
#4657=VERTEX_POINT('',#16398);
#4658=VERTEX_POINT('',#16403);
#4659=VERTEX_POINT('',#16405);
#4660=VERTEX_POINT('',#16409);
#4661=VERTEX_POINT('',#16410);
#4662=VERTEX_POINT('',#16412);
#4663=VERTEX_POINT('',#16417);
#4664=VERTEX_POINT('',#16419);
#4665=VERTEX_POINT('',#16423);
#4666=VERTEX_POINT('',#16424);
#4667=VERTEX_POINT('',#16426);
#4668=VERTEX_POINT('',#16431);
#4669=VERTEX_POINT('',#16433);
#4670=VERTEX_POINT('',#16437);
#4671=VERTEX_POINT('',#16438);
#4672=VERTEX_POINT('',#16440);
#4673=VERTEX_POINT('',#16445);
#4674=VERTEX_POINT('',#16447);
#4675=VERTEX_POINT('',#16451);
#4676=VERTEX_POINT('',#16452);
#4677=VERTEX_POINT('',#16454);
#4678=VERTEX_POINT('',#16456);
#4679=VERTEX_POINT('',#16460);
#4680=VERTEX_POINT('',#16465);
#4681=VERTEX_POINT('',#16466);
#4682=VERTEX_POINT('',#16468);
#4683=VERTEX_POINT('',#16473);
#4684=VERTEX_POINT('',#16478);
#4685=VERTEX_POINT('',#16479);
#4686=VERTEX_POINT('',#16481);
#4687=VERTEX_POINT('',#16486);
#4688=VERTEX_POINT('',#16491);
#4689=VERTEX_POINT('',#16492);
#4690=VERTEX_POINT('',#16494);
#4691=VERTEX_POINT('',#16499);
#4692=VERTEX_POINT('',#16504);
#4693=VERTEX_POINT('',#16505);
#4694=VERTEX_POINT('',#16508);
#4695=VERTEX_POINT('',#16512);
#4696=VERTEX_POINT('',#16514);
#4697=VERTEX_POINT('',#16518);
#4698=VERTEX_POINT('',#16519);
#4699=VERTEX_POINT('',#16521);
#4700=VERTEX_POINT('',#16526);
#4701=VERTEX_POINT('',#16530);
#4702=VERTEX_POINT('',#16531);
#4703=VERTEX_POINT('',#16533);
#4704=VERTEX_POINT('',#16538);
#4705=VERTEX_POINT('',#16543);
#4706=VERTEX_POINT('',#16544);
#4707=VERTEX_POINT('',#16546);
#4708=VERTEX_POINT('',#16548);
#4709=VERTEX_POINT('',#16552);
#4710=VERTEX_POINT('',#16554);
#4711=VERTEX_POINT('',#16558);
#4712=VERTEX_POINT('',#16559);
#4713=VERTEX_POINT('',#16561);
#4714=VERTEX_POINT('',#16566);
#4715=VERTEX_POINT('',#16568);
#4716=VERTEX_POINT('',#16572);
#4717=VERTEX_POINT('',#16573);
#4718=VERTEX_POINT('',#16579);
#4719=VERTEX_POINT('',#16581);
#4720=VERTEX_POINT('',#16585);
#4721=VERTEX_POINT('',#16586);
#4722=VERTEX_POINT('',#16588);
#4723=VERTEX_POINT('',#16593);
#4724=VERTEX_POINT('',#16597);
#4725=VERTEX_POINT('',#16598);
#4726=VERTEX_POINT('',#16600);
#4727=VERTEX_POINT('',#16605);
#4728=VERTEX_POINT('',#16609);
#4729=VERTEX_POINT('',#16610);
#4730=VERTEX_POINT('',#16612);
#4731=VERTEX_POINT('',#16617);
#4732=VERTEX_POINT('',#16622);
#4733=VERTEX_POINT('',#16623);
#4734=VERTEX_POINT('',#16628);
#4735=VERTEX_POINT('',#16629);
#4736=VERTEX_POINT('',#16635);
#4737=VERTEX_POINT('',#16637);
#4738=VERTEX_POINT('',#16641);
#4739=VERTEX_POINT('',#16642);
#4740=VERTEX_POINT('',#16647);
#4741=VERTEX_POINT('',#16648);
#4742=VERTEX_POINT('',#16653);
#4743=VERTEX_POINT('',#16658);
#4744=VERTEX_POINT('',#16659);
#4745=VERTEX_POINT('',#16664);
#4746=VERTEX_POINT('',#16668);
#4747=VERTEX_POINT('',#16669);
#4748=VERTEX_POINT('',#16674);
#4749=VERTEX_POINT('',#16676);
#4750=VERTEX_POINT('',#16680);
#4751=VERTEX_POINT('',#16681);
#4752=VERTEX_POINT('',#16686);
#4753=VERTEX_POINT('',#16688);
#4754=VERTEX_POINT('',#16692);
#4755=VERTEX_POINT('',#16693);
#4756=VERTEX_POINT('',#16696);
#4757=VERTEX_POINT('',#16698);
#4758=VERTEX_POINT('',#16712);
#4759=VERTEX_POINT('',#16723);
#4760=VERTEX_POINT('',#16727);
#4761=VERTEX_POINT('',#16730);
#4762=VERTEX_POINT('',#16737);
#4763=VERTEX_POINT('',#16750);
#4764=VERTEX_POINT('',#16761);
#4765=VERTEX_POINT('',#16770);
#4766=VERTEX_POINT('',#16785);
#4767=VERTEX_POINT('',#16789);
#4768=VERTEX_POINT('',#16793);
#4769=VERTEX_POINT('',#16797);
#4770=VERTEX_POINT('',#16799);
#4771=VERTEX_POINT('',#16810);
#4772=VERTEX_POINT('',#16819);
#4773=VERTEX_POINT('',#16823);
#4774=VERTEX_POINT('',#16825);
#4775=VERTEX_POINT('',#16827);
#4776=VERTEX_POINT('',#16834);
#4777=VERTEX_POINT('',#16843);
#4778=VERTEX_POINT('',#16845);
#4779=VERTEX_POINT('',#16856);
#4780=VERTEX_POINT('',#16867);
#4781=VERTEX_POINT('',#16871);
#4782=VERTEX_POINT('',#16876);
#4783=VERTEX_POINT('',#16881);
#4784=VERTEX_POINT('',#16883);
#4785=VERTEX_POINT('',#16898);
#4786=VERTEX_POINT('',#16907);
#4787=VERTEX_POINT('',#16916);
#4788=VERTEX_POINT('',#16929);
#4789=VERTEX_POINT('',#16934);
#4790=VERTEX_POINT('',#16938);
#4791=VERTEX_POINT('',#16940);
#4792=VERTEX_POINT('',#16951);
#4793=VERTEX_POINT('',#16962);
#4794=VERTEX_POINT('',#16966);
#4795=VERTEX_POINT('',#16969);
#4796=VERTEX_POINT('',#16976);
#4797=VERTEX_POINT('',#16977);
#4798=VERTEX_POINT('',#16984);
#4799=VERTEX_POINT('',#16986);
#4800=VERTEX_POINT('',#16994);
#4801=VERTEX_POINT('',#17007);
#4802=VERTEX_POINT('',#17016);
#4803=VERTEX_POINT('',#17025);
#4804=VERTEX_POINT('',#17038);
#4805=VERTEX_POINT('',#17042);
#4806=VERTEX_POINT('',#17046);
#4807=VERTEX_POINT('',#17048);
#4808=VERTEX_POINT('',#17052);
#4809=VERTEX_POINT('',#17054);
#4810=VERTEX_POINT('',#17065);
#4811=VERTEX_POINT('',#17074);
#4812=VERTEX_POINT('',#17078);
#4813=VERTEX_POINT('',#17080);
#4814=VERTEX_POINT('',#17091);
#4815=VERTEX_POINT('',#17100);
#4816=VERTEX_POINT('',#17104);
#4817=VERTEX_POINT('',#17109);
#4818=VERTEX_POINT('',#17113);
#4819=VERTEX_POINT('',#17115);
#4820=VERTEX_POINT('',#17132);
#4821=VERTEX_POINT('',#17141);
#4822=VERTEX_POINT('',#17152);
#4823=VERTEX_POINT('',#17157);
#4824=VERTEX_POINT('',#17162);
#4825=VERTEX_POINT('',#17167);
#4826=VERTEX_POINT('',#17172);
#4827=VERTEX_POINT('',#17177);
#4828=VERTEX_POINT('',#17179);
#4829=VERTEX_POINT('',#17183);
#4830=VERTEX_POINT('',#17184);
#4831=VERTEX_POINT('',#17198);
#4832=VERTEX_POINT('',#17199);
#4833=VERTEX_POINT('',#17213);
#4834=VERTEX_POINT('',#17224);
#4835=VERTEX_POINT('',#17225);
#4836=VERTEX_POINT('',#17230);
#4837=VERTEX_POINT('',#17234);
#4838=VERTEX_POINT('',#17238);
#4839=VERTEX_POINT('',#17242);
#4840=VERTEX_POINT('',#17246);
#4841=VERTEX_POINT('',#17247);
#4842=VERTEX_POINT('',#17252);
#4843=VERTEX_POINT('',#17263);
#4844=VERTEX_POINT('',#17270);
#4845=VERTEX_POINT('',#17279);
#4846=VERTEX_POINT('',#17296);
#4847=VERTEX_POINT('',#17313);
#4848=VERTEX_POINT('',#17314);
#4849=VERTEX_POINT('',#17316);
#4850=VERTEX_POINT('',#17328);
#4851=VERTEX_POINT('',#17335);
#4852=VERTEX_POINT('',#17337);
#4853=VERTEX_POINT('',#17361);
#4854=VERTEX_POINT('',#17368);
#4855=VERTEX_POINT('',#17373);
#4856=VERTEX_POINT('',#17382);
#4857=VERTEX_POINT('',#17388);
#4858=VERTEX_POINT('',#17392);
#4859=VERTEX_POINT('',#17396);
#4860=VERTEX_POINT('',#17397);
#4861=VERTEX_POINT('',#17404);
#4862=VERTEX_POINT('',#17408);
#4863=VERTEX_POINT('',#17409);
#4864=VERTEX_POINT('',#17421);
#4865=VERTEX_POINT('',#17423);
#4866=VERTEX_POINT('',#17436);
#4867=VERTEX_POINT('',#17440);
#4868=VERTEX_POINT('',#17445);
#4869=VERTEX_POINT('',#17450);
#4870=VERTEX_POINT('',#17452);
#4871=VERTEX_POINT('',#17456);
#4872=VERTEX_POINT('',#17457);
#4873=VERTEX_POINT('',#17468);
#4874=VERTEX_POINT('',#17473);
#4875=VERTEX_POINT('',#17484);
#4876=VERTEX_POINT('',#17490);
#4877=VERTEX_POINT('',#17494);
#4878=VERTEX_POINT('',#17504);
#4879=VERTEX_POINT('',#17505);
#4880=VERTEX_POINT('',#17518);
#4881=VERTEX_POINT('',#17526);
#4882=VERTEX_POINT('',#17545);
#4883=VERTEX_POINT('',#17551);
#4884=VERTEX_POINT('',#17562);
#4885=VERTEX_POINT('',#17567);
#4886=VERTEX_POINT('',#17571);
#4887=VERTEX_POINT('',#17572);
#4888=VERTEX_POINT('',#17586);
#4889=VERTEX_POINT('',#17590);
#4890=VERTEX_POINT('',#17594);
#4891=VERTEX_POINT('',#17613);
#4892=VERTEX_POINT('',#17617);
#4893=VERTEX_POINT('',#17630);
#4894=VERTEX_POINT('',#17634);
#4895=VERTEX_POINT('',#17635);
#4896=VERTEX_POINT('',#17644);
#4897=VERTEX_POINT('',#17653);
#4898=VERTEX_POINT('',#17666);
#4899=VERTEX_POINT('',#17681);
#4900=VERTEX_POINT('',#17692);
#4901=VERTEX_POINT('',#17696);
#4902=VERTEX_POINT('',#17709);
#4903=VERTEX_POINT('',#17718);
#4904=VERTEX_POINT('',#17733);
#4905=VERTEX_POINT('',#17735);
#4906=VERTEX_POINT('',#17804);
#4907=VERTEX_POINT('',#17809);
#4908=VERTEX_POINT('',#17810);
#4909=VERTEX_POINT('',#17812);
#4910=VERTEX_POINT('',#17827);
#4911=VERTEX_POINT('',#17844);
#4912=VERTEX_POINT('',#17846);
#4913=VERTEX_POINT('',#17863);
#4914=VERTEX_POINT('',#17865);
#4915=VERTEX_POINT('',#17885);
#4916=VERTEX_POINT('',#17887);
#4917=VERTEX_POINT('',#17891);
#4918=VERTEX_POINT('',#17896);
#4919=VERTEX_POINT('',#17902);
#4920=VERTEX_POINT('',#17905);
#4921=VERTEX_POINT('',#17909);
#4922=VERTEX_POINT('',#17911);
#4923=EDGE_CURVE('',#4032,#4033,#1850,.T.);
#4924=EDGE_CURVE('',#4032,#4034,#1851,.T.);
#4925=EDGE_CURVE('',#4035,#4034,#1852,.T.);
#4926=EDGE_CURVE('',#4033,#4035,#1853,.T.);
#4927=EDGE_CURVE('',#4033,#4036,#1854,.T.);
#4928=EDGE_CURVE('',#4037,#4035,#1855,.T.);
#4929=EDGE_CURVE('',#4036,#4037,#1856,.T.);
#4930=EDGE_CURVE('',#4036,#4038,#1857,.T.);
#4931=EDGE_CURVE('',#4039,#4037,#1858,.T.);
#4932=EDGE_CURVE('',#4038,#4039,#1859,.T.);
#4933=EDGE_CURVE('',#4038,#4032,#1860,.T.);
#4934=EDGE_CURVE('',#4034,#4039,#1861,.T.);
#4935=EDGE_CURVE('',#4040,#4041,#388,.T.);
#4936=EDGE_CURVE('',#4041,#4042,#1862,.T.);
#4937=EDGE_CURVE('',#4042,#4043,#389,.T.);
#4938=EDGE_CURVE('',#4043,#4040,#1863,.T.);
#4939=EDGE_CURVE('',#4041,#4044,#1864,.T.);
#4940=EDGE_CURVE('',#4045,#4044,#1865,.T.);
#4941=EDGE_CURVE('',#4045,#4046,#1866,.T.);
#4942=EDGE_CURVE('',#4047,#4046,#1867,.T.);
#4943=EDGE_CURVE('',#4047,#4048,#1868,.T.);
#4944=EDGE_CURVE('',#4049,#4048,#1869,.T.);
#4945=EDGE_CURVE('',#4049,#4042,#1870,.T.);
#4946=EDGE_CURVE('',#4050,#4050,#159,.T.);
#4947=EDGE_CURVE('',#4051,#4040,#1871,.F.);
#4948=EDGE_CURVE('',#4052,#4051,#1872,.T.);
#4949=EDGE_CURVE('',#4053,#4052,#1873,.F.);
#4950=EDGE_CURVE('',#4044,#4053,#390,.T.);
#4951=EDGE_CURVE('',#4054,#4045,#391,.T.);
#4952=EDGE_CURVE('',#4053,#4054,#1874,.T.);
#4953=EDGE_CURVE('',#4055,#4047,#392,.T.);
#4954=EDGE_CURVE('',#4046,#4056,#393,.T.);
#4955=EDGE_CURVE('',#4056,#4055,#1875,.T.);
#4956=EDGE_CURVE('',#4057,#4055,#1876,.F.);
#4957=EDGE_CURVE('',#4058,#4057,#1877,.T.);
#4958=EDGE_CURVE('',#4059,#4058,#1878,.F.);
#4959=EDGE_CURVE('',#4048,#4059,#394,.T.);
#4960=EDGE_CURVE('',#4060,#4049,#395,.T.);
#4961=EDGE_CURVE('',#4059,#4060,#1879,.T.);
#4962=EDGE_CURVE('',#4050,#4061,#1880,.T.);
#4963=EDGE_CURVE('',#4061,#4061,#160,.T.);
#4964=EDGE_CURVE('',#4061,#4062,#1881,.T.);
#4965=EDGE_CURVE('',#4062,#4062,#161,.T.);
#4966=EDGE_CURVE('',#4063,#4063,#162,.T.);
#4967=EDGE_CURVE('',#4063,#4064,#163,.T.);
#4968=EDGE_CURVE('',#4064,#4065,#164,.T.);
#4969=EDGE_CURVE('',#4065,#4064,#165,.T.);
#4970=EDGE_CURVE('',#4065,#4066,#1882,.T.);
#4971=EDGE_CURVE('',#4066,#4066,#166,.T.);
#4972=EDGE_CURVE('',#4067,#4067,#167,.T.);
#4973=EDGE_CURVE('',#4067,#4068,#168,.T.);
#4974=EDGE_CURVE('',#4068,#4069,#169,.T.);
#4975=EDGE_CURVE('',#4069,#4068,#170,.T.);
#4976=EDGE_CURVE('',#4069,#4070,#1883,.T.);
#4977=EDGE_CURVE('',#4070,#4070,#171,.T.);
#4978=EDGE_CURVE('',#4071,#4054,#1884,.F.);
#4979=EDGE_CURVE('',#4072,#4071,#1885,.T.);
#4980=EDGE_CURVE('',#4056,#4072,#1886,.F.);
#4981=EDGE_CURVE('',#4073,#4060,#1887,.F.);
#4982=EDGE_CURVE('',#4074,#4073,#1888,.T.);
#4983=EDGE_CURVE('',#4043,#4074,#1889,.F.);
#4984=EDGE_CURVE('',#4057,#4072,#1890,.T.);
#4985=EDGE_CURVE('',#4071,#4052,#1891,.T.);
#4986=EDGE_CURVE('',#4051,#4074,#1892,.T.);
#4987=EDGE_CURVE('',#4073,#4058,#1893,.T.);
#4988=EDGE_CURVE('',#4075,#4076,#172,.T.);
#4989=EDGE_CURVE('',#4076,#4077,#17,.T.);
#4990=EDGE_CURVE('',#4077,#4078,#173,.T.);
#4991=EDGE_CURVE('',#4075,#4078,#18,.T.);
#4992=EDGE_CURVE('',#4076,#4079,#1894,.T.);
#4993=EDGE_CURVE('',#4079,#4080,#19,.T.);
#4994=EDGE_CURVE('',#4080,#4077,#1895,.T.);
#4995=EDGE_CURVE('',#4079,#4081,#174,.T.);
#4996=EDGE_CURVE('',#4081,#4082,#20,.T.);
#4997=EDGE_CURVE('',#4082,#4080,#175,.T.);
#4998=EDGE_CURVE('',#4078,#4082,#1896,.T.);
#4999=EDGE_CURVE('',#4081,#4075,#1897,.T.);
#5000=EDGE_CURVE('',#4083,#4078,#1898,.T.);
#5001=EDGE_CURVE('',#4084,#4083,#1899,.T.);
#5002=EDGE_CURVE('',#4082,#4084,#1900,.T.);
#5003=EDGE_CURVE('',#4077,#4085,#1901,.T.);
#5004=EDGE_CURVE('',#4083,#4085,#176,.T.);
#5005=EDGE_CURVE('',#4086,#4080,#1902,.T.);
#5006=EDGE_CURVE('',#4085,#4086,#1903,.T.);
#5007=EDGE_CURVE('',#4086,#4084,#177,.T.);
#5008=EDGE_CURVE('',#4087,#4087,#178,.T.);
#5009=EDGE_CURVE('',#4087,#4088,#1904,.T.);
#5010=EDGE_CURVE('',#4088,#4088,#179,.T.);
#5011=EDGE_CURVE('',#4089,#4090,#180,.T.);
#5012=EDGE_CURVE('',#4090,#4091,#1905,.T.);
#5013=EDGE_CURVE('',#4091,#4092,#181,.T.);
#5014=EDGE_CURVE('',#4092,#4093,#1906,.T.);
#5015=EDGE_CURVE('',#4093,#4094,#396,.T.);
#5016=EDGE_CURVE('',#4094,#4089,#1907,.T.);
#5017=EDGE_CURVE('',#4090,#4095,#1908,.T.);
#5018=EDGE_CURVE('',#4096,#4095,#182,.T.);
#5019=EDGE_CURVE('',#4097,#4096,#1909,.T.);
#5020=EDGE_CURVE('',#4098,#4097,#183,.T.);
#5021=EDGE_CURVE('',#4099,#4098,#1910,.T.);
#5022=EDGE_CURVE('',#4100,#4099,#1911,.T.);
#5023=EDGE_CURVE('',#4100,#4101,#1912,.T.);
#5024=EDGE_CURVE('',#4102,#4101,#184,.T.);
#5025=EDGE_CURVE('',#4102,#4103,#1913,.T.);
#5026=EDGE_CURVE('',#4104,#4103,#185,.T.);
#5027=EDGE_CURVE('',#4104,#4091,#1914,.T.);
#5028=EDGE_CURVE('',#4105,#4089,#1915,.T.);
#5029=EDGE_CURVE('',#4105,#4106,#21,.F.);
#5030=EDGE_CURVE('',#4106,#4107,#1916,.T.);
#5031=EDGE_CURVE('',#4095,#4107,#1917,.T.);
#5032=EDGE_CURVE('',#4108,#4094,#1918,.T.);
#5033=EDGE_CURVE('',#4108,#4105,#1919,.T.);
#5034=EDGE_CURVE('',#4109,#4110,#186,.T.);
#5035=EDGE_CURVE('',#4110,#4111,#1920,.T.);
#5036=EDGE_CURVE('',#4111,#4100,#187,.T.);
#5037=EDGE_CURVE('',#4099,#4109,#188,.T.);
#5038=EDGE_CURVE('',#4111,#4112,#1921,.T.);
#5039=EDGE_CURVE('',#4113,#4112,#22,.T.);
#5040=EDGE_CURVE('',#4114,#4113,#1922,.T.);
#5041=EDGE_CURVE('',#4101,#4114,#1923,.T.);
#5042=EDGE_CURVE('',#4092,#4111,#1924,.T.);
#5043=EDGE_CURVE('',#4110,#4115,#1925,.T.);
#5044=EDGE_CURVE('',#4116,#4115,#1926,.T.);
#5045=EDGE_CURVE('',#4116,#4117,#1927,.T.);
#5046=EDGE_CURVE('',#4118,#4117,#1928,.T.);
#5047=EDGE_CURVE('',#4118,#4119,#1929,.T.);
#5048=EDGE_CURVE('',#4120,#4119,#1930,.T.);
#5049=EDGE_CURVE('',#4120,#4121,#1931,.T.);
#5050=EDGE_CURVE('',#4122,#4121,#1932,.T.);
#5051=EDGE_CURVE('',#4122,#4123,#1933,.T.);
#5052=EDGE_CURVE('',#4124,#4123,#1934,.T.);
#5053=EDGE_CURVE('',#4124,#4125,#1935,.T.);
#5054=EDGE_CURVE('',#4126,#4125,#1936,.T.);
#5055=EDGE_CURVE('',#4126,#4127,#1937,.T.);
#5056=EDGE_CURVE('',#4128,#4127,#1938,.T.);
#5057=EDGE_CURVE('',#4128,#4129,#1939,.T.);
#5058=EDGE_CURVE('',#4130,#4129,#1940,.T.);
#5059=EDGE_CURVE('',#4130,#4131,#1941,.T.);
#5060=EDGE_CURVE('',#4132,#4131,#1942,.T.);
#5061=EDGE_CURVE('',#4132,#4133,#1943,.T.);
#5062=EDGE_CURVE('',#4134,#4133,#1944,.T.);
#5063=EDGE_CURVE('',#4134,#4135,#1945,.T.);
#5064=EDGE_CURVE('',#4136,#4135,#1946,.T.);
#5065=EDGE_CURVE('',#4136,#4137,#1947,.T.);
#5066=EDGE_CURVE('',#4138,#4137,#1948,.T.);
#5067=EDGE_CURVE('',#4138,#4139,#1949,.T.);
#5068=EDGE_CURVE('',#4140,#4139,#1950,.T.);
#5069=EDGE_CURVE('',#4140,#4141,#1951,.T.);
#5070=EDGE_CURVE('',#4142,#4141,#1952,.T.);
#5071=EDGE_CURVE('',#4142,#4143,#1953,.T.);
#5072=EDGE_CURVE('',#4144,#4143,#1954,.T.);
#5073=EDGE_CURVE('',#4144,#4145,#1955,.T.);
#5074=EDGE_CURVE('',#4146,#4145,#1956,.T.);
#5075=EDGE_CURVE('',#4146,#4147,#1957,.T.);
#5076=EDGE_CURVE('',#4148,#4147,#1958,.T.);
#5077=EDGE_CURVE('',#4148,#4149,#1959,.T.);
#5078=EDGE_CURVE('',#4150,#4149,#1960,.T.);
#5079=EDGE_CURVE('',#4150,#4093,#1961,.T.);
#5080=EDGE_CURVE('',#4151,#4151,#189,.T.);
#5081=EDGE_CURVE('',#4152,#4116,#190,.T.);
#5082=EDGE_CURVE('',#4115,#4153,#191,.T.);
#5083=EDGE_CURVE('',#4153,#4154,#192,.T.);
#5084=EDGE_CURVE('',#4154,#4155,#1962,.T.);
#5085=EDGE_CURVE('',#4155,#4152,#193,.T.);
#5086=EDGE_CURVE('',#4152,#4156,#1963,.T.);
#5087=EDGE_CURVE('',#4156,#4157,#1964,.T.);
#5088=EDGE_CURVE('',#4157,#4158,#23,.F.);
#5089=EDGE_CURVE('',#4158,#4116,#1965,.T.);
#5090=EDGE_CURVE('',#4155,#4159,#1966,.T.);
#5091=EDGE_CURVE('',#4160,#4159,#1967,.T.);
#5092=EDGE_CURVE('',#4157,#4160,#1968,.T.);
#5093=EDGE_CURVE('',#4154,#4161,#1969,.T.);
#5094=EDGE_CURVE('',#4162,#4161,#194,.T.);
#5095=EDGE_CURVE('',#4163,#4162,#1970,.T.);
#5096=EDGE_CURVE('',#4159,#4163,#195,.T.);
#5097=EDGE_CURVE('',#4164,#4118,#196,.T.);
#5098=EDGE_CURVE('',#4117,#4165,#197,.T.);
#5099=EDGE_CURVE('',#4165,#4166,#198,.T.);
#5100=EDGE_CURVE('',#4166,#4164,#1971,.T.);
#5101=EDGE_CURVE('',#4167,#4165,#1972,.T.);
#5102=EDGE_CURVE('',#4167,#4168,#1973,.T.);
#5103=EDGE_CURVE('',#4168,#4169,#1974,.T.);
#5104=EDGE_CURVE('',#4170,#4169,#1975,.T.);
#5105=EDGE_CURVE('',#4166,#4170,#1976,.T.);
#5106=EDGE_CURVE('',#4117,#4171,#1977,.T.);
#5107=EDGE_CURVE('',#4168,#4171,#24,.T.);
#5108=EDGE_CURVE('',#4172,#4120,#397,.T.);
#5109=EDGE_CURVE('',#4119,#4173,#199,.T.);
#5110=EDGE_CURVE('',#4173,#4174,#1978,.T.);
#5111=EDGE_CURVE('',#4174,#4175,#200,.T.);
#5112=EDGE_CURVE('',#4175,#4172,#1979,.T.);
#5113=EDGE_CURVE('',#4175,#4176,#1980,.T.);
#5114=EDGE_CURVE('',#4177,#4176,#1981,.T.);
#5115=EDGE_CURVE('',#4178,#4177,#1982,.T.);
#5116=EDGE_CURVE('',#4179,#4178,#1983,.T.);
#5117=EDGE_CURVE('',#4179,#4180,#1984,.T.);
#5118=EDGE_CURVE('',#4181,#4180,#1985,.T.);
#5119=EDGE_CURVE('',#4182,#4181,#1986,.T.);
#5120=EDGE_CURVE('',#4183,#4182,#1987,.T.);
#5121=EDGE_CURVE('',#4183,#4184,#1988,.T.);
#5122=EDGE_CURVE('',#4185,#4184,#1989,.T.);
#5123=EDGE_CURVE('',#4186,#4185,#1990,.T.);
#5124=EDGE_CURVE('',#4187,#4186,#1991,.T.);
#5125=EDGE_CURVE('',#4187,#4188,#1992,.T.);
#5126=EDGE_CURVE('',#4189,#4188,#1993,.T.);
#5127=EDGE_CURVE('',#4172,#4189,#1994,.T.);
#5128=EDGE_CURVE('',#4190,#4190,#201,.T.);
#5129=EDGE_CURVE('',#4174,#4191,#1995,.T.);
#5130=EDGE_CURVE('',#4192,#4191,#1996,.T.);
#5131=EDGE_CURVE('',#4193,#4192,#1997,.T.);
#5132=EDGE_CURVE('',#4176,#4193,#202,.T.);
#5133=EDGE_CURVE('',#4194,#4170,#203,.T.);
#5134=EDGE_CURVE('',#4195,#4194,#1998,.T.);
#5135=EDGE_CURVE('',#4191,#4195,#204,.T.);
#5136=EDGE_CURVE('',#4173,#4196,#1999,.T.);
#5137=EDGE_CURVE('',#4197,#4196,#205,.T.);
#5138=EDGE_CURVE('',#4197,#4198,#2000,.T.);
#5139=EDGE_CURVE('',#4199,#4198,#206,.T.);
#5140=EDGE_CURVE('',#4199,#4164,#2001,.T.);
#5141=EDGE_CURVE('',#4186,#4130,#398,.T.);
#5142=EDGE_CURVE('',#4129,#4200,#207,.T.);
#5143=EDGE_CURVE('',#4200,#4201,#2002,.T.);
#5144=EDGE_CURVE('',#4201,#4187,#208,.T.);
#5145=EDGE_CURVE('',#4201,#4202,#2003,.T.);
#5146=EDGE_CURVE('',#4203,#4202,#2004,.T.);
#5147=EDGE_CURVE('',#4204,#4203,#2005,.T.);
#5148=EDGE_CURVE('',#4188,#4204,#209,.T.);
#5149=EDGE_CURVE('',#4200,#4205,#2006,.T.);
#5150=EDGE_CURVE('',#4206,#4205,#210,.T.);
#5151=EDGE_CURVE('',#4206,#4207,#2007,.T.);
#5152=EDGE_CURVE('',#4208,#4207,#211,.T.);
#5153=EDGE_CURVE('',#4208,#4209,#2008,.T.);
#5154=EDGE_CURVE('',#4210,#4209,#2009,.T.);
#5155=EDGE_CURVE('',#4210,#4211,#2010,.T.);
#5156=EDGE_CURVE('',#4212,#4211,#212,.T.);
#5157=EDGE_CURVE('',#4213,#4212,#2011,.T.);
#5158=EDGE_CURVE('',#4202,#4213,#213,.T.);
#5159=EDGE_CURVE('',#4209,#4128,#214,.T.);
#5160=EDGE_CURVE('',#4127,#4210,#215,.T.);
#5161=EDGE_CURVE('',#4127,#4214,#2012,.T.);
#5162=EDGE_CURVE('',#4215,#4214,#216,.T.);
#5163=EDGE_CURVE('',#4215,#4216,#2013,.T.);
#5164=EDGE_CURVE('',#4211,#4216,#2014,.T.);
#5165=EDGE_CURVE('',#4217,#4126,#217,.T.);
#5166=EDGE_CURVE('',#4125,#4218,#218,.T.);
#5167=EDGE_CURVE('',#4218,#4217,#2015,.T.);
#5168=EDGE_CURVE('',#4219,#4217,#2016,.T.);
#5169=EDGE_CURVE('',#4220,#4219,#2017,.T.);
#5170=EDGE_CURVE('',#4221,#4220,#2018,.T.);
#5171=EDGE_CURVE('',#4221,#4222,#219,.F.);
#5172=EDGE_CURVE('',#4222,#4126,#2019,.T.);
#5173=EDGE_CURVE('',#4218,#4223,#2020,.T.);
#5174=EDGE_CURVE('',#4224,#4223,#220,.T.);
#5175=EDGE_CURVE('',#4225,#4224,#2021,.T.);
#5176=EDGE_CURVE('',#4219,#4225,#221,.T.);
#5177=EDGE_CURVE('',#4226,#4124,#222,.T.);
#5178=EDGE_CURVE('',#4123,#4227,#223,.T.);
#5179=EDGE_CURVE('',#4227,#4226,#2022,.T.);
#5180=EDGE_CURVE('',#4123,#4228,#2023,.T.);
#5181=EDGE_CURVE('',#4229,#4228,#224,.T.);
#5182=EDGE_CURVE('',#4230,#4229,#2024,.T.);
#5183=EDGE_CURVE('',#4231,#4230,#2025,.T.);
#5184=EDGE_CURVE('',#4227,#4231,#2026,.T.);
#5185=EDGE_CURVE('',#4232,#4233,#225,.T.);
#5186=EDGE_CURVE('',#4233,#4234,#2027,.T.);
#5187=EDGE_CURVE('',#4234,#4122,#226,.T.);
#5188=EDGE_CURVE('',#4121,#4235,#399,.T.);
#5189=EDGE_CURVE('',#4235,#4232,#2028,.T.);
#5190=EDGE_CURVE('',#4236,#4231,#227,.T.);
#5191=EDGE_CURVE('',#4236,#4237,#2029,.T.);
#5192=EDGE_CURVE('',#4238,#4237,#228,.T.);
#5193=EDGE_CURVE('',#4238,#4234,#2030,.T.);
#5194=EDGE_CURVE('',#4233,#4239,#2031,.T.);
#5195=EDGE_CURVE('',#4240,#4239,#229,.T.);
#5196=EDGE_CURVE('',#4241,#4240,#2032,.T.);
#5197=EDGE_CURVE('',#4242,#4241,#230,.T.);
#5198=EDGE_CURVE('',#4242,#4226,#2033,.T.);
#5199=EDGE_CURVE('',#4243,#4232,#2034,.T.);
#5200=EDGE_CURVE('',#4243,#4244,#231,.F.);
#5201=EDGE_CURVE('',#4244,#4245,#2035,.T.);
#5202=EDGE_CURVE('',#4239,#4245,#2036,.T.);
#5203=EDGE_CURVE('',#4246,#4235,#2037,.T.);
#5204=EDGE_CURVE('',#4246,#4243,#2038,.T.);
#5205=EDGE_CURVE('',#4247,#4150,#400,.T.);
#5206=EDGE_CURVE('',#4149,#4248,#232,.T.);
#5207=EDGE_CURVE('',#4248,#4249,#2039,.T.);
#5208=EDGE_CURVE('',#4249,#4250,#233,.T.);
#5209=EDGE_CURVE('',#4250,#4247,#2040,.T.);
#5210=EDGE_CURVE('',#4250,#4251,#2041,.T.);
#5211=EDGE_CURVE('',#4251,#4252,#2042,.T.);
#5212=EDGE_CURVE('',#4247,#4252,#2043,.T.);
#5213=EDGE_CURVE('',#4249,#4253,#2044,.T.);
#5214=EDGE_CURVE('',#4254,#4253,#2045,.T.);
#5215=EDGE_CURVE('',#4255,#4254,#2046,.T.);
#5216=EDGE_CURVE('',#4251,#4255,#234,.T.);
#5217=EDGE_CURVE('',#4248,#4256,#2047,.T.);
#5218=EDGE_CURVE('',#4257,#4256,#235,.T.);
#5219=EDGE_CURVE('',#4257,#4258,#2048,.T.);
#5220=EDGE_CURVE('',#4259,#4258,#236,.T.);
#5221=EDGE_CURVE('',#4259,#4260,#2049,.T.);
#5222=EDGE_CURVE('',#4261,#4260,#2050,.T.);
#5223=EDGE_CURVE('',#4261,#4262,#2051,.T.);
#5224=EDGE_CURVE('',#4263,#4262,#237,.T.);
#5225=EDGE_CURVE('',#4264,#4263,#2052,.T.);
#5226=EDGE_CURVE('',#4253,#4264,#238,.T.);
#5227=EDGE_CURVE('',#4260,#4148,#239,.T.);
#5228=EDGE_CURVE('',#4147,#4261,#240,.T.);
#5229=EDGE_CURVE('',#4147,#4265,#2053,.T.);
#5230=EDGE_CURVE('',#4266,#4265,#241,.T.);
#5231=EDGE_CURVE('',#4266,#4267,#2054,.T.);
#5232=EDGE_CURVE('',#4262,#4267,#2055,.T.);
#5233=EDGE_CURVE('',#4268,#4269,#242,.T.);
#5234=EDGE_CURVE('',#4269,#4270,#2056,.T.);
#5235=EDGE_CURVE('',#4270,#4146,#243,.T.);
#5236=EDGE_CURVE('',#4145,#4268,#244,.T.);
#5237=EDGE_CURVE('',#4269,#4271,#2057,.T.);
#5238=EDGE_CURVE('',#4272,#4271,#245,.T.);
#5239=EDGE_CURVE('',#4273,#4272,#2058,.T.);
#5240=EDGE_CURVE('',#4274,#4273,#246,.T.);
#5241=EDGE_CURVE('',#4274,#4270,#2059,.T.);
#5242=EDGE_CURVE('',#4275,#4268,#2060,.T.);
#5243=EDGE_CURVE('',#4275,#4276,#2061,.T.);
#5244=EDGE_CURVE('',#4271,#4276,#2062,.T.);
#5245=EDGE_CURVE('',#4277,#4144,#247,.T.);
#5246=EDGE_CURVE('',#4143,#4278,#248,.T.);
#5247=EDGE_CURVE('',#4278,#4277,#2063,.T.);
#5248=EDGE_CURVE('',#4143,#4279,#2064,.T.);
#5249=EDGE_CURVE('',#4280,#4279,#249,.T.);
#5250=EDGE_CURVE('',#4281,#4280,#2065,.T.);
#5251=EDGE_CURVE('',#4282,#4281,#2066,.T.);
#5252=EDGE_CURVE('',#4278,#4282,#2067,.T.);
#5253=EDGE_CURVE('',#4180,#4283,#250,.T.);
#5254=EDGE_CURVE('',#4283,#4284,#2068,.T.);
#5255=EDGE_CURVE('',#4284,#4142,#251,.T.);
#5256=EDGE_CURVE('',#4141,#4181,#401,.T.);
#5257=EDGE_CURVE('',#4285,#4282,#252,.T.);
#5258=EDGE_CURVE('',#4285,#4286,#2069,.T.);
#5259=EDGE_CURVE('',#4287,#4286,#253,.T.);
#5260=EDGE_CURVE('',#4287,#4284,#2070,.T.);
#5261=EDGE_CURVE('',#4283,#4288,#2071,.T.);
#5262=EDGE_CURVE('',#4289,#4288,#254,.T.);
#5263=EDGE_CURVE('',#4290,#4289,#2072,.T.);
#5264=EDGE_CURVE('',#4291,#4290,#255,.T.);
#5265=EDGE_CURVE('',#4291,#4277,#2073,.T.);
#5266=EDGE_CURVE('',#4292,#4179,#256,.T.);
#5267=EDGE_CURVE('',#4292,#4293,#2074,.T.);
#5268=EDGE_CURVE('',#4288,#4293,#2075,.T.);
#5269=EDGE_CURVE('',#4294,#4140,#402,.T.);
#5270=EDGE_CURVE('',#4139,#4295,#257,.T.);
#5271=EDGE_CURVE('',#4295,#4296,#2076,.T.);
#5272=EDGE_CURVE('',#4296,#4297,#258,.T.);
#5273=EDGE_CURVE('',#4297,#4294,#2077,.T.);
#5274=EDGE_CURVE('',#4297,#4298,#2078,.T.);
#5275=EDGE_CURVE('',#4298,#4299,#2079,.T.);
#5276=EDGE_CURVE('',#4294,#4299,#2080,.T.);
#5277=EDGE_CURVE('',#4296,#4300,#2081,.T.);
#5278=EDGE_CURVE('',#4301,#4300,#2082,.T.);
#5279=EDGE_CURVE('',#4302,#4301,#2083,.T.);
#5280=EDGE_CURVE('',#4298,#4302,#259,.T.);
#5281=EDGE_CURVE('',#4295,#4303,#2084,.T.);
#5282=EDGE_CURVE('',#4304,#4303,#260,.T.);
#5283=EDGE_CURVE('',#4304,#4305,#2085,.T.);
#5284=EDGE_CURVE('',#4306,#4305,#261,.T.);
#5285=EDGE_CURVE('',#4306,#4307,#2086,.T.);
#5286=EDGE_CURVE('',#4308,#4307,#2087,.T.);
#5287=EDGE_CURVE('',#4308,#4309,#2088,.T.);
#5288=EDGE_CURVE('',#4310,#4309,#262,.T.);
#5289=EDGE_CURVE('',#4311,#4310,#2089,.T.);
#5290=EDGE_CURVE('',#4300,#4311,#263,.T.);
#5291=EDGE_CURVE('',#4307,#4138,#264,.T.);
#5292=EDGE_CURVE('',#4137,#4308,#265,.T.);
#5293=EDGE_CURVE('',#4137,#4312,#2090,.T.);
#5294=EDGE_CURVE('',#4313,#4312,#266,.T.);
#5295=EDGE_CURVE('',#4313,#4314,#2091,.T.);
#5296=EDGE_CURVE('',#4309,#4314,#2092,.T.);
#5297=EDGE_CURVE('',#4184,#4315,#267,.T.);
#5298=EDGE_CURVE('',#4315,#4316,#2093,.T.);
#5299=EDGE_CURVE('',#4316,#4132,#268,.T.);
#5300=EDGE_CURVE('',#4131,#4185,#403,.T.);
#5301=EDGE_CURVE('',#4317,#4134,#269,.T.);
#5302=EDGE_CURVE('',#4133,#4318,#270,.T.);
#5303=EDGE_CURVE('',#4318,#4317,#2094,.T.);
#5304=EDGE_CURVE('',#4319,#4317,#2095,.T.);
#5305=EDGE_CURVE('',#4320,#4319,#2096,.T.);
#5306=EDGE_CURVE('',#4321,#4320,#2097,.T.);
#5307=EDGE_CURVE('',#4321,#4322,#271,.F.);
#5308=EDGE_CURVE('',#4322,#4134,#2098,.T.);
#5309=EDGE_CURVE('',#4315,#4323,#2099,.T.);
#5310=EDGE_CURVE('',#4324,#4323,#272,.T.);
#5311=EDGE_CURVE('',#4325,#4324,#2100,.T.);
#5312=EDGE_CURVE('',#4319,#4325,#273,.T.);
#5313=EDGE_CURVE('',#4318,#4326,#2101,.T.);
#5314=EDGE_CURVE('',#4327,#4326,#274,.T.);
#5315=EDGE_CURVE('',#4327,#4328,#2102,.T.);
#5316=EDGE_CURVE('',#4329,#4328,#275,.T.);
#5317=EDGE_CURVE('',#4329,#4316,#2103,.T.);
#5318=EDGE_CURVE('',#4330,#4136,#276,.T.);
#5319=EDGE_CURVE('',#4135,#4331,#277,.T.);
#5320=EDGE_CURVE('',#4331,#4330,#2104,.T.);
#5321=EDGE_CURVE('',#4332,#4330,#2105,.T.);
#5322=EDGE_CURVE('',#4333,#4332,#2106,.T.);
#5323=EDGE_CURVE('',#4334,#4333,#2107,.T.);
#5324=EDGE_CURVE('',#4334,#4335,#278,.F.);
#5325=EDGE_CURVE('',#4335,#4136,#2108,.T.);
#5326=EDGE_CURVE('',#4331,#4336,#2109,.T.);
#5327=EDGE_CURVE('',#4337,#4336,#279,.T.);
#5328=EDGE_CURVE('',#4338,#4337,#2110,.T.);
#5329=EDGE_CURVE('',#4332,#4338,#280,.T.);
#5330=EDGE_CURVE('',#4255,#4339,#2111,.T.);
#5331=EDGE_CURVE('',#4339,#4340,#281,.T.);
#5332=EDGE_CURVE('',#4340,#4251,#2112,.T.);
#5333=EDGE_CURVE('',#4341,#4342,#282,.F.);
#5334=EDGE_CURVE('',#4341,#4266,#2113,.T.);
#5335=EDGE_CURVE('',#4265,#4342,#2114,.T.);
#5336=EDGE_CURVE('',#4343,#4344,#283,.F.);
#5337=EDGE_CURVE('',#4343,#4345,#2115,.T.);
#5338=EDGE_CURVE('',#4345,#4346,#284,.T.);
#5339=EDGE_CURVE('',#4346,#4344,#2116,.T.);
#5340=EDGE_CURVE('',#4347,#4348,#285,.F.);
#5341=EDGE_CURVE('',#4347,#4280,#2117,.T.);
#5342=EDGE_CURVE('',#4279,#4348,#2118,.T.);
#5343=EDGE_CURVE('',#4349,#4350,#286,.T.);
#5344=EDGE_CURVE('',#4350,#4292,#2119,.T.);
#5345=EDGE_CURVE('',#4178,#4351,#404,.T.);
#5346=EDGE_CURVE('',#4349,#4351,#2120,.F.);
#5347=EDGE_CURVE('',#4347,#4352,#2121,.T.);
#5348=EDGE_CURVE('',#4353,#4352,#287,.T.);
#5349=EDGE_CURVE('',#4354,#4353,#2122,.T.);
#5350=EDGE_CURVE('',#4293,#4354,#288,.T.);
#5351=EDGE_CURVE('',#4350,#4355,#2123,.T.);
#5352=EDGE_CURVE('',#4356,#4355,#289,.T.);
#5353=EDGE_CURVE('',#4356,#4357,#2124,.T.);
#5354=EDGE_CURVE('',#4281,#4357,#290,.T.);
#5355=EDGE_CURVE('',#4302,#4358,#2125,.T.);
#5356=EDGE_CURVE('',#4358,#4359,#291,.T.);
#5357=EDGE_CURVE('',#4359,#4298,#2126,.T.);
#5358=EDGE_CURVE('',#4360,#4361,#292,.F.);
#5359=EDGE_CURVE('',#4360,#4313,#2127,.T.);
#5360=EDGE_CURVE('',#4312,#4361,#2128,.T.);
#5361=EDGE_CURVE('',#4334,#4362,#2129,.T.);
#5362=EDGE_CURVE('',#4362,#4363,#293,.T.);
#5363=EDGE_CURVE('',#4363,#4335,#2130,.T.);
#5364=EDGE_CURVE('',#4321,#4364,#2131,.T.);
#5365=EDGE_CURVE('',#4364,#4365,#294,.T.);
#5366=EDGE_CURVE('',#4365,#4322,#2132,.T.);
#5367=EDGE_CURVE('',#4366,#4367,#295,.T.);
#5368=EDGE_CURVE('',#4367,#4368,#2133,.T.);
#5369=EDGE_CURVE('',#4368,#4183,#296,.T.);
#5370=EDGE_CURVE('',#4182,#4369,#405,.T.);
#5371=EDGE_CURVE('',#4366,#4369,#2134,.F.);
#5372=EDGE_CURVE('',#4370,#4320,#297,.T.);
#5373=EDGE_CURVE('',#4371,#4370,#2135,.T.);
#5374=EDGE_CURVE('',#4372,#4371,#298,.T.);
#5375=EDGE_CURVE('',#4368,#4372,#2136,.T.);
#5376=EDGE_CURVE('',#4367,#4373,#2137,.T.);
#5377=EDGE_CURVE('',#4374,#4373,#299,.T.);
#5378=EDGE_CURVE('',#4374,#4375,#2138,.T.);
#5379=EDGE_CURVE('',#4376,#4375,#300,.T.);
#5380=EDGE_CURVE('',#4376,#4364,#2139,.T.);
#5381=EDGE_CURVE('',#4105,#4377,#2140,.T.);
#5382=EDGE_CURVE('',#4378,#4377,#25,.F.);
#5383=EDGE_CURVE('',#4378,#4106,#26,.T.);
#5384=EDGE_CURVE('',#4378,#4379,#2141,.T.);
#5385=EDGE_CURVE('',#4380,#4379,#301,.T.);
#5386=EDGE_CURVE('',#4380,#4381,#2142,.T.);
#5387=EDGE_CURVE('',#4114,#4381,#302,.T.);
#5388=EDGE_CURVE('',#4382,#4113,#27,.T.);
#5389=EDGE_CURVE('',#4382,#4383,#2143,.T.);
#5390=EDGE_CURVE('',#4384,#4383,#303,.T.);
#5391=EDGE_CURVE('',#4385,#4384,#2144,.T.);
#5392=EDGE_CURVE('',#4107,#4385,#304,.T.);
#5393=EDGE_CURVE('',#4112,#4386,#2145,.T.);
#5394=EDGE_CURVE('',#4382,#4386,#28,.F.);
#5395=EDGE_CURVE('',#4387,#4388,#29,.T.);
#5396=EDGE_CURVE('',#4388,#4158,#2146,.T.);
#5397=EDGE_CURVE('',#4157,#4387,#30,.T.);
#5398=EDGE_CURVE('',#4389,#4160,#305,.T.);
#5399=EDGE_CURVE('',#4390,#4389,#2147,.T.);
#5400=EDGE_CURVE('',#4391,#4390,#306,.T.);
#5401=EDGE_CURVE('',#4387,#4391,#2148,.T.);
#5402=EDGE_CURVE('',#4171,#4392,#2149,.T.);
#5403=EDGE_CURVE('',#4393,#4392,#31,.F.);
#5404=EDGE_CURVE('',#4393,#4168,#32,.T.);
#5405=EDGE_CURVE('',#4393,#4394,#2150,.T.);
#5406=EDGE_CURVE('',#4395,#4394,#307,.T.);
#5407=EDGE_CURVE('',#4395,#4396,#2151,.T.);
#5408=EDGE_CURVE('',#4397,#4396,#308,.T.);
#5409=EDGE_CURVE('',#4397,#4398,#2152,.T.);
#5410=EDGE_CURVE('',#4193,#4398,#2153,.T.);
#5411=EDGE_CURVE('',#4399,#4192,#309,.T.);
#5412=EDGE_CURVE('',#4400,#4399,#2154,.T.);
#5413=EDGE_CURVE('',#4169,#4400,#310,.T.);
#5414=EDGE_CURVE('',#4401,#4398,#311,.F.);
#5415=EDGE_CURVE('',#4401,#4402,#2155,.T.);
#5416=EDGE_CURVE('',#4177,#4402,#406,.F.);
#5417=EDGE_CURVE('',#4403,#4404,#312,.F.);
#5418=EDGE_CURVE('',#4403,#4244,#2156,.T.);
#5419=EDGE_CURVE('',#4243,#4404,#2157,.T.);
#5420=EDGE_CURVE('',#4405,#4406,#313,.F.);
#5421=EDGE_CURVE('',#4405,#4229,#2158,.T.);
#5422=EDGE_CURVE('',#4228,#4406,#2159,.T.);
#5423=EDGE_CURVE('',#4221,#4407,#2160,.T.);
#5424=EDGE_CURVE('',#4407,#4408,#314,.T.);
#5425=EDGE_CURVE('',#4408,#4222,#2161,.T.);
#5426=EDGE_CURVE('',#4409,#4410,#315,.F.);
#5427=EDGE_CURVE('',#4409,#4215,#2162,.T.);
#5428=EDGE_CURVE('',#4214,#4410,#2163,.T.);
#5429=EDGE_CURVE('',#4411,#4412,#316,.F.);
#5430=EDGE_CURVE('',#4411,#4413,#2164,.T.);
#5431=EDGE_CURVE('',#4189,#4413,#407,.F.);
#5432=EDGE_CURVE('',#4204,#4412,#2165,.T.);
#5433=EDGE_CURVE('',#4409,#4414,#2166,.T.);
#5434=EDGE_CURVE('',#4415,#4414,#317,.T.);
#5435=EDGE_CURVE('',#4415,#4416,#2167,.T.);
#5436=EDGE_CURVE('',#4417,#4416,#318,.T.);
#5437=EDGE_CURVE('',#4417,#4412,#2168,.T.);
#5438=EDGE_CURVE('',#4418,#4203,#319,.T.);
#5439=EDGE_CURVE('',#4419,#4418,#2169,.T.);
#5440=EDGE_CURVE('',#4216,#4419,#320,.T.);
#5441=EDGE_CURVE('',#4151,#4420,#2170,.T.);
#5442=EDGE_CURVE('',#4420,#4420,#321,.T.);
#5443=EDGE_CURVE('',#4420,#4421,#2171,.T.);
#5444=EDGE_CURVE('',#4421,#4421,#322,.T.);
#5445=EDGE_CURVE('',#4422,#4422,#323,.T.);
#5446=EDGE_CURVE('',#4422,#4190,#2172,.T.);
#5447=EDGE_CURVE('',#4354,#4289,#2173,.T.);
#5448=EDGE_CURVE('',#4276,#4423,#324,.T.);
#5449=EDGE_CURVE('',#4423,#4272,#2174,.T.);
#5450=EDGE_CURVE('',#4423,#4424,#2175,.T.);
#5451=EDGE_CURVE('',#4273,#4424,#2176,.T.);
#5452=EDGE_CURVE('',#4267,#4425,#325,.T.);
#5453=EDGE_CURVE('',#4425,#4263,#2177,.T.);
#5454=EDGE_CURVE('',#4290,#4353,#2178,.T.);
#5455=EDGE_CURVE('',#4352,#4291,#2179,.T.);
#5456=EDGE_CURVE('',#4348,#4144,#2180,.T.);
#5457=EDGE_CURVE('',#4424,#4426,#326,.T.);
#5458=EDGE_CURVE('',#4426,#4274,#2181,.T.);
#5459=EDGE_CURVE('',#4264,#4427,#2182,.T.);
#5460=EDGE_CURVE('',#4427,#4254,#327,.T.);
#5461=EDGE_CURVE('',#4425,#4427,#2183,.T.);
#5462=EDGE_CURVE('',#4341,#4428,#2184,.T.);
#5463=EDGE_CURVE('',#4429,#4428,#328,.T.);
#5464=EDGE_CURVE('',#4429,#4430,#2185,.T.);
#5465=EDGE_CURVE('',#4431,#4430,#329,.T.);
#5466=EDGE_CURVE('',#4431,#4339,#2186,.T.);
#5467=EDGE_CURVE('',#4258,#4429,#2187,.T.);
#5468=EDGE_CURVE('',#4428,#4259,#2188,.T.);
#5469=EDGE_CURVE('',#4430,#4257,#2189,.T.);
#5470=EDGE_CURVE('',#4286,#4356,#2190,.T.);
#5471=EDGE_CURVE('',#4355,#4287,#2191,.T.);
#5472=EDGE_CURVE('',#4357,#4285,#2192,.T.);
#5473=EDGE_CURVE('',#4256,#4431,#2193,.T.);
#5474=EDGE_CURVE('',#4149,#4340,#2194,.T.);
#5475=EDGE_CURVE('',#4371,#4324,#2195,.T.);
#5476=EDGE_CURVE('',#4323,#4372,#2196,.T.);
#5477=EDGE_CURVE('',#4432,#4433,#330,.T.);
#5478=EDGE_CURVE('',#4433,#4337,#2197,.T.);
#5479=EDGE_CURVE('',#4336,#4432,#2198,.T.);
#5480=EDGE_CURVE('',#4433,#4434,#2199,.T.);
#5481=EDGE_CURVE('',#4338,#4434,#2200,.T.);
#5482=EDGE_CURVE('',#4314,#4435,#331,.T.);
#5483=EDGE_CURVE('',#4435,#4310,#2201,.T.);
#5484=EDGE_CURVE('',#4325,#4370,#2202,.T.);
#5485=EDGE_CURVE('',#4434,#4333,#332,.T.);
#5486=EDGE_CURVE('',#4311,#4436,#2203,.T.);
#5487=EDGE_CURVE('',#4436,#4301,#333,.T.);
#5488=EDGE_CURVE('',#4435,#4436,#2204,.T.);
#5489=EDGE_CURVE('',#4360,#4437,#2205,.T.);
#5490=EDGE_CURVE('',#4438,#4437,#334,.T.);
#5491=EDGE_CURVE('',#4438,#4439,#2206,.T.);
#5492=EDGE_CURVE('',#4440,#4439,#335,.T.);
#5493=EDGE_CURVE('',#4440,#4358,#2207,.T.);
#5494=EDGE_CURVE('',#4305,#4438,#2208,.T.);
#5495=EDGE_CURVE('',#4437,#4306,#2209,.T.);
#5496=EDGE_CURVE('',#4439,#4304,#2210,.T.);
#5497=EDGE_CURVE('',#4328,#4374,#2211,.T.);
#5498=EDGE_CURVE('',#4373,#4329,#2212,.T.);
#5499=EDGE_CURVE('',#4375,#4327,#2213,.T.);
#5500=EDGE_CURVE('',#4326,#4376,#2214,.T.);
#5501=EDGE_CURVE('',#4133,#4365,#2215,.T.);
#5502=EDGE_CURVE('',#4303,#4440,#2216,.T.);
#5503=EDGE_CURVE('',#4139,#4359,#2217,.T.);
#5504=EDGE_CURVE('',#4245,#4441,#336,.T.);
#5505=EDGE_CURVE('',#4441,#4240,#2218,.T.);
#5506=EDGE_CURVE('',#4442,#4443,#337,.T.);
#5507=EDGE_CURVE('',#4443,#4224,#2219,.T.);
#5508=EDGE_CURVE('',#4223,#4442,#2220,.T.);
#5509=EDGE_CURVE('',#4443,#4444,#2221,.T.);
#5510=EDGE_CURVE('',#4225,#4444,#2222,.T.);
#5511=EDGE_CURVE('',#4419,#4212,#2223,.T.);
#5512=EDGE_CURVE('',#4241,#4445,#2224,.T.);
#5513=EDGE_CURVE('',#4445,#4446,#338,.T.);
#5514=EDGE_CURVE('',#4446,#4242,#2225,.T.);
#5515=EDGE_CURVE('',#4405,#4446,#2226,.T.);
#5516=EDGE_CURVE('',#4406,#4124,#2227,.T.);
#5517=EDGE_CURVE('',#4403,#4447,#2228,.T.);
#5518=EDGE_CURVE('',#4448,#4447,#339,.T.);
#5519=EDGE_CURVE('',#4448,#4449,#2229,.T.);
#5520=EDGE_CURVE('',#4230,#4449,#340,.T.);
#5521=EDGE_CURVE('',#4441,#4445,#2230,.T.);
#5522=EDGE_CURVE('',#4444,#4220,#341,.T.);
#5523=EDGE_CURVE('',#4213,#4418,#2231,.T.);
#5524=EDGE_CURVE('',#4207,#4415,#2232,.T.);
#5525=EDGE_CURVE('',#4414,#4208,#2233,.T.);
#5526=EDGE_CURVE('',#4416,#4206,#2234,.T.);
#5527=EDGE_CURVE('',#4237,#4448,#2235,.T.);
#5528=EDGE_CURVE('',#4447,#4238,#2236,.T.);
#5529=EDGE_CURVE('',#4449,#4236,#2237,.T.);
#5530=EDGE_CURVE('',#4205,#4417,#2238,.T.);
#5531=EDGE_CURVE('',#4129,#4411,#2239,.F.);
#5532=EDGE_CURVE('',#4400,#4194,#2240,.T.);
#5533=EDGE_CURVE('',#4196,#4397,#2241,.T.);
#5534=EDGE_CURVE('',#4396,#4197,#2242,.T.);
#5535=EDGE_CURVE('',#4119,#4401,#2243,.F.);
#5536=EDGE_CURVE('',#4195,#4399,#2244,.T.);
#5537=EDGE_CURVE('',#4198,#4395,#2245,.T.);
#5538=EDGE_CURVE('',#4394,#4199,#2246,.T.);
#5539=EDGE_CURVE('',#4103,#4380,#2247,.T.);
#5540=EDGE_CURVE('',#4379,#4104,#2248,.T.);
#5541=EDGE_CURVE('',#4381,#4102,#2249,.T.);
#5542=EDGE_CURVE('',#4097,#4384,#2250,.T.);
#5543=EDGE_CURVE('',#4383,#4098,#2251,.T.);
#5544=EDGE_CURVE('',#4385,#4096,#2252,.T.);
#5545=EDGE_CURVE('',#4163,#4389,#2253,.T.);
#5546=EDGE_CURVE('',#4390,#4162,#2254,.T.);
#5547=EDGE_CURVE('',#4161,#4391,#2255,.T.);
#5548=EDGE_CURVE('',#4115,#4388,#2256,.T.);
#5549=EDGE_CURVE('',#4450,#4387,#2257,.T.);
#5550=EDGE_CURVE('',#4450,#4153,#2258,.T.);
#5551=EDGE_CURVE('',#4109,#4451,#2259,.T.);
#5552=EDGE_CURVE('',#4451,#4382,#2260,.T.);
#5553=EDGE_CURVE('',#4386,#4110,#2261,.T.);
#5554=EDGE_CURVE('',#4377,#4092,#2262,.T.);
#5555=EDGE_CURVE('',#4402,#4108,#2263,.F.);
#5556=EDGE_CURVE('',#4392,#4118,#2264,.T.);
#5557=EDGE_CURVE('',#4404,#4122,#2265,.T.);
#5558=EDGE_CURVE('',#4413,#4246,#2266,.F.);
#5559=EDGE_CURVE('',#4410,#4128,#2267,.T.);
#5560=EDGE_CURVE('',#4125,#4408,#2268,.T.);
#5561=EDGE_CURVE('',#4145,#4346,#2269,.T.);
#5562=EDGE_CURVE('',#4275,#4345,#2270,.T.);
#5563=EDGE_CURVE('',#4349,#4142,#2271,.T.);
#5564=EDGE_CURVE('',#4342,#4148,#2272,.T.);
#5565=EDGE_CURVE('',#4344,#4146,#2273,.T.);
#5566=EDGE_CURVE('',#4351,#4252,#2274,.T.);
#5567=EDGE_CURVE('',#4361,#4138,#2275,.T.);
#5568=EDGE_CURVE('',#4135,#4363,#2276,.T.);
#5569=EDGE_CURVE('',#4366,#4132,#2277,.T.);
#5570=EDGE_CURVE('',#4369,#4299,#2278,.T.);
#5571=EDGE_CURVE('',#4407,#4442,#2279,.T.);
#5572=EDGE_CURVE('',#4362,#4432,#2280,.T.);
#5573=EDGE_CURVE('',#4343,#4426,#2281,.T.);
#5574=EDGE_CURVE('',#4452,#4453,#2282,.T.);
#5575=EDGE_CURVE('',#4453,#4454,#408,.T.);
#5576=EDGE_CURVE('',#4454,#4455,#2283,.T.);
#5577=EDGE_CURVE('',#4452,#4455,#409,.T.);
#5578=EDGE_CURVE('',#4453,#4456,#2284,.T.);
#5579=EDGE_CURVE('',#4456,#4457,#410,.T.);
#5580=EDGE_CURVE('',#4457,#4454,#2285,.T.);
#5581=EDGE_CURVE('',#4456,#4458,#2286,.T.);
#5582=EDGE_CURVE('',#4458,#4459,#411,.T.);
#5583=EDGE_CURVE('',#4459,#4457,#2287,.T.);
#5584=EDGE_CURVE('',#4455,#4459,#2288,.T.);
#5585=EDGE_CURVE('',#4458,#4452,#2289,.T.);
#5586=EDGE_CURVE('',#4460,#4455,#2290,.T.);
#5587=EDGE_CURVE('',#4461,#4460,#2291,.T.);
#5588=EDGE_CURVE('',#4461,#4459,#2292,.T.);
#5589=EDGE_CURVE('',#4462,#4454,#2293,.T.);
#5590=EDGE_CURVE('',#4460,#4462,#2294,.T.);
#5591=EDGE_CURVE('',#4463,#4464,#2295,.T.);
#5592=EDGE_CURVE('',#4464,#4465,#412,.T.);
#5593=EDGE_CURVE('',#4465,#4466,#2296,.T.);
#5594=EDGE_CURVE('',#4463,#4466,#413,.T.);
#5595=EDGE_CURVE('',#4467,#4465,#2297,.T.);
#5596=EDGE_CURVE('',#4464,#4468,#2298,.T.);
#5597=EDGE_CURVE('',#4468,#4467,#414,.T.);
#5598=EDGE_CURVE('',#4469,#4467,#2299,.T.);
#5599=EDGE_CURVE('',#4468,#4470,#2300,.T.);
#5600=EDGE_CURVE('',#4470,#4469,#415,.T.);
#5601=EDGE_CURVE('',#4466,#4469,#2301,.T.);
#5602=EDGE_CURVE('',#4470,#4463,#2302,.T.);
#5603=EDGE_CURVE('',#4471,#4466,#2303,.T.);
#5604=EDGE_CURVE('',#4472,#4471,#2304,.T.);
#5605=EDGE_CURVE('',#4472,#4469,#2305,.T.);
#5606=EDGE_CURVE('',#4473,#4465,#2306,.T.);
#5607=EDGE_CURVE('',#4471,#4473,#2307,.T.);
#5608=EDGE_CURVE('',#4474,#4475,#342,.T.);
#5609=EDGE_CURVE('',#4474,#4476,#2308,.T.);
#5610=EDGE_CURVE('',#4476,#4477,#2309,.T.);
#5611=EDGE_CURVE('',#4477,#4475,#2310,.T.);
#5612=EDGE_CURVE('',#4473,#4478,#2311,.T.);
#5613=EDGE_CURVE('',#4478,#4472,#2312,.T.);
#5614=EDGE_CURVE('',#4479,#4480,#343,.T.);
#5615=EDGE_CURVE('',#4480,#4474,#2313,.T.);
#5616=EDGE_CURVE('',#4475,#4479,#2314,.T.);
#5617=EDGE_CURVE('',#4481,#4480,#2315,.T.);
#5618=EDGE_CURVE('',#4476,#4481,#2316,.T.);
#5619=EDGE_CURVE('',#4478,#4467,#2317,.T.);
#5620=EDGE_CURVE('',#4482,#4457,#2318,.T.);
#5621=EDGE_CURVE('',#4462,#4482,#2319,.T.);
#5622=EDGE_CURVE('',#4482,#4461,#2320,.T.);
#5623=EDGE_CURVE('',#4477,#4483,#2321,.T.);
#5624=EDGE_CURVE('',#4479,#4483,#2322,.T.);
#5625=EDGE_CURVE('',#4483,#4481,#2323,.T.);
#5626=EDGE_CURVE('',#4484,#4485,#2324,.T.);
#5627=EDGE_CURVE('',#4485,#4486,#416,.T.);
#5628=EDGE_CURVE('',#4486,#4487,#2325,.T.);
#5629=EDGE_CURVE('',#4484,#4487,#417,.T.);
#5630=EDGE_CURVE('',#4485,#4488,#2326,.T.);
#5631=EDGE_CURVE('',#4488,#4489,#418,.T.);
#5632=EDGE_CURVE('',#4489,#4486,#2327,.T.);
#5633=EDGE_CURVE('',#4488,#4490,#2328,.T.);
#5634=EDGE_CURVE('',#4490,#4491,#419,.T.);
#5635=EDGE_CURVE('',#4491,#4489,#2329,.T.);
#5636=EDGE_CURVE('',#4487,#4491,#2330,.T.);
#5637=EDGE_CURVE('',#4490,#4484,#2331,.T.);
#5638=EDGE_CURVE('',#4492,#4487,#2332,.T.);
#5639=EDGE_CURVE('',#4493,#4492,#2333,.T.);
#5640=EDGE_CURVE('',#4493,#4491,#2334,.T.);
#5641=EDGE_CURVE('',#4494,#4486,#2335,.T.);
#5642=EDGE_CURVE('',#4492,#4494,#2336,.T.);
#5643=EDGE_CURVE('',#4495,#4496,#2337,.T.);
#5644=EDGE_CURVE('',#4496,#4497,#420,.T.);
#5645=EDGE_CURVE('',#4497,#4498,#2338,.T.);
#5646=EDGE_CURVE('',#4495,#4498,#421,.T.);
#5647=EDGE_CURVE('',#4499,#4497,#2339,.T.);
#5648=EDGE_CURVE('',#4496,#4500,#2340,.T.);
#5649=EDGE_CURVE('',#4500,#4499,#422,.T.);
#5650=EDGE_CURVE('',#4501,#4499,#2341,.T.);
#5651=EDGE_CURVE('',#4500,#4502,#2342,.T.);
#5652=EDGE_CURVE('',#4502,#4501,#423,.T.);
#5653=EDGE_CURVE('',#4498,#4501,#2343,.T.);
#5654=EDGE_CURVE('',#4502,#4495,#2344,.T.);
#5655=EDGE_CURVE('',#4503,#4498,#2345,.T.);
#5656=EDGE_CURVE('',#4504,#4503,#2346,.T.);
#5657=EDGE_CURVE('',#4504,#4501,#2347,.T.);
#5658=EDGE_CURVE('',#4505,#4497,#2348,.T.);
#5659=EDGE_CURVE('',#4503,#4505,#2349,.T.);
#5660=EDGE_CURVE('',#4506,#4507,#344,.T.);
#5661=EDGE_CURVE('',#4506,#4508,#2350,.T.);
#5662=EDGE_CURVE('',#4508,#4509,#2351,.T.);
#5663=EDGE_CURVE('',#4509,#4507,#2352,.T.);
#5664=EDGE_CURVE('',#4505,#4510,#2353,.T.);
#5665=EDGE_CURVE('',#4510,#4504,#2354,.T.);
#5666=EDGE_CURVE('',#4511,#4512,#345,.T.);
#5667=EDGE_CURVE('',#4512,#4506,#2355,.T.);
#5668=EDGE_CURVE('',#4507,#4511,#2356,.T.);
#5669=EDGE_CURVE('',#4513,#4512,#2357,.T.);
#5670=EDGE_CURVE('',#4508,#4513,#2358,.T.);
#5671=EDGE_CURVE('',#4510,#4499,#2359,.T.);
#5672=EDGE_CURVE('',#4514,#4489,#2360,.T.);
#5673=EDGE_CURVE('',#4494,#4514,#2361,.T.);
#5674=EDGE_CURVE('',#4514,#4493,#2362,.T.);
#5675=EDGE_CURVE('',#4509,#4515,#2363,.T.);
#5676=EDGE_CURVE('',#4511,#4515,#2364,.T.);
#5677=EDGE_CURVE('',#4515,#4513,#2365,.T.);
#5678=EDGE_CURVE('',#4516,#4517,#2366,.T.);
#5679=EDGE_CURVE('',#4517,#4518,#424,.T.);
#5680=EDGE_CURVE('',#4518,#4519,#2367,.T.);
#5681=EDGE_CURVE('',#4516,#4519,#425,.T.);
#5682=EDGE_CURVE('',#4517,#4520,#2368,.T.);
#5683=EDGE_CURVE('',#4520,#4521,#426,.T.);
#5684=EDGE_CURVE('',#4521,#4518,#2369,.T.);
#5685=EDGE_CURVE('',#4520,#4522,#2370,.T.);
#5686=EDGE_CURVE('',#4522,#4523,#427,.T.);
#5687=EDGE_CURVE('',#4523,#4521,#2371,.T.);
#5688=EDGE_CURVE('',#4519,#4523,#2372,.T.);
#5689=EDGE_CURVE('',#4522,#4516,#2373,.T.);
#5690=EDGE_CURVE('',#4524,#4519,#2374,.T.);
#5691=EDGE_CURVE('',#4525,#4524,#2375,.T.);
#5692=EDGE_CURVE('',#4525,#4523,#2376,.T.);
#5693=EDGE_CURVE('',#4526,#4518,#2377,.T.);
#5694=EDGE_CURVE('',#4524,#4526,#2378,.T.);
#5695=EDGE_CURVE('',#4527,#4528,#2379,.T.);
#5696=EDGE_CURVE('',#4528,#4529,#428,.T.);
#5697=EDGE_CURVE('',#4529,#4530,#2380,.T.);
#5698=EDGE_CURVE('',#4527,#4530,#429,.T.);
#5699=EDGE_CURVE('',#4531,#4529,#2381,.T.);
#5700=EDGE_CURVE('',#4528,#4532,#2382,.T.);
#5701=EDGE_CURVE('',#4532,#4531,#430,.T.);
#5702=EDGE_CURVE('',#4533,#4531,#2383,.T.);
#5703=EDGE_CURVE('',#4532,#4534,#2384,.T.);
#5704=EDGE_CURVE('',#4534,#4533,#431,.T.);
#5705=EDGE_CURVE('',#4530,#4533,#2385,.T.);
#5706=EDGE_CURVE('',#4534,#4527,#2386,.T.);
#5707=EDGE_CURVE('',#4535,#4530,#2387,.T.);
#5708=EDGE_CURVE('',#4536,#4535,#2388,.T.);
#5709=EDGE_CURVE('',#4536,#4533,#2389,.T.);
#5710=EDGE_CURVE('',#4537,#4529,#2390,.T.);
#5711=EDGE_CURVE('',#4535,#4537,#2391,.T.);
#5712=EDGE_CURVE('',#4538,#4539,#346,.T.);
#5713=EDGE_CURVE('',#4538,#4540,#2392,.T.);
#5714=EDGE_CURVE('',#4540,#4541,#2393,.T.);
#5715=EDGE_CURVE('',#4541,#4539,#2394,.T.);
#5716=EDGE_CURVE('',#4537,#4542,#2395,.T.);
#5717=EDGE_CURVE('',#4542,#4536,#2396,.T.);
#5718=EDGE_CURVE('',#4543,#4544,#347,.T.);
#5719=EDGE_CURVE('',#4544,#4538,#2397,.T.);
#5720=EDGE_CURVE('',#4539,#4543,#2398,.T.);
#5721=EDGE_CURVE('',#4545,#4544,#2399,.T.);
#5722=EDGE_CURVE('',#4540,#4545,#2400,.T.);
#5723=EDGE_CURVE('',#4542,#4531,#2401,.T.);
#5724=EDGE_CURVE('',#4546,#4521,#2402,.T.);
#5725=EDGE_CURVE('',#4526,#4546,#2403,.T.);
#5726=EDGE_CURVE('',#4546,#4525,#2404,.T.);
#5727=EDGE_CURVE('',#4541,#4547,#2405,.T.);
#5728=EDGE_CURVE('',#4543,#4547,#2406,.T.);
#5729=EDGE_CURVE('',#4547,#4545,#2407,.T.);
#5730=EDGE_CURVE('',#4548,#4549,#2408,.T.);
#5731=EDGE_CURVE('',#4549,#4550,#432,.T.);
#5732=EDGE_CURVE('',#4550,#4551,#2409,.T.);
#5733=EDGE_CURVE('',#4548,#4551,#433,.T.);
#5734=EDGE_CURVE('',#4549,#4552,#2410,.T.);
#5735=EDGE_CURVE('',#4552,#4553,#434,.T.);
#5736=EDGE_CURVE('',#4553,#4550,#2411,.T.);
#5737=EDGE_CURVE('',#4552,#4554,#2412,.T.);
#5738=EDGE_CURVE('',#4554,#4555,#435,.T.);
#5739=EDGE_CURVE('',#4555,#4553,#2413,.T.);
#5740=EDGE_CURVE('',#4551,#4555,#2414,.T.);
#5741=EDGE_CURVE('',#4554,#4548,#2415,.T.);
#5742=EDGE_CURVE('',#4556,#4551,#2416,.T.);
#5743=EDGE_CURVE('',#4557,#4556,#2417,.T.);
#5744=EDGE_CURVE('',#4557,#4555,#2418,.T.);
#5745=EDGE_CURVE('',#4558,#4550,#2419,.T.);
#5746=EDGE_CURVE('',#4556,#4558,#2420,.T.);
#5747=EDGE_CURVE('',#4559,#4560,#2421,.T.);
#5748=EDGE_CURVE('',#4560,#4561,#436,.T.);
#5749=EDGE_CURVE('',#4561,#4562,#2422,.T.);
#5750=EDGE_CURVE('',#4559,#4562,#437,.T.);
#5751=EDGE_CURVE('',#4563,#4561,#2423,.T.);
#5752=EDGE_CURVE('',#4560,#4564,#2424,.T.);
#5753=EDGE_CURVE('',#4564,#4563,#438,.T.);
#5754=EDGE_CURVE('',#4565,#4563,#2425,.T.);
#5755=EDGE_CURVE('',#4564,#4566,#2426,.T.);
#5756=EDGE_CURVE('',#4566,#4565,#439,.T.);
#5757=EDGE_CURVE('',#4562,#4565,#2427,.T.);
#5758=EDGE_CURVE('',#4566,#4559,#2428,.T.);
#5759=EDGE_CURVE('',#4567,#4562,#2429,.T.);
#5760=EDGE_CURVE('',#4568,#4567,#2430,.T.);
#5761=EDGE_CURVE('',#4568,#4565,#2431,.T.);
#5762=EDGE_CURVE('',#4569,#4561,#2432,.T.);
#5763=EDGE_CURVE('',#4567,#4569,#2433,.T.);
#5764=EDGE_CURVE('',#4570,#4571,#348,.T.);
#5765=EDGE_CURVE('',#4570,#4572,#2434,.T.);
#5766=EDGE_CURVE('',#4572,#4573,#2435,.T.);
#5767=EDGE_CURVE('',#4573,#4571,#2436,.T.);
#5768=EDGE_CURVE('',#4569,#4574,#2437,.T.);
#5769=EDGE_CURVE('',#4574,#4568,#2438,.T.);
#5770=EDGE_CURVE('',#4575,#4576,#349,.T.);
#5771=EDGE_CURVE('',#4576,#4570,#2439,.T.);
#5772=EDGE_CURVE('',#4571,#4575,#2440,.T.);
#5773=EDGE_CURVE('',#4577,#4576,#2441,.T.);
#5774=EDGE_CURVE('',#4572,#4577,#2442,.T.);
#5775=EDGE_CURVE('',#4574,#4563,#2443,.T.);
#5776=EDGE_CURVE('',#4578,#4553,#2444,.T.);
#5777=EDGE_CURVE('',#4558,#4578,#2445,.T.);
#5778=EDGE_CURVE('',#4578,#4557,#2446,.T.);
#5779=EDGE_CURVE('',#4573,#4579,#2447,.T.);
#5780=EDGE_CURVE('',#4575,#4579,#2448,.T.);
#5781=EDGE_CURVE('',#4579,#4577,#2449,.T.);
#5782=EDGE_CURVE('',#4580,#4581,#2450,.T.);
#5783=EDGE_CURVE('',#4581,#4582,#440,.T.);
#5784=EDGE_CURVE('',#4582,#4583,#2451,.T.);
#5785=EDGE_CURVE('',#4580,#4583,#441,.T.);
#5786=EDGE_CURVE('',#4581,#4584,#2452,.T.);
#5787=EDGE_CURVE('',#4584,#4585,#442,.T.);
#5788=EDGE_CURVE('',#4585,#4582,#2453,.T.);
#5789=EDGE_CURVE('',#4584,#4586,#2454,.T.);
#5790=EDGE_CURVE('',#4586,#4587,#443,.T.);
#5791=EDGE_CURVE('',#4587,#4585,#2455,.T.);
#5792=EDGE_CURVE('',#4583,#4587,#2456,.T.);
#5793=EDGE_CURVE('',#4586,#4580,#2457,.T.);
#5794=EDGE_CURVE('',#4588,#4583,#2458,.T.);
#5795=EDGE_CURVE('',#4589,#4588,#2459,.T.);
#5796=EDGE_CURVE('',#4589,#4587,#2460,.T.);
#5797=EDGE_CURVE('',#4590,#4582,#2461,.T.);
#5798=EDGE_CURVE('',#4588,#4590,#2462,.T.);
#5799=EDGE_CURVE('',#4591,#4592,#2463,.T.);
#5800=EDGE_CURVE('',#4592,#4593,#444,.T.);
#5801=EDGE_CURVE('',#4593,#4594,#2464,.T.);
#5802=EDGE_CURVE('',#4591,#4594,#445,.T.);
#5803=EDGE_CURVE('',#4595,#4593,#2465,.T.);
#5804=EDGE_CURVE('',#4592,#4596,#2466,.T.);
#5805=EDGE_CURVE('',#4596,#4595,#446,.T.);
#5806=EDGE_CURVE('',#4597,#4595,#2467,.T.);
#5807=EDGE_CURVE('',#4596,#4598,#2468,.T.);
#5808=EDGE_CURVE('',#4598,#4597,#447,.T.);
#5809=EDGE_CURVE('',#4594,#4597,#2469,.T.);
#5810=EDGE_CURVE('',#4598,#4591,#2470,.T.);
#5811=EDGE_CURVE('',#4599,#4594,#2471,.T.);
#5812=EDGE_CURVE('',#4600,#4599,#2472,.T.);
#5813=EDGE_CURVE('',#4600,#4597,#2473,.T.);
#5814=EDGE_CURVE('',#4601,#4593,#2474,.T.);
#5815=EDGE_CURVE('',#4599,#4601,#2475,.T.);
#5816=EDGE_CURVE('',#4602,#4603,#350,.T.);
#5817=EDGE_CURVE('',#4602,#4604,#2476,.T.);
#5818=EDGE_CURVE('',#4604,#4605,#2477,.T.);
#5819=EDGE_CURVE('',#4605,#4603,#2478,.T.);
#5820=EDGE_CURVE('',#4601,#4606,#2479,.T.);
#5821=EDGE_CURVE('',#4606,#4600,#2480,.T.);
#5822=EDGE_CURVE('',#4607,#4608,#351,.T.);
#5823=EDGE_CURVE('',#4608,#4602,#2481,.T.);
#5824=EDGE_CURVE('',#4603,#4607,#2482,.T.);
#5825=EDGE_CURVE('',#4609,#4608,#2483,.T.);
#5826=EDGE_CURVE('',#4604,#4609,#2484,.T.);
#5827=EDGE_CURVE('',#4606,#4595,#2485,.T.);
#5828=EDGE_CURVE('',#4610,#4585,#2486,.T.);
#5829=EDGE_CURVE('',#4590,#4610,#2487,.T.);
#5830=EDGE_CURVE('',#4610,#4589,#2488,.T.);
#5831=EDGE_CURVE('',#4605,#4611,#2489,.T.);
#5832=EDGE_CURVE('',#4607,#4611,#2490,.T.);
#5833=EDGE_CURVE('',#4611,#4609,#2491,.T.);
#5834=EDGE_CURVE('',#4612,#4613,#2492,.T.);
#5835=EDGE_CURVE('',#4613,#4614,#448,.T.);
#5836=EDGE_CURVE('',#4614,#4615,#2493,.T.);
#5837=EDGE_CURVE('',#4612,#4615,#449,.T.);
#5838=EDGE_CURVE('',#4613,#4616,#2494,.T.);
#5839=EDGE_CURVE('',#4616,#4617,#450,.T.);
#5840=EDGE_CURVE('',#4617,#4614,#2495,.T.);
#5841=EDGE_CURVE('',#4616,#4618,#2496,.T.);
#5842=EDGE_CURVE('',#4618,#4619,#451,.T.);
#5843=EDGE_CURVE('',#4619,#4617,#2497,.T.);
#5844=EDGE_CURVE('',#4615,#4619,#2498,.T.);
#5845=EDGE_CURVE('',#4618,#4612,#2499,.T.);
#5846=EDGE_CURVE('',#4620,#4615,#2500,.T.);
#5847=EDGE_CURVE('',#4621,#4620,#2501,.T.);
#5848=EDGE_CURVE('',#4621,#4619,#2502,.T.);
#5849=EDGE_CURVE('',#4622,#4614,#2503,.T.);
#5850=EDGE_CURVE('',#4620,#4622,#2504,.T.);
#5851=EDGE_CURVE('',#4623,#4624,#2505,.T.);
#5852=EDGE_CURVE('',#4624,#4625,#452,.T.);
#5853=EDGE_CURVE('',#4625,#4626,#2506,.T.);
#5854=EDGE_CURVE('',#4623,#4626,#453,.T.);
#5855=EDGE_CURVE('',#4627,#4625,#2507,.T.);
#5856=EDGE_CURVE('',#4624,#4628,#2508,.T.);
#5857=EDGE_CURVE('',#4628,#4627,#454,.T.);
#5858=EDGE_CURVE('',#4629,#4627,#2509,.T.);
#5859=EDGE_CURVE('',#4628,#4630,#2510,.T.);
#5860=EDGE_CURVE('',#4630,#4629,#455,.T.);
#5861=EDGE_CURVE('',#4626,#4629,#2511,.T.);
#5862=EDGE_CURVE('',#4630,#4623,#2512,.T.);
#5863=EDGE_CURVE('',#4631,#4626,#2513,.T.);
#5864=EDGE_CURVE('',#4632,#4631,#2514,.T.);
#5865=EDGE_CURVE('',#4632,#4629,#2515,.T.);
#5866=EDGE_CURVE('',#4633,#4625,#2516,.T.);
#5867=EDGE_CURVE('',#4631,#4633,#2517,.T.);
#5868=EDGE_CURVE('',#4634,#4635,#352,.T.);
#5869=EDGE_CURVE('',#4634,#4636,#2518,.T.);
#5870=EDGE_CURVE('',#4636,#4637,#2519,.T.);
#5871=EDGE_CURVE('',#4637,#4635,#2520,.T.);
#5872=EDGE_CURVE('',#4633,#4638,#2521,.T.);
#5873=EDGE_CURVE('',#4638,#4632,#2522,.T.);
#5874=EDGE_CURVE('',#4639,#4640,#353,.T.);
#5875=EDGE_CURVE('',#4640,#4634,#2523,.T.);
#5876=EDGE_CURVE('',#4635,#4639,#2524,.T.);
#5877=EDGE_CURVE('',#4641,#4640,#2525,.T.);
#5878=EDGE_CURVE('',#4636,#4641,#2526,.T.);
#5879=EDGE_CURVE('',#4638,#4627,#2527,.T.);
#5880=EDGE_CURVE('',#4642,#4617,#2528,.T.);
#5881=EDGE_CURVE('',#4622,#4642,#2529,.T.);
#5882=EDGE_CURVE('',#4642,#4621,#2530,.T.);
#5883=EDGE_CURVE('',#4637,#4643,#2531,.T.);
#5884=EDGE_CURVE('',#4639,#4643,#2532,.T.);
#5885=EDGE_CURVE('',#4643,#4641,#2533,.T.);
#5886=EDGE_CURVE('',#4644,#4645,#2534,.T.);
#5887=EDGE_CURVE('',#4646,#4644,#2535,.T.);
#5888=EDGE_CURVE('',#4646,#4647,#2536,.T.);
#5889=EDGE_CURVE('',#4645,#4647,#2537,.T.);
#5890=EDGE_CURVE('',#4645,#4648,#2538,.T.);
#5891=EDGE_CURVE('',#4649,#4647,#2539,.T.);
#5892=EDGE_CURVE('',#4648,#4649,#2540,.T.);
#5893=EDGE_CURVE('',#4650,#4651,#2541,.T.);
#5894=EDGE_CURVE('',#4652,#4650,#2542,.T.);
#5895=EDGE_CURVE('',#4652,#4646,#2543,.T.);
#5896=EDGE_CURVE('',#4651,#4646,#2544,.T.);
#5897=EDGE_CURVE('',#4651,#4653,#2545,.T.);
#5898=EDGE_CURVE('',#4654,#4646,#2546,.T.);
#5899=EDGE_CURVE('',#4653,#4654,#2547,.T.);
#5900=EDGE_CURVE('',#4655,#4656,#2548,.T.);
#5901=EDGE_CURVE('',#4655,#4657,#2549,.T.);
#5902=EDGE_CURVE('',#4657,#4652,#2550,.T.);
#5903=EDGE_CURVE('',#4656,#4652,#2551,.T.);
#5904=EDGE_CURVE('',#4656,#4658,#2552,.T.);
#5905=EDGE_CURVE('',#4659,#4652,#2553,.T.);
#5906=EDGE_CURVE('',#4658,#4659,#2554,.T.);
#5907=EDGE_CURVE('',#4660,#4661,#2555,.T.);
#5908=EDGE_CURVE('',#4662,#4660,#2556,.T.);
#5909=EDGE_CURVE('',#4662,#4657,#2557,.T.);
#5910=EDGE_CURVE('',#4657,#4661,#2558,.T.);
#5911=EDGE_CURVE('',#4661,#4663,#2559,.T.);
#5912=EDGE_CURVE('',#4664,#4657,#2560,.T.);
#5913=EDGE_CURVE('',#4663,#4664,#2561,.T.);
#5914=EDGE_CURVE('',#4665,#4666,#2562,.T.);
#5915=EDGE_CURVE('',#4667,#4665,#2563,.T.);
#5916=EDGE_CURVE('',#4667,#4662,#2564,.T.);
#5917=EDGE_CURVE('',#4666,#4662,#2565,.T.);
#5918=EDGE_CURVE('',#4666,#4668,#2566,.T.);
#5919=EDGE_CURVE('',#4669,#4662,#2567,.T.);
#5920=EDGE_CURVE('',#4668,#4669,#2568,.T.);
#5921=EDGE_CURVE('',#4670,#4671,#2569,.T.);
#5922=EDGE_CURVE('',#4670,#4672,#2570,.T.);
#5923=EDGE_CURVE('',#4672,#4667,#2571,.T.);
#5924=EDGE_CURVE('',#4671,#4667,#2572,.T.);
#5925=EDGE_CURVE('',#4671,#4673,#2573,.T.);
#5926=EDGE_CURVE('',#4674,#4667,#2574,.T.);
#5927=EDGE_CURVE('',#4673,#4674,#2575,.T.);
#5928=EDGE_CURVE('',#4675,#4676,#2576,.T.);
#5929=EDGE_CURVE('',#4677,#4675,#2577,.T.);
#5930=EDGE_CURVE('',#4678,#4677,#2578,.T.);
#5931=EDGE_CURVE('',#4676,#4678,#2579,.T.);
#5932=EDGE_CURVE('',#4676,#4679,#2580,.T.);
#5933=EDGE_CURVE('',#4678,#4674,#2581,.T.);
#5934=EDGE_CURVE('',#4679,#4674,#2582,.T.);
#5935=EDGE_CURVE('',#4680,#4681,#2583,.T.);
#5936=EDGE_CURVE('',#4680,#4682,#2584,.T.);
#5937=EDGE_CURVE('',#4677,#4682,#2585,.T.);
#5938=EDGE_CURVE('',#4681,#4677,#2586,.T.);
#5939=EDGE_CURVE('',#4681,#4683,#2587,.T.);
#5940=EDGE_CURVE('',#4677,#4669,#2588,.T.);
#5941=EDGE_CURVE('',#4683,#4669,#2589,.T.);
#5942=EDGE_CURVE('',#4684,#4685,#2590,.T.);
#5943=EDGE_CURVE('',#4686,#4684,#2591,.T.);
#5944=EDGE_CURVE('',#4682,#4686,#2592,.T.);
#5945=EDGE_CURVE('',#4682,#4685,#2593,.T.);
#5946=EDGE_CURVE('',#4685,#4687,#2594,.T.);
#5947=EDGE_CURVE('',#4682,#4664,#2595,.T.);
#5948=EDGE_CURVE('',#4687,#4664,#2596,.T.);
#5949=EDGE_CURVE('',#4688,#4689,#2597,.T.);
#5950=EDGE_CURVE('',#4690,#4688,#2598,.T.);
#5951=EDGE_CURVE('',#4686,#4690,#2599,.T.);
#5952=EDGE_CURVE('',#4689,#4686,#2600,.T.);
#5953=EDGE_CURVE('',#4689,#4691,#2601,.T.);
#5954=EDGE_CURVE('',#4686,#4659,#2602,.T.);
#5955=EDGE_CURVE('',#4691,#4659,#2603,.T.);
#5956=EDGE_CURVE('',#4692,#4693,#2604,.T.);
#5957=EDGE_CURVE('',#4672,#4692,#2605,.T.);
#5958=EDGE_CURVE('',#4672,#4694,#2606,.T.);
#5959=EDGE_CURVE('',#4693,#4694,#2607,.T.);
#5960=EDGE_CURVE('',#4693,#4695,#2608,.T.);
#5961=EDGE_CURVE('',#4694,#4696,#2609,.T.);
#5962=EDGE_CURVE('',#4695,#4696,#2610,.T.);
#5963=EDGE_CURVE('',#4697,#4698,#2611,.T.);
#5964=EDGE_CURVE('',#4697,#4699,#2612,.T.);
#5965=EDGE_CURVE('',#4662,#4699,#2613,.T.);
#5966=EDGE_CURVE('',#4662,#4698,#2614,.T.);
#5967=EDGE_CURVE('',#4698,#4700,#2615,.T.);
#5968=EDGE_CURVE('',#4700,#4667,#2616,.T.);
#5969=EDGE_CURVE('',#4701,#4702,#2617,.T.);
#5970=EDGE_CURVE('',#4701,#4703,#2618,.T.);
#5971=EDGE_CURVE('',#4699,#4703,#2619,.T.);
#5972=EDGE_CURVE('',#4699,#4702,#2620,.T.);
#5973=EDGE_CURVE('',#4702,#4704,#2621,.T.);
#5974=EDGE_CURVE('',#4696,#4699,#2622,.T.);
#5975=EDGE_CURVE('',#4704,#4696,#2623,.T.);
#5976=EDGE_CURVE('',#4705,#4706,#2624,.T.);
#5977=EDGE_CURVE('',#4705,#4707,#2625,.T.);
#5978=EDGE_CURVE('',#4707,#4708,#2626,.T.);
#5979=EDGE_CURVE('',#4706,#4708,#2627,.T.);
#5980=EDGE_CURVE('',#4706,#4709,#2628,.T.);
#5981=EDGE_CURVE('',#4708,#4710,#2629,.T.);
#5982=EDGE_CURVE('',#4709,#4710,#2630,.T.);
#5983=EDGE_CURVE('',#4711,#4712,#2631,.T.);
#5984=EDGE_CURVE('',#4713,#4711,#2632,.T.);
#5985=EDGE_CURVE('',#4713,#4707,#2633,.T.);
#5986=EDGE_CURVE('',#4707,#4712,#2634,.T.);
#5987=EDGE_CURVE('',#4712,#4714,#2635,.T.);
#5988=EDGE_CURVE('',#4707,#4715,#2636,.T.);
#5989=EDGE_CURVE('',#4714,#4715,#2637,.T.);
#5990=EDGE_CURVE('',#4716,#4717,#2638,.T.);
#5991=EDGE_CURVE('',#4657,#4716,#2639,.T.);
#5992=EDGE_CURVE('',#4657,#4713,#2640,.T.);
#5993=EDGE_CURVE('',#4717,#4713,#2641,.T.);
#5994=EDGE_CURVE('',#4717,#4718,#2642,.T.);
#5995=EDGE_CURVE('',#4713,#4719,#2643,.T.);
#5996=EDGE_CURVE('',#4718,#4719,#2644,.T.);
#5997=EDGE_CURVE('',#4720,#4721,#2645,.T.);
#5998=EDGE_CURVE('',#4720,#4722,#2646,.T.);
#5999=EDGE_CURVE('',#4722,#4682,#2647,.T.);
#6000=EDGE_CURVE('',#4721,#4682,#2648,.T.);
#6001=EDGE_CURVE('',#4721,#4723,#2649,.T.);
#6002=EDGE_CURVE('',#4723,#4686,#2650,.T.);
#6003=EDGE_CURVE('',#4724,#4725,#2651,.T.);
#6004=EDGE_CURVE('',#4724,#4726,#2652,.T.);
#6005=EDGE_CURVE('',#4646,#4726,#2653,.T.);
#6006=EDGE_CURVE('',#4646,#4725,#2654,.T.);
#6007=EDGE_CURVE('',#4725,#4727,#2655,.T.);
#6008=EDGE_CURVE('',#4727,#4652,#2656,.T.);
#6009=EDGE_CURVE('',#4728,#4729,#2657,.T.);
#6010=EDGE_CURVE('',#4728,#4730,#2658,.T.);
#6011=EDGE_CURVE('',#4726,#4730,#2659,.T.);
#6012=EDGE_CURVE('',#4726,#4729,#2660,.T.);
#6013=EDGE_CURVE('',#4729,#4731,#2661,.T.);
#6014=EDGE_CURVE('',#4719,#4726,#2662,.T.);
#6015=EDGE_CURVE('',#4731,#4719,#2663,.T.);
#6016=EDGE_CURVE('',#4732,#4733,#2664,.T.);
#6017=EDGE_CURVE('',#4686,#4732,#2665,.T.);
#6018=EDGE_CURVE('',#4733,#4690,#2666,.T.);
#6019=EDGE_CURVE('',#4734,#4735,#2667,.T.);
#6020=EDGE_CURVE('',#4707,#4734,#2668,.T.);
#6021=EDGE_CURVE('',#4703,#4707,#2669,.T.);
#6022=EDGE_CURVE('',#4735,#4703,#2670,.T.);
#6023=EDGE_CURVE('',#4735,#4736,#2671,.T.);
#6024=EDGE_CURVE('',#4703,#4737,#2672,.T.);
#6025=EDGE_CURVE('',#4736,#4737,#2673,.T.);
#6026=EDGE_CURVE('',#4738,#4739,#2674,.T.);
#6027=EDGE_CURVE('',#4678,#4738,#2675,.T.);
#6028=EDGE_CURVE('',#4739,#4677,#2676,.T.);
#6029=EDGE_CURVE('',#4740,#4741,#2677,.T.);
#6030=EDGE_CURVE('',#4740,#4707,#2678,.T.);
#6031=EDGE_CURVE('',#4741,#4713,#2679,.T.);
#6032=EDGE_CURVE('',#4741,#4742,#2680,.T.);
#6033=EDGE_CURVE('',#4699,#4713,#2681,.T.);
#6034=EDGE_CURVE('',#4742,#4699,#2682,.T.);
#6035=EDGE_CURVE('',#4743,#4744,#2683,.T.);
#6036=EDGE_CURVE('',#4713,#4743,#2684,.T.);
#6037=EDGE_CURVE('',#4744,#4657,#2685,.T.);
#6038=EDGE_CURVE('',#4744,#4745,#2686,.T.);
#6039=EDGE_CURVE('',#4745,#4662,#2687,.T.);
#6040=EDGE_CURVE('',#4746,#4747,#2688,.T.);
#6041=EDGE_CURVE('',#4682,#4746,#2689,.T.);
#6042=EDGE_CURVE('',#4722,#4747,#2690,.T.);
#6043=EDGE_CURVE('',#4747,#4748,#2691,.T.);
#6044=EDGE_CURVE('',#4749,#4722,#2692,.T.);
#6045=EDGE_CURVE('',#4748,#4749,#2693,.T.);
#6046=EDGE_CURVE('',#4750,#4751,#2694,.T.);
#6047=EDGE_CURVE('',#4750,#4646,#2695,.T.);
#6048=EDGE_CURVE('',#4726,#4751,#2696,.T.);
#6049=EDGE_CURVE('',#4751,#4752,#2697,.T.);
#6050=EDGE_CURVE('',#4726,#4753,#2698,.T.);
#6051=EDGE_CURVE('',#4752,#4753,#2699,.T.);
#6052=EDGE_CURVE('',#4754,#4755,#2700,.T.);
#6053=EDGE_CURVE('',#4647,#4754,#2701,.T.);
#6054=EDGE_CURVE('',#4647,#4756,#2702,.T.);
#6055=EDGE_CURVE('',#4757,#4756,#33,.T.);
#6056=EDGE_CURVE('',#4755,#4757,#34,.T.);
#6057=EDGE_CURVE('',#4756,#4758,#35,.T.);
#6058=EDGE_CURVE('',#4759,#4647,#2703,.T.);
#6059=EDGE_CURVE('',#4758,#4759,#2704,.T.);
#6060=EDGE_CURVE('',#4759,#4760,#2705,.T.);
#6061=EDGE_CURVE('',#4647,#4753,#2706,.T.);
#6062=EDGE_CURVE('',#4753,#4761,#2707,.T.);
#6063=EDGE_CURVE('',#4760,#4761,#36,.T.);
#6064=EDGE_CURVE('',#4761,#4762,#37,.T.);
#6065=EDGE_CURVE('',#4753,#4762,#2708,.T.);
#6066=EDGE_CURVE('',#4762,#4763,#38,.T.);
#6067=EDGE_CURVE('',#4763,#4753,#2709,.T.);
#6068=EDGE_CURVE('',#4763,#4764,#39,.T.);
#6069=EDGE_CURVE('',#4753,#4764,#2710,.T.);
#6070=EDGE_CURVE('',#4764,#4765,#40,.T.);
#6071=EDGE_CURVE('',#4753,#4766,#2711,.T.);
#6072=EDGE_CURVE('',#4765,#4766,#2712,.T.);
#6073=EDGE_CURVE('',#4766,#4767,#2713,.T.);
#6074=EDGE_CURVE('',#4767,#4726,#2714,.T.);
#6075=EDGE_CURVE('',#4767,#4768,#2715,.T.);
#6076=EDGE_CURVE('',#4730,#4768,#2716,.T.);
#6077=EDGE_CURVE('',#4768,#4769,#2717,.T.);
#6078=EDGE_CURVE('',#4730,#4770,#2718,.T.);
#6079=EDGE_CURVE('',#4769,#4770,#41,.T.);
#6080=EDGE_CURVE('',#4770,#4771,#42,.T.);
#6081=EDGE_CURVE('',#4772,#4730,#2719,.T.);
#6082=EDGE_CURVE('',#4771,#4772,#2720,.T.);
#6083=EDGE_CURVE('',#4733,#4773,#2721,.T.);
#6084=EDGE_CURVE('',#4774,#4690,#2722,.T.);
#6085=EDGE_CURVE('',#4775,#4774,#43,.T.);
#6086=EDGE_CURVE('',#4775,#4776,#2723,.T.);
#6087=EDGE_CURVE('',#4773,#4776,#44,.T.);
#6088=EDGE_CURVE('',#4772,#4777,#2724,.T.);
#6089=EDGE_CURVE('',#4730,#4778,#2725,.T.);
#6090=EDGE_CURVE('',#4777,#4778,#45,.T.);
#6091=EDGE_CURVE('',#4778,#4779,#46,.T.);
#6092=EDGE_CURVE('',#4730,#4780,#2726,.T.);
#6093=EDGE_CURVE('',#4779,#4780,#2727,.T.);
#6094=EDGE_CURVE('',#4780,#4781,#2728,.T.);
#6095=EDGE_CURVE('',#4715,#4730,#2729,.T.);
#6096=EDGE_CURVE('',#4781,#4715,#2730,.T.);
#6097=EDGE_CURVE('',#4781,#4782,#2731,.T.);
#6098=EDGE_CURVE('',#4715,#4710,#2732,.T.);
#6099=EDGE_CURVE('',#4710,#4782,#2733,.T.);
#6100=EDGE_CURVE('',#4782,#4783,#2734,.T.);
#6101=EDGE_CURVE('',#4710,#4784,#2735,.T.);
#6102=EDGE_CURVE('',#4783,#4784,#47,.T.);
#6103=EDGE_CURVE('',#4784,#4785,#48,.T.);
#6104=EDGE_CURVE('',#4785,#4710,#2736,.T.);
#6105=EDGE_CURVE('',#4785,#4786,#49,.T.);
#6106=EDGE_CURVE('',#4710,#4786,#2737,.T.);
#6107=EDGE_CURVE('',#4786,#4787,#50,.T.);
#6108=EDGE_CURVE('',#4710,#4787,#2738,.T.);
#6109=EDGE_CURVE('',#4787,#4788,#51,.T.);
#6110=EDGE_CURVE('',#4708,#4789,#2739,.T.);
#6111=EDGE_CURVE('',#4788,#4789,#2740,.T.);
#6112=EDGE_CURVE('',#4789,#4790,#2741,.T.);
#6113=EDGE_CURVE('',#4708,#4791,#2742,.T.);
#6114=EDGE_CURVE('',#4790,#4791,#52,.T.);
#6115=EDGE_CURVE('',#4791,#4792,#53,.T.);
#6116=EDGE_CURVE('',#4793,#4708,#2743,.T.);
#6117=EDGE_CURVE('',#4792,#4793,#2744,.T.);
#6118=EDGE_CURVE('',#4793,#4794,#2745,.T.);
#6119=EDGE_CURVE('',#4737,#4708,#2746,.T.);
#6120=EDGE_CURVE('',#4737,#4795,#2747,.T.);
#6121=EDGE_CURVE('',#4794,#4795,#54,.T.);
#6122=EDGE_CURVE('',#4796,#4797,#55,.T.);
#6123=EDGE_CURVE('',#4796,#4798,#2748,.T.);
#6124=EDGE_CURVE('',#4799,#4798,#56,.T.);
#6125=EDGE_CURVE('',#4799,#4678,#2749,.T.);
#6126=EDGE_CURVE('',#4797,#4738,#2750,.T.);
#6127=EDGE_CURVE('',#4795,#4800,#57,.T.);
#6128=EDGE_CURVE('',#4737,#4800,#2751,.T.);
#6129=EDGE_CURVE('',#4800,#4801,#58,.T.);
#6130=EDGE_CURVE('',#4801,#4737,#2752,.T.);
#6131=EDGE_CURVE('',#4801,#4802,#59,.T.);
#6132=EDGE_CURVE('',#4802,#4737,#2753,.T.);
#6133=EDGE_CURVE('',#4802,#4803,#60,.T.);
#6134=EDGE_CURVE('',#4737,#4804,#2754,.T.);
#6135=EDGE_CURVE('',#4803,#4804,#2755,.T.);
#6136=EDGE_CURVE('',#4804,#4805,#2756,.T.);
#6137=EDGE_CURVE('',#4703,#4805,#2757,.T.);
#6138=EDGE_CURVE('',#4805,#4806,#2758,.T.);
#6139=EDGE_CURVE('',#4807,#4703,#2759,.T.);
#6140=EDGE_CURVE('',#4806,#4807,#2760,.T.);
#6141=EDGE_CURVE('',#4806,#4808,#2761,.T.);
#6142=EDGE_CURVE('',#4807,#4809,#2762,.T.);
#6143=EDGE_CURVE('',#4808,#4809,#61,.T.);
#6144=EDGE_CURVE('',#4809,#4810,#62,.T.);
#6145=EDGE_CURVE('',#4807,#4811,#2763,.T.);
#6146=EDGE_CURVE('',#4810,#4811,#2764,.T.);
#6147=EDGE_CURVE('',#4811,#4812,#2765,.T.);
#6148=EDGE_CURVE('',#4813,#4807,#2766,.T.);
#6149=EDGE_CURVE('',#4812,#4813,#63,.T.);
#6150=EDGE_CURVE('',#4813,#4814,#64,.T.);
#6151=EDGE_CURVE('',#4815,#4807,#2767,.T.);
#6152=EDGE_CURVE('',#4814,#4815,#2768,.T.);
#6153=EDGE_CURVE('',#4815,#4816,#2769,.T.);
#6154=EDGE_CURVE('',#4696,#4807,#2770,.T.);
#6155=EDGE_CURVE('',#4696,#4816,#2771,.T.);
#6156=EDGE_CURVE('',#4816,#4817,#2772,.T.);
#6157=EDGE_CURVE('',#4694,#4817,#2773,.T.);
#6158=EDGE_CURVE('',#4817,#4818,#2774,.T.);
#6159=EDGE_CURVE('',#4694,#4819,#2775,.T.);
#6160=EDGE_CURVE('',#4818,#4819,#65,.T.);
#6161=EDGE_CURVE('',#4819,#4820,#66,.T.);
#6162=EDGE_CURVE('',#4820,#4694,#2776,.T.);
#6163=EDGE_CURVE('',#4820,#4821,#67,.T.);
#6164=EDGE_CURVE('',#4821,#4694,#2777,.T.);
#6165=EDGE_CURVE('',#4648,#4822,#2778,.T.);
#6166=EDGE_CURVE('',#4654,#4649,#2779,.T.);
#6167=EDGE_CURVE('',#4654,#4822,#2780,.T.);
#6168=EDGE_CURVE('',#4653,#4823,#2781,.T.);
#6169=EDGE_CURVE('',#4659,#4654,#2782,.T.);
#6170=EDGE_CURVE('',#4659,#4823,#2783,.T.);
#6171=EDGE_CURVE('',#4658,#4824,#2784,.T.);
#6172=EDGE_CURVE('',#4664,#4659,#2785,.T.);
#6173=EDGE_CURVE('',#4664,#4824,#2786,.T.);
#6174=EDGE_CURVE('',#4663,#4825,#2787,.T.);
#6175=EDGE_CURVE('',#4669,#4664,#2788,.T.);
#6176=EDGE_CURVE('',#4669,#4825,#2789,.T.);
#6177=EDGE_CURVE('',#4668,#4826,#2790,.T.);
#6178=EDGE_CURVE('',#4674,#4669,#2791,.T.);
#6179=EDGE_CURVE('',#4674,#4826,#2792,.T.);
#6180=EDGE_CURVE('',#4673,#4827,#2793,.T.);
#6181=EDGE_CURVE('',#4828,#4674,#2794,.T.);
#6182=EDGE_CURVE('',#4828,#4827,#2795,.T.);
#6183=EDGE_CURVE('',#4829,#4830,#68,.T.);
#6184=EDGE_CURVE('',#4829,#4828,#2796,.T.);
#6185=EDGE_CURVE('',#4830,#4828,#2797,.T.);
#6186=EDGE_CURVE('',#4831,#4832,#69,.T.);
#6187=EDGE_CURVE('',#4649,#4831,#2798,.T.);
#6188=EDGE_CURVE('',#4649,#4832,#2799,.T.);
#6189=EDGE_CURVE('',#4830,#4833,#70,.T.);
#6190=EDGE_CURVE('',#4828,#4833,#2800,.T.);
#6191=EDGE_CURVE('',#4834,#4835,#2801,.T.);
#6192=EDGE_CURVE('',#4834,#4828,#2802,.T.);
#6193=EDGE_CURVE('',#4674,#4835,#2803,.T.);
#6194=EDGE_CURVE('',#4679,#4836,#2804,.T.);
#6195=EDGE_CURVE('',#4669,#4836,#2805,.T.);
#6196=EDGE_CURVE('',#4683,#4837,#2806,.T.);
#6197=EDGE_CURVE('',#4664,#4837,#2807,.T.);
#6198=EDGE_CURVE('',#4687,#4838,#2808,.T.);
#6199=EDGE_CURVE('',#4659,#4838,#2809,.T.);
#6200=EDGE_CURVE('',#4691,#4839,#2810,.T.);
#6201=EDGE_CURVE('',#4654,#4839,#2811,.T.);
#6202=EDGE_CURVE('',#4840,#4841,#2812,.T.);
#6203=EDGE_CURVE('',#4840,#4654,#2813,.T.);
#6204=EDGE_CURVE('',#4649,#4841,#2814,.T.);
#6205=EDGE_CURVE('',#4842,#4831,#71,.T.);
#6206=EDGE_CURVE('',#4842,#4649,#2815,.T.);
#6207=EDGE_CURVE('',#4843,#4754,#2816,.T.);
#6208=EDGE_CURVE('',#4832,#4843,#72,.T.);
#6209=EDGE_CURVE('',#4844,#4842,#73,.T.);
#6210=EDGE_CURVE('',#4844,#4649,#2817,.T.);
#6211=EDGE_CURVE('',#4845,#4844,#74,.T.);
#6212=EDGE_CURVE('',#4841,#4845,#2818,.T.);
#6213=EDGE_CURVE('',#4846,#4840,#2819,.T.);
#6214=EDGE_CURVE('',#4846,#4690,#2820,.T.);
#6215=EDGE_CURVE('',#4690,#4654,#2821,.T.);
#6216=EDGE_CURVE('',#4839,#4688,#2822,.T.);
#6217=EDGE_CURVE('',#4838,#4684,#2823,.T.);
#6218=EDGE_CURVE('',#4824,#4655,#2824,.T.);
#6219=EDGE_CURVE('',#4837,#4680,#2825,.T.);
#6220=EDGE_CURVE('',#4825,#4660,#2826,.T.);
#6221=EDGE_CURVE('',#4836,#4675,#2827,.T.);
#6222=EDGE_CURVE('',#4847,#4848,#2828,.T.);
#6223=EDGE_CURVE('',#4849,#4847,#75,.T.);
#6224=EDGE_CURVE('',#4849,#4672,#2829,.T.);
#6225=EDGE_CURVE('',#4672,#4848,#2830,.T.);
#6226=EDGE_CURVE('',#4835,#4850,#2831,.T.);
#6227=EDGE_CURVE('',#4678,#4850,#2832,.T.);
#6228=EDGE_CURVE('',#4827,#4670,#2833,.T.);
#6229=EDGE_CURVE('',#4828,#4672,#2834,.T.);
#6230=EDGE_CURVE('',#4851,#4834,#2835,.T.);
#6231=EDGE_CURVE('',#4852,#4851,#76,.T.);
#6232=EDGE_CURVE('',#4852,#4828,#2836,.T.);
#6233=EDGE_CURVE('',#4833,#4852,#77,.T.);
#6234=EDGE_CURVE('',#4853,#4829,#78,.T.);
#6235=EDGE_CURVE('',#4848,#4853,#2837,.T.);
#6236=EDGE_CURVE('',#4695,#4854,#2838,.T.);
#6237=EDGE_CURVE('',#4667,#4696,#2839,.T.);
#6238=EDGE_CURVE('',#4667,#4854,#2840,.T.);
#6239=EDGE_CURVE('',#4855,#4799,#79,.T.);
#6240=EDGE_CURVE('',#4856,#4855,#2841,.T.);
#6241=EDGE_CURVE('',#4856,#4678,#2842,.T.);
#6242=EDGE_CURVE('',#4826,#4665,#2843,.T.);
#6243=EDGE_CURVE('',#4700,#4857,#2844,.T.);
#6244=EDGE_CURVE('',#4696,#4857,#2845,.T.);
#6245=EDGE_CURVE('',#4704,#4858,#2846,.T.);
#6246=EDGE_CURVE('',#4807,#4858,#2847,.T.);
#6247=EDGE_CURVE('',#4859,#4860,#80,.T.);
#6248=EDGE_CURVE('',#4859,#4861,#2848,.T.);
#6249=EDGE_CURVE('',#4861,#4860,#2849,.T.);
#6250=EDGE_CURVE('',#4862,#4863,#81,.T.);
#6251=EDGE_CURVE('',#4862,#4749,#2850,.T.);
#6252=EDGE_CURVE('',#4863,#4749,#2851,.T.);
#6253=EDGE_CURVE('',#4858,#4701,#2852,.T.);
#6254=EDGE_CURVE('',#4864,#4856,#2853,.T.);
#6255=EDGE_CURVE('',#4865,#4864,#82,.T.);
#6256=EDGE_CURVE('',#4865,#4678,#2854,.T.);
#6257=EDGE_CURVE('',#4857,#4697,#2855,.T.);
#6258=EDGE_CURVE('',#4709,#4866,#2856,.T.);
#6259=EDGE_CURVE('',#4715,#4866,#2857,.T.);
#6260=EDGE_CURVE('',#4714,#4867,#2858,.T.);
#6261=EDGE_CURVE('',#4719,#4715,#2859,.T.);
#6262=EDGE_CURVE('',#4719,#4867,#2860,.T.);
#6263=EDGE_CURVE('',#4718,#4868,#2861,.T.);
#6264=EDGE_CURVE('',#4652,#4719,#2862,.T.);
#6265=EDGE_CURVE('',#4652,#4868,#2863,.T.);
#6266=EDGE_CURVE('',#4723,#4869,#2864,.T.);
#6267=EDGE_CURVE('',#4870,#4686,#2865,.T.);
#6268=EDGE_CURVE('',#4870,#4869,#2866,.T.);
#6269=EDGE_CURVE('',#4871,#4872,#83,.T.);
#6270=EDGE_CURVE('',#4873,#4871,#2867,.T.);
#6271=EDGE_CURVE('',#4873,#4870,#2868,.T.);
#6272=EDGE_CURVE('',#4872,#4870,#2869,.T.);
#6273=EDGE_CURVE('',#4872,#4874,#84,.T.);
#6274=EDGE_CURVE('',#4870,#4874,#2870,.T.);
#6275=EDGE_CURVE('',#4875,#4732,#2871,.T.);
#6276=EDGE_CURVE('',#4875,#4870,#2872,.T.);
#6277=EDGE_CURVE('',#4823,#4650,#2873,.T.);
#6278=EDGE_CURVE('',#4727,#4876,#2874,.T.);
#6279=EDGE_CURVE('',#4719,#4876,#2875,.T.);
#6280=EDGE_CURVE('',#4731,#4877,#2876,.T.);
#6281=EDGE_CURVE('',#4715,#4877,#2877,.T.);
#6282=EDGE_CURVE('',#4866,#4705,#2878,.T.);
#6283=EDGE_CURVE('',#4877,#4728,#2879,.T.);
#6284=EDGE_CURVE('',#4876,#4724,#2880,.T.);
#6285=EDGE_CURVE('',#4878,#4879,#2881,.T.);
#6286=EDGE_CURVE('',#4860,#4878,#85,.T.);
#6287=EDGE_CURVE('',#4861,#4722,#2882,.T.);
#6288=EDGE_CURVE('',#4722,#4879,#2883,.T.);
#6289=EDGE_CURVE('',#4880,#4875,#2884,.T.);
#6290=EDGE_CURVE('',#4776,#4880,#86,.T.);
#6291=EDGE_CURVE('',#4881,#4775,#87,.T.);
#6292=EDGE_CURVE('',#4870,#4881,#2885,.T.);
#6293=EDGE_CURVE('',#4874,#4881,#88,.T.);
#6294=EDGE_CURVE('',#4879,#4873,#2886,.T.);
#6295=EDGE_CURVE('',#4722,#4870,#2887,.T.);
#6296=EDGE_CURVE('',#4736,#4882,#2888,.T.);
#6297=EDGE_CURVE('',#4708,#4882,#2889,.T.);
#6298=EDGE_CURVE('',#4882,#4734,#2890,.T.);
#6299=EDGE_CURVE('',#4863,#4883,#89,.T.);
#6300=EDGE_CURVE('',#4883,#4749,#2891,.T.);
#6301=EDGE_CURVE('',#4739,#4884,#2892,.T.);
#6302=EDGE_CURVE('',#4749,#4677,#2893,.T.);
#6303=EDGE_CURVE('',#4749,#4884,#2894,.T.);
#6304=EDGE_CURVE('',#4742,#4885,#2895,.T.);
#6305=EDGE_CURVE('',#4703,#4885,#2896,.T.);
#6306=EDGE_CURVE('',#4886,#4887,#2897,.T.);
#6307=EDGE_CURVE('',#4883,#4886,#90,.T.);
#6308=EDGE_CURVE('',#4749,#4887,#2898,.T.);
#6309=EDGE_CURVE('',#4745,#4888,#2899,.T.);
#6310=EDGE_CURVE('',#4699,#4888,#2900,.T.);
#6311=EDGE_CURVE('',#4748,#4889,#2901,.T.);
#6312=EDGE_CURVE('',#4677,#4889,#2902,.T.);
#6313=EDGE_CURVE('',#4890,#4865,#91,.T.);
#6314=EDGE_CURVE('',#4850,#4890,#2903,.T.);
#6315=EDGE_CURVE('',#4889,#4746,#2904,.T.);
#6316=EDGE_CURVE('',#4854,#4692,#2905,.T.);
#6317=EDGE_CURVE('',#4888,#4743,#2906,.T.);
#6318=EDGE_CURVE('',#4887,#4891,#2907,.T.);
#6319=EDGE_CURVE('',#4891,#4722,#2908,.T.);
#6320=EDGE_CURVE('',#4892,#4859,#92,.T.);
#6321=EDGE_CURVE('',#4891,#4892,#2909,.T.);
#6322=EDGE_CURVE('',#4885,#4740,#2910,.T.);
#6323=EDGE_CURVE('',#4752,#4893,#2911,.T.);
#6324=EDGE_CURVE('',#4647,#4893,#2912,.T.);
#6325=EDGE_CURVE('',#4894,#4895,#93,.T.);
#6326=EDGE_CURVE('',#4896,#4894,#2913,.T.);
#6327=EDGE_CURVE('',#4690,#4896,#2914,.T.);
#6328=EDGE_CURVE('',#4690,#4895,#2915,.T.);
#6329=EDGE_CURVE('',#4822,#4644,#2916,.T.);
#6330=EDGE_CURVE('',#4893,#4750,#2917,.T.);
#6331=EDGE_CURVE('',#4897,#4896,#2918,.T.);
#6332=EDGE_CURVE('',#4774,#4897,#94,.T.);
#6333=EDGE_CURVE('',#4868,#4716,#2919,.T.);
#6334=EDGE_CURVE('',#4898,#4846,#2920,.T.);
#6335=EDGE_CURVE('',#4895,#4898,#95,.T.);
#6336=EDGE_CURVE('',#4869,#4720,#2921,.T.);
#6337=EDGE_CURVE('',#4899,#4849,#96,.T.);
#6338=EDGE_CURVE('',#4900,#4899,#2922,.T.);
#6339=EDGE_CURVE('',#4900,#4672,#2923,.T.);
#6340=EDGE_CURVE('',#4821,#4901,#97,.T.);
#6341=EDGE_CURVE('',#4694,#4901,#2924,.T.);
#6342=EDGE_CURVE('',#4902,#4900,#2925,.T.);
#6343=EDGE_CURVE('',#4901,#4902,#98,.T.);
#6344=EDGE_CURVE('',#4867,#4711,#2926,.T.);
#6345=EDGE_CURVE('',#4903,#4796,#99,.T.);
#6346=EDGE_CURVE('',#4884,#4903,#2927,.T.);
#6347=EDGE_CURVE('',#4798,#4862,#100,.T.);
#6348=EDGE_CURVE('',#4757,#4904,#354,.T.);
#6349=EDGE_CURVE('',#4904,#4905,#355,.T.);
#6350=EDGE_CURVE('',#4905,#4904,#356,.T.);
#6351=EDGE_CURVE('',#4758,#4760,#357,.T.);
#6352=EDGE_CURVE('',#4765,#4769,#358,.T.);
#6353=EDGE_CURVE('',#4771,#4777,#359,.T.);
#6354=EDGE_CURVE('',#4779,#4783,#360,.T.);
#6355=EDGE_CURVE('',#4788,#4790,#361,.T.);
#6356=EDGE_CURVE('',#4792,#4794,#362,.T.);
#6357=EDGE_CURVE('',#4803,#4808,#363,.T.);
#6358=EDGE_CURVE('',#4810,#4812,#364,.T.);
#6359=EDGE_CURVE('',#4814,#4818,#365,.T.);
#6360=EDGE_CURVE('',#4902,#4899,#366,.T.);
#6361=EDGE_CURVE('',#4847,#4853,#367,.T.);
#6362=EDGE_CURVE('',#4851,#4890,#368,.T.);
#6363=EDGE_CURVE('',#4864,#4855,#369,.T.);
#6364=EDGE_CURVE('',#4886,#4892,#370,.T.);
#6365=EDGE_CURVE('',#4878,#4871,#371,.T.);
#6366=EDGE_CURVE('',#4897,#4894,#372,.T.);
#6367=EDGE_CURVE('',#4898,#4845,#373,.T.);
#6368=EDGE_CURVE('',#4843,#4755,#374,.T.);
#6369=EDGE_CURVE('',#4797,#4903,#375,.T.);
#6370=EDGE_CURVE('',#4880,#4773,#376,.T.);
#6371=EDGE_CURVE('',#4905,#4906,#2928,.T.);
#6372=EDGE_CURVE('',#4906,#4906,#377,.T.);
#6373=EDGE_CURVE('',#4907,#4908,#378,.T.);
#6374=EDGE_CURVE('',#4907,#4909,#101,.T.);
#6375=EDGE_CURVE('',#4910,#4909,#379,.T.);
#6376=EDGE_CURVE('',#4908,#4910,#102,.T.);
#6377=EDGE_CURVE('',#4908,#4911,#2929,.T.);
#6378=EDGE_CURVE('',#4912,#4910,#2930,.T.);
#6379=EDGE_CURVE('',#4911,#4912,#103,.T.);
#6380=EDGE_CURVE('',#4911,#4913,#380,.T.);
#6381=EDGE_CURVE('',#4914,#4912,#381,.T.);
#6382=EDGE_CURVE('',#4913,#4914,#104,.T.);
#6383=EDGE_CURVE('',#4909,#4914,#2931,.T.);
#6384=EDGE_CURVE('',#4913,#4907,#2932,.T.);
#6385=EDGE_CURVE('',#4914,#4915,#2933,.T.);
#6386=EDGE_CURVE('',#4916,#4915,#2934,.T.);
#6387=EDGE_CURVE('',#4916,#4909,#2935,.T.);
#6388=EDGE_CURVE('',#4917,#4916,#382,.T.);
#6389=EDGE_CURVE('',#4910,#4917,#2936,.T.);
#6390=EDGE_CURVE('',#4918,#4917,#2937,.T.);
#6391=EDGE_CURVE('',#4918,#4912,#2938,.T.);
#6392=EDGE_CURVE('',#4915,#4918,#383,.T.);
#6393=EDGE_CURVE('',#4919,#4919,#384,.T.);
#6394=EDGE_CURVE('',#4919,#4920,#2939,.T.);
#6395=EDGE_CURVE('',#4920,#4920,#385,.T.);
#6396=EDGE_CURVE('',#4921,#4921,#386,.T.);
#6397=EDGE_CURVE('',#4921,#4922,#2940,.T.);
#6398=EDGE_CURVE('',#4922,#4922,#387,.T.);
#6399=ORIENTED_EDGE('',*,*,#4923,.F.);
#6400=ORIENTED_EDGE('',*,*,#4924,.T.);
#6401=ORIENTED_EDGE('',*,*,#4925,.F.);
#6402=ORIENTED_EDGE('',*,*,#4926,.F.);
#6403=ORIENTED_EDGE('',*,*,#4927,.F.);
#6404=ORIENTED_EDGE('',*,*,#4926,.T.);
#6405=ORIENTED_EDGE('',*,*,#4928,.F.);
#6406=ORIENTED_EDGE('',*,*,#4929,.F.);
#6407=ORIENTED_EDGE('',*,*,#4930,.F.);
#6408=ORIENTED_EDGE('',*,*,#4929,.T.);
#6409=ORIENTED_EDGE('',*,*,#4931,.F.);
#6410=ORIENTED_EDGE('',*,*,#4932,.F.);
#6411=ORIENTED_EDGE('',*,*,#4933,.F.);
#6412=ORIENTED_EDGE('',*,*,#4932,.T.);
#6413=ORIENTED_EDGE('',*,*,#4934,.F.);
#6414=ORIENTED_EDGE('',*,*,#4924,.F.);
#6415=ORIENTED_EDGE('',*,*,#4934,.T.);
#6416=ORIENTED_EDGE('',*,*,#4931,.T.);
#6417=ORIENTED_EDGE('',*,*,#4928,.T.);
#6418=ORIENTED_EDGE('',*,*,#4925,.T.);
#6419=ORIENTED_EDGE('',*,*,#4935,.T.);
#6420=ORIENTED_EDGE('',*,*,#4936,.T.);
#6421=ORIENTED_EDGE('',*,*,#4937,.T.);
#6422=ORIENTED_EDGE('',*,*,#4938,.T.);
#6423=ORIENTED_EDGE('',*,*,#4936,.F.);
#6424=ORIENTED_EDGE('',*,*,#4939,.T.);
#6425=ORIENTED_EDGE('',*,*,#4940,.F.);
#6426=ORIENTED_EDGE('',*,*,#4941,.T.);
#6427=ORIENTED_EDGE('',*,*,#4942,.F.);
#6428=ORIENTED_EDGE('',*,*,#4943,.T.);
#6429=ORIENTED_EDGE('',*,*,#4944,.F.);
#6430=ORIENTED_EDGE('',*,*,#4945,.T.);
#6431=ORIENTED_EDGE('',*,*,#4946,.F.);
#6432=ORIENTED_EDGE('',*,*,#4935,.F.);
#6433=ORIENTED_EDGE('',*,*,#4947,.F.);
#6434=ORIENTED_EDGE('',*,*,#4948,.F.);
#6435=ORIENTED_EDGE('',*,*,#4949,.F.);
#6436=ORIENTED_EDGE('',*,*,#4950,.F.);
#6437=ORIENTED_EDGE('',*,*,#4939,.F.);
#6438=ORIENTED_EDGE('',*,*,#4951,.T.);
#6439=ORIENTED_EDGE('',*,*,#4940,.T.);
#6440=ORIENTED_EDGE('',*,*,#4950,.T.);
#6441=ORIENTED_EDGE('',*,*,#4952,.T.);
#6442=ORIENTED_EDGE('',*,*,#4953,.T.);
#6443=ORIENTED_EDGE('',*,*,#4942,.T.);
#6444=ORIENTED_EDGE('',*,*,#4954,.T.);
#6445=ORIENTED_EDGE('',*,*,#4955,.T.);
#6446=ORIENTED_EDGE('',*,*,#4953,.F.);
#6447=ORIENTED_EDGE('',*,*,#4956,.F.);
#6448=ORIENTED_EDGE('',*,*,#4957,.F.);
#6449=ORIENTED_EDGE('',*,*,#4958,.F.);
#6450=ORIENTED_EDGE('',*,*,#4959,.F.);
#6451=ORIENTED_EDGE('',*,*,#4943,.F.);
#6452=ORIENTED_EDGE('',*,*,#4960,.T.);
#6453=ORIENTED_EDGE('',*,*,#4944,.T.);
#6454=ORIENTED_EDGE('',*,*,#4959,.T.);
#6455=ORIENTED_EDGE('',*,*,#4961,.T.);
#6456=ORIENTED_EDGE('',*,*,#4946,.T.);
#6457=ORIENTED_EDGE('',*,*,#4962,.T.);
#6458=ORIENTED_EDGE('',*,*,#4963,.T.);
#6459=ORIENTED_EDGE('',*,*,#4962,.F.);
#6460=ORIENTED_EDGE('',*,*,#4963,.F.);
#6461=ORIENTED_EDGE('',*,*,#4964,.T.);
#6462=ORIENTED_EDGE('',*,*,#4965,.T.);
#6463=ORIENTED_EDGE('',*,*,#4964,.F.);
#6464=ORIENTED_EDGE('',*,*,#4966,.T.);
#6465=ORIENTED_EDGE('',*,*,#4967,.T.);
#6466=ORIENTED_EDGE('',*,*,#4968,.T.);
#6467=ORIENTED_EDGE('',*,*,#4969,.T.);
#6468=ORIENTED_EDGE('',*,*,#4967,.F.);
#6469=ORIENTED_EDGE('',*,*,#4969,.F.);
#6470=ORIENTED_EDGE('',*,*,#4970,.T.);
#6471=ORIENTED_EDGE('',*,*,#4971,.F.);
#6472=ORIENTED_EDGE('',*,*,#4970,.F.);
#6473=ORIENTED_EDGE('',*,*,#4968,.F.);
#6474=ORIENTED_EDGE('',*,*,#4966,.F.);
#6475=ORIENTED_EDGE('',*,*,#4972,.T.);
#6476=ORIENTED_EDGE('',*,*,#4973,.T.);
#6477=ORIENTED_EDGE('',*,*,#4974,.T.);
#6478=ORIENTED_EDGE('',*,*,#4975,.T.);
#6479=ORIENTED_EDGE('',*,*,#4973,.F.);
#6480=ORIENTED_EDGE('',*,*,#4975,.F.);
#6481=ORIENTED_EDGE('',*,*,#4976,.T.);
#6482=ORIENTED_EDGE('',*,*,#4977,.F.);
#6483=ORIENTED_EDGE('',*,*,#4976,.F.);
#6484=ORIENTED_EDGE('',*,*,#4974,.F.);
#6485=ORIENTED_EDGE('',*,*,#4972,.F.);
#6486=ORIENTED_EDGE('',*,*,#4965,.F.);
#6487=ORIENTED_EDGE('',*,*,#4951,.F.);
#6488=ORIENTED_EDGE('',*,*,#4978,.F.);
#6489=ORIENTED_EDGE('',*,*,#4979,.F.);
#6490=ORIENTED_EDGE('',*,*,#4980,.F.);
#6491=ORIENTED_EDGE('',*,*,#4954,.F.);
#6492=ORIENTED_EDGE('',*,*,#4941,.F.);
#6493=ORIENTED_EDGE('',*,*,#4937,.F.);
#6494=ORIENTED_EDGE('',*,*,#4945,.F.);
#6495=ORIENTED_EDGE('',*,*,#4960,.F.);
#6496=ORIENTED_EDGE('',*,*,#4981,.F.);
#6497=ORIENTED_EDGE('',*,*,#4982,.F.);
#6498=ORIENTED_EDGE('',*,*,#4983,.F.);
#6499=ORIENTED_EDGE('',*,*,#4955,.F.);
#6500=ORIENTED_EDGE('',*,*,#4980,.T.);
#6501=ORIENTED_EDGE('',*,*,#4984,.F.);
#6502=ORIENTED_EDGE('',*,*,#4956,.T.);
#6503=ORIENTED_EDGE('',*,*,#4952,.F.);
#6504=ORIENTED_EDGE('',*,*,#4949,.T.);
#6505=ORIENTED_EDGE('',*,*,#4985,.F.);
#6506=ORIENTED_EDGE('',*,*,#4978,.T.);
#6507=ORIENTED_EDGE('',*,*,#4938,.F.);
#6508=ORIENTED_EDGE('',*,*,#4983,.T.);
#6509=ORIENTED_EDGE('',*,*,#4986,.F.);
#6510=ORIENTED_EDGE('',*,*,#4947,.T.);
#6511=ORIENTED_EDGE('',*,*,#4923,.T.);
#6512=ORIENTED_EDGE('',*,*,#4927,.T.);
#6513=ORIENTED_EDGE('',*,*,#4930,.T.);
#6514=ORIENTED_EDGE('',*,*,#4933,.T.);
#6515=ORIENTED_EDGE('',*,*,#4961,.F.);
#6516=ORIENTED_EDGE('',*,*,#4958,.T.);
#6517=ORIENTED_EDGE('',*,*,#4987,.F.);
#6518=ORIENTED_EDGE('',*,*,#4981,.T.);
#6519=ORIENTED_EDGE('',*,*,#4979,.T.);
#6520=ORIENTED_EDGE('',*,*,#4985,.T.);
#6521=ORIENTED_EDGE('',*,*,#4948,.T.);
#6522=ORIENTED_EDGE('',*,*,#4986,.T.);
#6523=ORIENTED_EDGE('',*,*,#4982,.T.);
#6524=ORIENTED_EDGE('',*,*,#4987,.T.);
#6525=ORIENTED_EDGE('',*,*,#4957,.T.);
#6526=ORIENTED_EDGE('',*,*,#4984,.T.);
#6527=ORIENTED_EDGE('',*,*,#4977,.T.);
#6528=ORIENTED_EDGE('',*,*,#4971,.T.);
#6529=ORIENTED_EDGE('',*,*,#4988,.T.);
#6530=ORIENTED_EDGE('',*,*,#4989,.T.);
#6531=ORIENTED_EDGE('',*,*,#4990,.T.);
#6532=ORIENTED_EDGE('',*,*,#4991,.F.);
#6533=ORIENTED_EDGE('',*,*,#4992,.T.);
#6534=ORIENTED_EDGE('',*,*,#4993,.T.);
#6535=ORIENTED_EDGE('',*,*,#4994,.T.);
#6536=ORIENTED_EDGE('',*,*,#4989,.F.);
#6537=ORIENTED_EDGE('',*,*,#4995,.T.);
#6538=ORIENTED_EDGE('',*,*,#4996,.T.);
#6539=ORIENTED_EDGE('',*,*,#4997,.T.);
#6540=ORIENTED_EDGE('',*,*,#4993,.F.);
#6541=ORIENTED_EDGE('',*,*,#4998,.T.);
#6542=ORIENTED_EDGE('',*,*,#4996,.F.);
#6543=ORIENTED_EDGE('',*,*,#4999,.T.);
#6544=ORIENTED_EDGE('',*,*,#4991,.T.);
#6545=ORIENTED_EDGE('',*,*,#4998,.F.);
#6546=ORIENTED_EDGE('',*,*,#5000,.F.);
#6547=ORIENTED_EDGE('',*,*,#5001,.F.);
#6548=ORIENTED_EDGE('',*,*,#5002,.F.);
#6549=ORIENTED_EDGE('',*,*,#4990,.F.);
#6550=ORIENTED_EDGE('',*,*,#5003,.T.);
#6551=ORIENTED_EDGE('',*,*,#5004,.F.);
#6552=ORIENTED_EDGE('',*,*,#5000,.T.);
#6553=ORIENTED_EDGE('',*,*,#4988,.F.);
#6554=ORIENTED_EDGE('',*,*,#4999,.F.);
#6555=ORIENTED_EDGE('',*,*,#4995,.F.);
#6556=ORIENTED_EDGE('',*,*,#4992,.F.);
#6557=ORIENTED_EDGE('',*,*,#4994,.F.);
#6558=ORIENTED_EDGE('',*,*,#5005,.F.);
#6559=ORIENTED_EDGE('',*,*,#5006,.F.);
#6560=ORIENTED_EDGE('',*,*,#5003,.F.);
#6561=ORIENTED_EDGE('',*,*,#4997,.F.);
#6562=ORIENTED_EDGE('',*,*,#5002,.T.);
#6563=ORIENTED_EDGE('',*,*,#5007,.F.);
#6564=ORIENTED_EDGE('',*,*,#5005,.T.);
#6565=ORIENTED_EDGE('',*,*,#5008,.F.);
#6566=ORIENTED_EDGE('',*,*,#5009,.T.);
#6567=ORIENTED_EDGE('',*,*,#5010,.T.);
#6568=ORIENTED_EDGE('',*,*,#5009,.F.);
#6569=ORIENTED_EDGE('',*,*,#5008,.T.);
#6570=ORIENTED_EDGE('',*,*,#5007,.T.);
#6571=ORIENTED_EDGE('',*,*,#5001,.T.);
#6572=ORIENTED_EDGE('',*,*,#5004,.T.);
#6573=ORIENTED_EDGE('',*,*,#5006,.T.);
#6574=ORIENTED_EDGE('',*,*,#5010,.F.);
#6575=ORIENTED_EDGE('',*,*,#5011,.T.);
#6576=ORIENTED_EDGE('',*,*,#5012,.T.);
#6577=ORIENTED_EDGE('',*,*,#5013,.T.);
#6578=ORIENTED_EDGE('',*,*,#5014,.T.);
#6579=ORIENTED_EDGE('',*,*,#5015,.T.);
#6580=ORIENTED_EDGE('',*,*,#5016,.T.);
#6581=ORIENTED_EDGE('',*,*,#5012,.F.);
#6582=ORIENTED_EDGE('',*,*,#5017,.T.);
#6583=ORIENTED_EDGE('',*,*,#5018,.F.);
#6584=ORIENTED_EDGE('',*,*,#5019,.F.);
#6585=ORIENTED_EDGE('',*,*,#5020,.F.);
#6586=ORIENTED_EDGE('',*,*,#5021,.F.);
#6587=ORIENTED_EDGE('',*,*,#5022,.F.);
#6588=ORIENTED_EDGE('',*,*,#5023,.T.);
#6589=ORIENTED_EDGE('',*,*,#5024,.F.);
#6590=ORIENTED_EDGE('',*,*,#5025,.T.);
#6591=ORIENTED_EDGE('',*,*,#5026,.F.);
#6592=ORIENTED_EDGE('',*,*,#5027,.T.);
#6593=ORIENTED_EDGE('',*,*,#5011,.F.);
#6594=ORIENTED_EDGE('',*,*,#5028,.F.);
#6595=ORIENTED_EDGE('',*,*,#5029,.T.);
#6596=ORIENTED_EDGE('',*,*,#5030,.T.);
#6597=ORIENTED_EDGE('',*,*,#5031,.F.);
#6598=ORIENTED_EDGE('',*,*,#5017,.F.);
#6599=ORIENTED_EDGE('',*,*,#5016,.F.);
#6600=ORIENTED_EDGE('',*,*,#5032,.F.);
#6601=ORIENTED_EDGE('',*,*,#5033,.T.);
#6602=ORIENTED_EDGE('',*,*,#5028,.T.);
#6603=ORIENTED_EDGE('',*,*,#5034,.T.);
#6604=ORIENTED_EDGE('',*,*,#5035,.T.);
#6605=ORIENTED_EDGE('',*,*,#5036,.T.);
#6606=ORIENTED_EDGE('',*,*,#5022,.T.);
#6607=ORIENTED_EDGE('',*,*,#5037,.T.);
#6608=ORIENTED_EDGE('',*,*,#5036,.F.);
#6609=ORIENTED_EDGE('',*,*,#5038,.T.);
#6610=ORIENTED_EDGE('',*,*,#5039,.F.);
#6611=ORIENTED_EDGE('',*,*,#5040,.F.);
#6612=ORIENTED_EDGE('',*,*,#5041,.F.);
#6613=ORIENTED_EDGE('',*,*,#5023,.F.);
#6614=ORIENTED_EDGE('',*,*,#5014,.F.);
#6615=ORIENTED_EDGE('',*,*,#5042,.T.);
#6616=ORIENTED_EDGE('',*,*,#5035,.F.);
#6617=ORIENTED_EDGE('',*,*,#5043,.T.);
#6618=ORIENTED_EDGE('',*,*,#5044,.F.);
#6619=ORIENTED_EDGE('',*,*,#5045,.T.);
#6620=ORIENTED_EDGE('',*,*,#5046,.F.);
#6621=ORIENTED_EDGE('',*,*,#5047,.T.);
#6622=ORIENTED_EDGE('',*,*,#5048,.F.);
#6623=ORIENTED_EDGE('',*,*,#5049,.T.);
#6624=ORIENTED_EDGE('',*,*,#5050,.F.);
#6625=ORIENTED_EDGE('',*,*,#5051,.T.);
#6626=ORIENTED_EDGE('',*,*,#5052,.F.);
#6627=ORIENTED_EDGE('',*,*,#5053,.T.);
#6628=ORIENTED_EDGE('',*,*,#5054,.F.);
#6629=ORIENTED_EDGE('',*,*,#5055,.T.);
#6630=ORIENTED_EDGE('',*,*,#5056,.F.);
#6631=ORIENTED_EDGE('',*,*,#5057,.T.);
#6632=ORIENTED_EDGE('',*,*,#5058,.F.);
#6633=ORIENTED_EDGE('',*,*,#5059,.T.);
#6634=ORIENTED_EDGE('',*,*,#5060,.F.);
#6635=ORIENTED_EDGE('',*,*,#5061,.T.);
#6636=ORIENTED_EDGE('',*,*,#5062,.F.);
#6637=ORIENTED_EDGE('',*,*,#5063,.T.);
#6638=ORIENTED_EDGE('',*,*,#5064,.F.);
#6639=ORIENTED_EDGE('',*,*,#5065,.T.);
#6640=ORIENTED_EDGE('',*,*,#5066,.F.);
#6641=ORIENTED_EDGE('',*,*,#5067,.T.);
#6642=ORIENTED_EDGE('',*,*,#5068,.F.);
#6643=ORIENTED_EDGE('',*,*,#5069,.T.);
#6644=ORIENTED_EDGE('',*,*,#5070,.F.);
#6645=ORIENTED_EDGE('',*,*,#5071,.T.);
#6646=ORIENTED_EDGE('',*,*,#5072,.F.);
#6647=ORIENTED_EDGE('',*,*,#5073,.T.);
#6648=ORIENTED_EDGE('',*,*,#5074,.F.);
#6649=ORIENTED_EDGE('',*,*,#5075,.T.);
#6650=ORIENTED_EDGE('',*,*,#5076,.F.);
#6651=ORIENTED_EDGE('',*,*,#5077,.T.);
#6652=ORIENTED_EDGE('',*,*,#5078,.F.);
#6653=ORIENTED_EDGE('',*,*,#5079,.T.);
#6654=ORIENTED_EDGE('',*,*,#5080,.F.);
#6655=ORIENTED_EDGE('',*,*,#5081,.T.);
#6656=ORIENTED_EDGE('',*,*,#5044,.T.);
#6657=ORIENTED_EDGE('',*,*,#5082,.T.);
#6658=ORIENTED_EDGE('',*,*,#5083,.T.);
#6659=ORIENTED_EDGE('',*,*,#5084,.T.);
#6660=ORIENTED_EDGE('',*,*,#5085,.T.);
#6661=ORIENTED_EDGE('',*,*,#5081,.F.);
#6662=ORIENTED_EDGE('',*,*,#5086,.T.);
#6663=ORIENTED_EDGE('',*,*,#5087,.T.);
#6664=ORIENTED_EDGE('',*,*,#5088,.T.);
#6665=ORIENTED_EDGE('',*,*,#5089,.T.);
#6666=ORIENTED_EDGE('',*,*,#5085,.F.);
#6667=ORIENTED_EDGE('',*,*,#5090,.T.);
#6668=ORIENTED_EDGE('',*,*,#5091,.F.);
#6669=ORIENTED_EDGE('',*,*,#5092,.F.);
#6670=ORIENTED_EDGE('',*,*,#5087,.F.);
#6671=ORIENTED_EDGE('',*,*,#5086,.F.);
#6672=ORIENTED_EDGE('',*,*,#5084,.F.);
#6673=ORIENTED_EDGE('',*,*,#5093,.T.);
#6674=ORIENTED_EDGE('',*,*,#5094,.F.);
#6675=ORIENTED_EDGE('',*,*,#5095,.F.);
#6676=ORIENTED_EDGE('',*,*,#5096,.F.);
#6677=ORIENTED_EDGE('',*,*,#5090,.F.);
#6678=ORIENTED_EDGE('',*,*,#5097,.T.);
#6679=ORIENTED_EDGE('',*,*,#5046,.T.);
#6680=ORIENTED_EDGE('',*,*,#5098,.T.);
#6681=ORIENTED_EDGE('',*,*,#5099,.T.);
#6682=ORIENTED_EDGE('',*,*,#5100,.T.);
#6683=ORIENTED_EDGE('',*,*,#5099,.F.);
#6684=ORIENTED_EDGE('',*,*,#5101,.F.);
#6685=ORIENTED_EDGE('',*,*,#5102,.T.);
#6686=ORIENTED_EDGE('',*,*,#5103,.T.);
#6687=ORIENTED_EDGE('',*,*,#5104,.F.);
#6688=ORIENTED_EDGE('',*,*,#5105,.F.);
#6689=ORIENTED_EDGE('',*,*,#5098,.F.);
#6690=ORIENTED_EDGE('',*,*,#5106,.T.);
#6691=ORIENTED_EDGE('',*,*,#5107,.F.);
#6692=ORIENTED_EDGE('',*,*,#5102,.F.);
#6693=ORIENTED_EDGE('',*,*,#5101,.T.);
#6694=ORIENTED_EDGE('',*,*,#5108,.T.);
#6695=ORIENTED_EDGE('',*,*,#5048,.T.);
#6696=ORIENTED_EDGE('',*,*,#5109,.T.);
#6697=ORIENTED_EDGE('',*,*,#5110,.T.);
#6698=ORIENTED_EDGE('',*,*,#5111,.T.);
#6699=ORIENTED_EDGE('',*,*,#5112,.T.);
#6700=ORIENTED_EDGE('',*,*,#5112,.F.);
#6701=ORIENTED_EDGE('',*,*,#5113,.T.);
#6702=ORIENTED_EDGE('',*,*,#5114,.F.);
#6703=ORIENTED_EDGE('',*,*,#5115,.F.);
#6704=ORIENTED_EDGE('',*,*,#5116,.F.);
#6705=ORIENTED_EDGE('',*,*,#5117,.T.);
#6706=ORIENTED_EDGE('',*,*,#5118,.F.);
#6707=ORIENTED_EDGE('',*,*,#5119,.F.);
#6708=ORIENTED_EDGE('',*,*,#5120,.F.);
#6709=ORIENTED_EDGE('',*,*,#5121,.T.);
#6710=ORIENTED_EDGE('',*,*,#5122,.F.);
#6711=ORIENTED_EDGE('',*,*,#5123,.F.);
#6712=ORIENTED_EDGE('',*,*,#5124,.F.);
#6713=ORIENTED_EDGE('',*,*,#5125,.T.);
#6714=ORIENTED_EDGE('',*,*,#5126,.F.);
#6715=ORIENTED_EDGE('',*,*,#5127,.F.);
#6716=ORIENTED_EDGE('',*,*,#5128,.T.);
#6717=ORIENTED_EDGE('',*,*,#5111,.F.);
#6718=ORIENTED_EDGE('',*,*,#5129,.T.);
#6719=ORIENTED_EDGE('',*,*,#5130,.F.);
#6720=ORIENTED_EDGE('',*,*,#5131,.F.);
#6721=ORIENTED_EDGE('',*,*,#5132,.F.);
#6722=ORIENTED_EDGE('',*,*,#5113,.F.);
#6723=ORIENTED_EDGE('',*,*,#5100,.F.);
#6724=ORIENTED_EDGE('',*,*,#5105,.T.);
#6725=ORIENTED_EDGE('',*,*,#5133,.F.);
#6726=ORIENTED_EDGE('',*,*,#5134,.F.);
#6727=ORIENTED_EDGE('',*,*,#5135,.F.);
#6728=ORIENTED_EDGE('',*,*,#5129,.F.);
#6729=ORIENTED_EDGE('',*,*,#5110,.F.);
#6730=ORIENTED_EDGE('',*,*,#5136,.T.);
#6731=ORIENTED_EDGE('',*,*,#5137,.F.);
#6732=ORIENTED_EDGE('',*,*,#5138,.T.);
#6733=ORIENTED_EDGE('',*,*,#5139,.F.);
#6734=ORIENTED_EDGE('',*,*,#5140,.T.);
#6735=ORIENTED_EDGE('',*,*,#5141,.T.);
#6736=ORIENTED_EDGE('',*,*,#5058,.T.);
#6737=ORIENTED_EDGE('',*,*,#5142,.T.);
#6738=ORIENTED_EDGE('',*,*,#5143,.T.);
#6739=ORIENTED_EDGE('',*,*,#5144,.T.);
#6740=ORIENTED_EDGE('',*,*,#5124,.T.);
#6741=ORIENTED_EDGE('',*,*,#5144,.F.);
#6742=ORIENTED_EDGE('',*,*,#5145,.T.);
#6743=ORIENTED_EDGE('',*,*,#5146,.F.);
#6744=ORIENTED_EDGE('',*,*,#5147,.F.);
#6745=ORIENTED_EDGE('',*,*,#5148,.F.);
#6746=ORIENTED_EDGE('',*,*,#5125,.F.);
#6747=ORIENTED_EDGE('',*,*,#5143,.F.);
#6748=ORIENTED_EDGE('',*,*,#5149,.T.);
#6749=ORIENTED_EDGE('',*,*,#5150,.F.);
#6750=ORIENTED_EDGE('',*,*,#5151,.T.);
#6751=ORIENTED_EDGE('',*,*,#5152,.F.);
#6752=ORIENTED_EDGE('',*,*,#5153,.T.);
#6753=ORIENTED_EDGE('',*,*,#5154,.F.);
#6754=ORIENTED_EDGE('',*,*,#5155,.T.);
#6755=ORIENTED_EDGE('',*,*,#5156,.F.);
#6756=ORIENTED_EDGE('',*,*,#5157,.F.);
#6757=ORIENTED_EDGE('',*,*,#5158,.F.);
#6758=ORIENTED_EDGE('',*,*,#5145,.F.);
#6759=ORIENTED_EDGE('',*,*,#5159,.T.);
#6760=ORIENTED_EDGE('',*,*,#5056,.T.);
#6761=ORIENTED_EDGE('',*,*,#5160,.T.);
#6762=ORIENTED_EDGE('',*,*,#5154,.T.);
#6763=ORIENTED_EDGE('',*,*,#5160,.F.);
#6764=ORIENTED_EDGE('',*,*,#5161,.T.);
#6765=ORIENTED_EDGE('',*,*,#5162,.F.);
#6766=ORIENTED_EDGE('',*,*,#5163,.T.);
#6767=ORIENTED_EDGE('',*,*,#5164,.F.);
#6768=ORIENTED_EDGE('',*,*,#5155,.F.);
#6769=ORIENTED_EDGE('',*,*,#5165,.T.);
#6770=ORIENTED_EDGE('',*,*,#5054,.T.);
#6771=ORIENTED_EDGE('',*,*,#5166,.T.);
#6772=ORIENTED_EDGE('',*,*,#5167,.T.);
#6773=ORIENTED_EDGE('',*,*,#5165,.F.);
#6774=ORIENTED_EDGE('',*,*,#5168,.F.);
#6775=ORIENTED_EDGE('',*,*,#5169,.F.);
#6776=ORIENTED_EDGE('',*,*,#5170,.F.);
#6777=ORIENTED_EDGE('',*,*,#5171,.T.);
#6778=ORIENTED_EDGE('',*,*,#5172,.T.);
#6779=ORIENTED_EDGE('',*,*,#5167,.F.);
#6780=ORIENTED_EDGE('',*,*,#5173,.T.);
#6781=ORIENTED_EDGE('',*,*,#5174,.F.);
#6782=ORIENTED_EDGE('',*,*,#5175,.F.);
#6783=ORIENTED_EDGE('',*,*,#5176,.F.);
#6784=ORIENTED_EDGE('',*,*,#5168,.T.);
#6785=ORIENTED_EDGE('',*,*,#5177,.T.);
#6786=ORIENTED_EDGE('',*,*,#5052,.T.);
#6787=ORIENTED_EDGE('',*,*,#5178,.T.);
#6788=ORIENTED_EDGE('',*,*,#5179,.T.);
#6789=ORIENTED_EDGE('',*,*,#5178,.F.);
#6790=ORIENTED_EDGE('',*,*,#5180,.T.);
#6791=ORIENTED_EDGE('',*,*,#5181,.F.);
#6792=ORIENTED_EDGE('',*,*,#5182,.F.);
#6793=ORIENTED_EDGE('',*,*,#5183,.F.);
#6794=ORIENTED_EDGE('',*,*,#5184,.F.);
#6795=ORIENTED_EDGE('',*,*,#5185,.T.);
#6796=ORIENTED_EDGE('',*,*,#5186,.T.);
#6797=ORIENTED_EDGE('',*,*,#5187,.T.);
#6798=ORIENTED_EDGE('',*,*,#5050,.T.);
#6799=ORIENTED_EDGE('',*,*,#5188,.T.);
#6800=ORIENTED_EDGE('',*,*,#5189,.T.);
#6801=ORIENTED_EDGE('',*,*,#5179,.F.);
#6802=ORIENTED_EDGE('',*,*,#5184,.T.);
#6803=ORIENTED_EDGE('',*,*,#5190,.F.);
#6804=ORIENTED_EDGE('',*,*,#5191,.T.);
#6805=ORIENTED_EDGE('',*,*,#5192,.F.);
#6806=ORIENTED_EDGE('',*,*,#5193,.T.);
#6807=ORIENTED_EDGE('',*,*,#5186,.F.);
#6808=ORIENTED_EDGE('',*,*,#5194,.T.);
#6809=ORIENTED_EDGE('',*,*,#5195,.F.);
#6810=ORIENTED_EDGE('',*,*,#5196,.F.);
#6811=ORIENTED_EDGE('',*,*,#5197,.F.);
#6812=ORIENTED_EDGE('',*,*,#5198,.T.);
#6813=ORIENTED_EDGE('',*,*,#5185,.F.);
#6814=ORIENTED_EDGE('',*,*,#5199,.F.);
#6815=ORIENTED_EDGE('',*,*,#5200,.T.);
#6816=ORIENTED_EDGE('',*,*,#5201,.T.);
#6817=ORIENTED_EDGE('',*,*,#5202,.F.);
#6818=ORIENTED_EDGE('',*,*,#5194,.F.);
#6819=ORIENTED_EDGE('',*,*,#5189,.F.);
#6820=ORIENTED_EDGE('',*,*,#5203,.F.);
#6821=ORIENTED_EDGE('',*,*,#5204,.T.);
#6822=ORIENTED_EDGE('',*,*,#5199,.T.);
#6823=ORIENTED_EDGE('',*,*,#5205,.T.);
#6824=ORIENTED_EDGE('',*,*,#5078,.T.);
#6825=ORIENTED_EDGE('',*,*,#5206,.T.);
#6826=ORIENTED_EDGE('',*,*,#5207,.T.);
#6827=ORIENTED_EDGE('',*,*,#5208,.T.);
#6828=ORIENTED_EDGE('',*,*,#5209,.T.);
#6829=ORIENTED_EDGE('',*,*,#5209,.F.);
#6830=ORIENTED_EDGE('',*,*,#5210,.T.);
#6831=ORIENTED_EDGE('',*,*,#5211,.T.);
#6832=ORIENTED_EDGE('',*,*,#5212,.F.);
#6833=ORIENTED_EDGE('',*,*,#5208,.F.);
#6834=ORIENTED_EDGE('',*,*,#5213,.T.);
#6835=ORIENTED_EDGE('',*,*,#5214,.F.);
#6836=ORIENTED_EDGE('',*,*,#5215,.F.);
#6837=ORIENTED_EDGE('',*,*,#5216,.F.);
#6838=ORIENTED_EDGE('',*,*,#5210,.F.);
#6839=ORIENTED_EDGE('',*,*,#5207,.F.);
#6840=ORIENTED_EDGE('',*,*,#5217,.T.);
#6841=ORIENTED_EDGE('',*,*,#5218,.F.);
#6842=ORIENTED_EDGE('',*,*,#5219,.T.);
#6843=ORIENTED_EDGE('',*,*,#5220,.F.);
#6844=ORIENTED_EDGE('',*,*,#5221,.T.);
#6845=ORIENTED_EDGE('',*,*,#5222,.F.);
#6846=ORIENTED_EDGE('',*,*,#5223,.T.);
#6847=ORIENTED_EDGE('',*,*,#5224,.F.);
#6848=ORIENTED_EDGE('',*,*,#5225,.F.);
#6849=ORIENTED_EDGE('',*,*,#5226,.F.);
#6850=ORIENTED_EDGE('',*,*,#5213,.F.);
#6851=ORIENTED_EDGE('',*,*,#5227,.T.);
#6852=ORIENTED_EDGE('',*,*,#5076,.T.);
#6853=ORIENTED_EDGE('',*,*,#5228,.T.);
#6854=ORIENTED_EDGE('',*,*,#5222,.T.);
#6855=ORIENTED_EDGE('',*,*,#5228,.F.);
#6856=ORIENTED_EDGE('',*,*,#5229,.T.);
#6857=ORIENTED_EDGE('',*,*,#5230,.F.);
#6858=ORIENTED_EDGE('',*,*,#5231,.T.);
#6859=ORIENTED_EDGE('',*,*,#5232,.F.);
#6860=ORIENTED_EDGE('',*,*,#5223,.F.);
#6861=ORIENTED_EDGE('',*,*,#5233,.T.);
#6862=ORIENTED_EDGE('',*,*,#5234,.T.);
#6863=ORIENTED_EDGE('',*,*,#5235,.T.);
#6864=ORIENTED_EDGE('',*,*,#5074,.T.);
#6865=ORIENTED_EDGE('',*,*,#5236,.T.);
#6866=ORIENTED_EDGE('',*,*,#5234,.F.);
#6867=ORIENTED_EDGE('',*,*,#5237,.T.);
#6868=ORIENTED_EDGE('',*,*,#5238,.F.);
#6869=ORIENTED_EDGE('',*,*,#5239,.F.);
#6870=ORIENTED_EDGE('',*,*,#5240,.F.);
#6871=ORIENTED_EDGE('',*,*,#5241,.T.);
#6872=ORIENTED_EDGE('',*,*,#5233,.F.);
#6873=ORIENTED_EDGE('',*,*,#5242,.F.);
#6874=ORIENTED_EDGE('',*,*,#5243,.T.);
#6875=ORIENTED_EDGE('',*,*,#5244,.F.);
#6876=ORIENTED_EDGE('',*,*,#5237,.F.);
#6877=ORIENTED_EDGE('',*,*,#5245,.T.);
#6878=ORIENTED_EDGE('',*,*,#5072,.T.);
#6879=ORIENTED_EDGE('',*,*,#5246,.T.);
#6880=ORIENTED_EDGE('',*,*,#5247,.T.);
#6881=ORIENTED_EDGE('',*,*,#5246,.F.);
#6882=ORIENTED_EDGE('',*,*,#5248,.T.);
#6883=ORIENTED_EDGE('',*,*,#5249,.F.);
#6884=ORIENTED_EDGE('',*,*,#5250,.F.);
#6885=ORIENTED_EDGE('',*,*,#5251,.F.);
#6886=ORIENTED_EDGE('',*,*,#5252,.F.);
#6887=ORIENTED_EDGE('',*,*,#5253,.T.);
#6888=ORIENTED_EDGE('',*,*,#5254,.T.);
#6889=ORIENTED_EDGE('',*,*,#5255,.T.);
#6890=ORIENTED_EDGE('',*,*,#5070,.T.);
#6891=ORIENTED_EDGE('',*,*,#5256,.T.);
#6892=ORIENTED_EDGE('',*,*,#5118,.T.);
#6893=ORIENTED_EDGE('',*,*,#5247,.F.);
#6894=ORIENTED_EDGE('',*,*,#5252,.T.);
#6895=ORIENTED_EDGE('',*,*,#5257,.F.);
#6896=ORIENTED_EDGE('',*,*,#5258,.T.);
#6897=ORIENTED_EDGE('',*,*,#5259,.F.);
#6898=ORIENTED_EDGE('',*,*,#5260,.T.);
#6899=ORIENTED_EDGE('',*,*,#5254,.F.);
#6900=ORIENTED_EDGE('',*,*,#5261,.T.);
#6901=ORIENTED_EDGE('',*,*,#5262,.F.);
#6902=ORIENTED_EDGE('',*,*,#5263,.F.);
#6903=ORIENTED_EDGE('',*,*,#5264,.F.);
#6904=ORIENTED_EDGE('',*,*,#5265,.T.);
#6905=ORIENTED_EDGE('',*,*,#5253,.F.);
#6906=ORIENTED_EDGE('',*,*,#5117,.F.);
#6907=ORIENTED_EDGE('',*,*,#5266,.F.);
#6908=ORIENTED_EDGE('',*,*,#5267,.T.);
#6909=ORIENTED_EDGE('',*,*,#5268,.F.);
#6910=ORIENTED_EDGE('',*,*,#5261,.F.);
#6911=ORIENTED_EDGE('',*,*,#5269,.T.);
#6912=ORIENTED_EDGE('',*,*,#5068,.T.);
#6913=ORIENTED_EDGE('',*,*,#5270,.T.);
#6914=ORIENTED_EDGE('',*,*,#5271,.T.);
#6915=ORIENTED_EDGE('',*,*,#5272,.T.);
#6916=ORIENTED_EDGE('',*,*,#5273,.T.);
#6917=ORIENTED_EDGE('',*,*,#5273,.F.);
#6918=ORIENTED_EDGE('',*,*,#5274,.T.);
#6919=ORIENTED_EDGE('',*,*,#5275,.T.);
#6920=ORIENTED_EDGE('',*,*,#5276,.F.);
#6921=ORIENTED_EDGE('',*,*,#5272,.F.);
#6922=ORIENTED_EDGE('',*,*,#5277,.T.);
#6923=ORIENTED_EDGE('',*,*,#5278,.F.);
#6924=ORIENTED_EDGE('',*,*,#5279,.F.);
#6925=ORIENTED_EDGE('',*,*,#5280,.F.);
#6926=ORIENTED_EDGE('',*,*,#5274,.F.);
#6927=ORIENTED_EDGE('',*,*,#5271,.F.);
#6928=ORIENTED_EDGE('',*,*,#5281,.T.);
#6929=ORIENTED_EDGE('',*,*,#5282,.F.);
#6930=ORIENTED_EDGE('',*,*,#5283,.T.);
#6931=ORIENTED_EDGE('',*,*,#5284,.F.);
#6932=ORIENTED_EDGE('',*,*,#5285,.T.);
#6933=ORIENTED_EDGE('',*,*,#5286,.F.);
#6934=ORIENTED_EDGE('',*,*,#5287,.T.);
#6935=ORIENTED_EDGE('',*,*,#5288,.F.);
#6936=ORIENTED_EDGE('',*,*,#5289,.F.);
#6937=ORIENTED_EDGE('',*,*,#5290,.F.);
#6938=ORIENTED_EDGE('',*,*,#5277,.F.);
#6939=ORIENTED_EDGE('',*,*,#5291,.T.);
#6940=ORIENTED_EDGE('',*,*,#5066,.T.);
#6941=ORIENTED_EDGE('',*,*,#5292,.T.);
#6942=ORIENTED_EDGE('',*,*,#5286,.T.);
#6943=ORIENTED_EDGE('',*,*,#5292,.F.);
#6944=ORIENTED_EDGE('',*,*,#5293,.T.);
#6945=ORIENTED_EDGE('',*,*,#5294,.F.);
#6946=ORIENTED_EDGE('',*,*,#5295,.T.);
#6947=ORIENTED_EDGE('',*,*,#5296,.F.);
#6948=ORIENTED_EDGE('',*,*,#5287,.F.);
#6949=ORIENTED_EDGE('',*,*,#5297,.T.);
#6950=ORIENTED_EDGE('',*,*,#5298,.T.);
#6951=ORIENTED_EDGE('',*,*,#5299,.T.);
#6952=ORIENTED_EDGE('',*,*,#5060,.T.);
#6953=ORIENTED_EDGE('',*,*,#5300,.T.);
#6954=ORIENTED_EDGE('',*,*,#5122,.T.);
#6955=ORIENTED_EDGE('',*,*,#5141,.F.);
#6956=ORIENTED_EDGE('',*,*,#5123,.T.);
#6957=ORIENTED_EDGE('',*,*,#5300,.F.);
#6958=ORIENTED_EDGE('',*,*,#5059,.F.);
#6959=ORIENTED_EDGE('',*,*,#5301,.T.);
#6960=ORIENTED_EDGE('',*,*,#5062,.T.);
#6961=ORIENTED_EDGE('',*,*,#5302,.T.);
#6962=ORIENTED_EDGE('',*,*,#5303,.T.);
#6963=ORIENTED_EDGE('',*,*,#5301,.F.);
#6964=ORIENTED_EDGE('',*,*,#5304,.F.);
#6965=ORIENTED_EDGE('',*,*,#5305,.F.);
#6966=ORIENTED_EDGE('',*,*,#5306,.F.);
#6967=ORIENTED_EDGE('',*,*,#5307,.T.);
#6968=ORIENTED_EDGE('',*,*,#5308,.T.);
#6969=ORIENTED_EDGE('',*,*,#5298,.F.);
#6970=ORIENTED_EDGE('',*,*,#5309,.T.);
#6971=ORIENTED_EDGE('',*,*,#5310,.F.);
#6972=ORIENTED_EDGE('',*,*,#5311,.F.);
#6973=ORIENTED_EDGE('',*,*,#5312,.F.);
#6974=ORIENTED_EDGE('',*,*,#5304,.T.);
#6975=ORIENTED_EDGE('',*,*,#5303,.F.);
#6976=ORIENTED_EDGE('',*,*,#5313,.T.);
#6977=ORIENTED_EDGE('',*,*,#5314,.F.);
#6978=ORIENTED_EDGE('',*,*,#5315,.T.);
#6979=ORIENTED_EDGE('',*,*,#5316,.F.);
#6980=ORIENTED_EDGE('',*,*,#5317,.T.);
#6981=ORIENTED_EDGE('',*,*,#5318,.T.);
#6982=ORIENTED_EDGE('',*,*,#5064,.T.);
#6983=ORIENTED_EDGE('',*,*,#5319,.T.);
#6984=ORIENTED_EDGE('',*,*,#5320,.T.);
#6985=ORIENTED_EDGE('',*,*,#5318,.F.);
#6986=ORIENTED_EDGE('',*,*,#5321,.F.);
#6987=ORIENTED_EDGE('',*,*,#5322,.F.);
#6988=ORIENTED_EDGE('',*,*,#5323,.F.);
#6989=ORIENTED_EDGE('',*,*,#5324,.T.);
#6990=ORIENTED_EDGE('',*,*,#5325,.T.);
#6991=ORIENTED_EDGE('',*,*,#5320,.F.);
#6992=ORIENTED_EDGE('',*,*,#5326,.T.);
#6993=ORIENTED_EDGE('',*,*,#5327,.F.);
#6994=ORIENTED_EDGE('',*,*,#5328,.F.);
#6995=ORIENTED_EDGE('',*,*,#5329,.F.);
#6996=ORIENTED_EDGE('',*,*,#5321,.T.);
#6997=ORIENTED_EDGE('',*,*,#5216,.T.);
#6998=ORIENTED_EDGE('',*,*,#5330,.T.);
#6999=ORIENTED_EDGE('',*,*,#5331,.T.);
#7000=ORIENTED_EDGE('',*,*,#5332,.T.);
#7001=ORIENTED_EDGE('',*,*,#5333,.F.);
#7002=ORIENTED_EDGE('',*,*,#5334,.T.);
#7003=ORIENTED_EDGE('',*,*,#5230,.T.);
#7004=ORIENTED_EDGE('',*,*,#5335,.T.);
#7005=ORIENTED_EDGE('',*,*,#5336,.F.);
#7006=ORIENTED_EDGE('',*,*,#5337,.T.);
#7007=ORIENTED_EDGE('',*,*,#5338,.T.);
#7008=ORIENTED_EDGE('',*,*,#5339,.T.);
#7009=ORIENTED_EDGE('',*,*,#5340,.F.);
#7010=ORIENTED_EDGE('',*,*,#5341,.T.);
#7011=ORIENTED_EDGE('',*,*,#5249,.T.);
#7012=ORIENTED_EDGE('',*,*,#5342,.T.);
#7013=ORIENTED_EDGE('',*,*,#5343,.T.);
#7014=ORIENTED_EDGE('',*,*,#5344,.T.);
#7015=ORIENTED_EDGE('',*,*,#5266,.T.);
#7016=ORIENTED_EDGE('',*,*,#5116,.T.);
#7017=ORIENTED_EDGE('',*,*,#5345,.T.);
#7018=ORIENTED_EDGE('',*,*,#5346,.F.);
#7019=ORIENTED_EDGE('',*,*,#5341,.F.);
#7020=ORIENTED_EDGE('',*,*,#5347,.T.);
#7021=ORIENTED_EDGE('',*,*,#5348,.F.);
#7022=ORIENTED_EDGE('',*,*,#5349,.F.);
#7023=ORIENTED_EDGE('',*,*,#5350,.F.);
#7024=ORIENTED_EDGE('',*,*,#5267,.F.);
#7025=ORIENTED_EDGE('',*,*,#5344,.F.);
#7026=ORIENTED_EDGE('',*,*,#5351,.T.);
#7027=ORIENTED_EDGE('',*,*,#5352,.F.);
#7028=ORIENTED_EDGE('',*,*,#5353,.T.);
#7029=ORIENTED_EDGE('',*,*,#5354,.F.);
#7030=ORIENTED_EDGE('',*,*,#5250,.T.);
#7031=ORIENTED_EDGE('',*,*,#5280,.T.);
#7032=ORIENTED_EDGE('',*,*,#5355,.T.);
#7033=ORIENTED_EDGE('',*,*,#5356,.T.);
#7034=ORIENTED_EDGE('',*,*,#5357,.T.);
#7035=ORIENTED_EDGE('',*,*,#5358,.F.);
#7036=ORIENTED_EDGE('',*,*,#5359,.T.);
#7037=ORIENTED_EDGE('',*,*,#5294,.T.);
#7038=ORIENTED_EDGE('',*,*,#5360,.T.);
#7039=ORIENTED_EDGE('',*,*,#5324,.F.);
#7040=ORIENTED_EDGE('',*,*,#5361,.T.);
#7041=ORIENTED_EDGE('',*,*,#5362,.T.);
#7042=ORIENTED_EDGE('',*,*,#5363,.T.);
#7043=ORIENTED_EDGE('',*,*,#5307,.F.);
#7044=ORIENTED_EDGE('',*,*,#5364,.T.);
#7045=ORIENTED_EDGE('',*,*,#5365,.T.);
#7046=ORIENTED_EDGE('',*,*,#5366,.T.);
#7047=ORIENTED_EDGE('',*,*,#5367,.T.);
#7048=ORIENTED_EDGE('',*,*,#5368,.T.);
#7049=ORIENTED_EDGE('',*,*,#5369,.T.);
#7050=ORIENTED_EDGE('',*,*,#5120,.T.);
#7051=ORIENTED_EDGE('',*,*,#5370,.T.);
#7052=ORIENTED_EDGE('',*,*,#5371,.F.);
#7053=ORIENTED_EDGE('',*,*,#5364,.F.);
#7054=ORIENTED_EDGE('',*,*,#5306,.T.);
#7055=ORIENTED_EDGE('',*,*,#5372,.F.);
#7056=ORIENTED_EDGE('',*,*,#5373,.F.);
#7057=ORIENTED_EDGE('',*,*,#5374,.F.);
#7058=ORIENTED_EDGE('',*,*,#5375,.F.);
#7059=ORIENTED_EDGE('',*,*,#5368,.F.);
#7060=ORIENTED_EDGE('',*,*,#5376,.T.);
#7061=ORIENTED_EDGE('',*,*,#5377,.F.);
#7062=ORIENTED_EDGE('',*,*,#5378,.T.);
#7063=ORIENTED_EDGE('',*,*,#5379,.F.);
#7064=ORIENTED_EDGE('',*,*,#5380,.T.);
#7065=ORIENTED_EDGE('',*,*,#5029,.F.);
#7066=ORIENTED_EDGE('',*,*,#5381,.T.);
#7067=ORIENTED_EDGE('',*,*,#5382,.F.);
#7068=ORIENTED_EDGE('',*,*,#5383,.T.);
#7069=ORIENTED_EDGE('',*,*,#5383,.F.);
#7070=ORIENTED_EDGE('',*,*,#5384,.T.);
#7071=ORIENTED_EDGE('',*,*,#5385,.F.);
#7072=ORIENTED_EDGE('',*,*,#5386,.T.);
#7073=ORIENTED_EDGE('',*,*,#5387,.F.);
#7074=ORIENTED_EDGE('',*,*,#5040,.T.);
#7075=ORIENTED_EDGE('',*,*,#5388,.F.);
#7076=ORIENTED_EDGE('',*,*,#5389,.T.);
#7077=ORIENTED_EDGE('',*,*,#5390,.F.);
#7078=ORIENTED_EDGE('',*,*,#5391,.F.);
#7079=ORIENTED_EDGE('',*,*,#5392,.F.);
#7080=ORIENTED_EDGE('',*,*,#5030,.F.);
#7081=ORIENTED_EDGE('',*,*,#5039,.T.);
#7082=ORIENTED_EDGE('',*,*,#5393,.T.);
#7083=ORIENTED_EDGE('',*,*,#5394,.F.);
#7084=ORIENTED_EDGE('',*,*,#5388,.T.);
#7085=ORIENTED_EDGE('',*,*,#5395,.T.);
#7086=ORIENTED_EDGE('',*,*,#5396,.T.);
#7087=ORIENTED_EDGE('',*,*,#5088,.F.);
#7088=ORIENTED_EDGE('',*,*,#5397,.T.);
#7089=ORIENTED_EDGE('',*,*,#5397,.F.);
#7090=ORIENTED_EDGE('',*,*,#5092,.T.);
#7091=ORIENTED_EDGE('',*,*,#5398,.F.);
#7092=ORIENTED_EDGE('',*,*,#5399,.F.);
#7093=ORIENTED_EDGE('',*,*,#5400,.F.);
#7094=ORIENTED_EDGE('',*,*,#5401,.F.);
#7095=ORIENTED_EDGE('',*,*,#5107,.T.);
#7096=ORIENTED_EDGE('',*,*,#5402,.T.);
#7097=ORIENTED_EDGE('',*,*,#5403,.F.);
#7098=ORIENTED_EDGE('',*,*,#5404,.T.);
#7099=ORIENTED_EDGE('',*,*,#5404,.F.);
#7100=ORIENTED_EDGE('',*,*,#5405,.T.);
#7101=ORIENTED_EDGE('',*,*,#5406,.F.);
#7102=ORIENTED_EDGE('',*,*,#5407,.T.);
#7103=ORIENTED_EDGE('',*,*,#5408,.F.);
#7104=ORIENTED_EDGE('',*,*,#5409,.T.);
#7105=ORIENTED_EDGE('',*,*,#5410,.F.);
#7106=ORIENTED_EDGE('',*,*,#5131,.T.);
#7107=ORIENTED_EDGE('',*,*,#5411,.F.);
#7108=ORIENTED_EDGE('',*,*,#5412,.F.);
#7109=ORIENTED_EDGE('',*,*,#5413,.F.);
#7110=ORIENTED_EDGE('',*,*,#5103,.F.);
#7111=ORIENTED_EDGE('',*,*,#5414,.F.);
#7112=ORIENTED_EDGE('',*,*,#5415,.T.);
#7113=ORIENTED_EDGE('',*,*,#5416,.F.);
#7114=ORIENTED_EDGE('',*,*,#5114,.T.);
#7115=ORIENTED_EDGE('',*,*,#5132,.T.);
#7116=ORIENTED_EDGE('',*,*,#5410,.T.);
#7117=ORIENTED_EDGE('',*,*,#5417,.F.);
#7118=ORIENTED_EDGE('',*,*,#5418,.T.);
#7119=ORIENTED_EDGE('',*,*,#5200,.F.);
#7120=ORIENTED_EDGE('',*,*,#5419,.T.);
#7121=ORIENTED_EDGE('',*,*,#5420,.F.);
#7122=ORIENTED_EDGE('',*,*,#5421,.T.);
#7123=ORIENTED_EDGE('',*,*,#5181,.T.);
#7124=ORIENTED_EDGE('',*,*,#5422,.T.);
#7125=ORIENTED_EDGE('',*,*,#5171,.F.);
#7126=ORIENTED_EDGE('',*,*,#5423,.T.);
#7127=ORIENTED_EDGE('',*,*,#5424,.T.);
#7128=ORIENTED_EDGE('',*,*,#5425,.T.);
#7129=ORIENTED_EDGE('',*,*,#5426,.F.);
#7130=ORIENTED_EDGE('',*,*,#5427,.T.);
#7131=ORIENTED_EDGE('',*,*,#5162,.T.);
#7132=ORIENTED_EDGE('',*,*,#5428,.T.);
#7133=ORIENTED_EDGE('',*,*,#5429,.F.);
#7134=ORIENTED_EDGE('',*,*,#5430,.T.);
#7135=ORIENTED_EDGE('',*,*,#5431,.F.);
#7136=ORIENTED_EDGE('',*,*,#5126,.T.);
#7137=ORIENTED_EDGE('',*,*,#5148,.T.);
#7138=ORIENTED_EDGE('',*,*,#5432,.T.);
#7139=ORIENTED_EDGE('',*,*,#5427,.F.);
#7140=ORIENTED_EDGE('',*,*,#5433,.T.);
#7141=ORIENTED_EDGE('',*,*,#5434,.F.);
#7142=ORIENTED_EDGE('',*,*,#5435,.T.);
#7143=ORIENTED_EDGE('',*,*,#5436,.F.);
#7144=ORIENTED_EDGE('',*,*,#5437,.T.);
#7145=ORIENTED_EDGE('',*,*,#5432,.F.);
#7146=ORIENTED_EDGE('',*,*,#5147,.T.);
#7147=ORIENTED_EDGE('',*,*,#5438,.F.);
#7148=ORIENTED_EDGE('',*,*,#5439,.F.);
#7149=ORIENTED_EDGE('',*,*,#5440,.F.);
#7150=ORIENTED_EDGE('',*,*,#5163,.F.);
#7151=ORIENTED_EDGE('',*,*,#5080,.T.);
#7152=ORIENTED_EDGE('',*,*,#5441,.T.);
#7153=ORIENTED_EDGE('',*,*,#5442,.T.);
#7154=ORIENTED_EDGE('',*,*,#5441,.F.);
#7155=ORIENTED_EDGE('',*,*,#5442,.F.);
#7156=ORIENTED_EDGE('',*,*,#5443,.T.);
#7157=ORIENTED_EDGE('',*,*,#5444,.F.);
#7158=ORIENTED_EDGE('',*,*,#5443,.F.);
#7159=ORIENTED_EDGE('',*,*,#5445,.F.);
#7160=ORIENTED_EDGE('',*,*,#5446,.T.);
#7161=ORIENTED_EDGE('',*,*,#5128,.F.);
#7162=ORIENTED_EDGE('',*,*,#5446,.F.);
#7163=ORIENTED_EDGE('',*,*,#5445,.T.);
#7164=ORIENTED_EDGE('',*,*,#5444,.T.);
#7165=ORIENTED_EDGE('',*,*,#5350,.T.);
#7166=ORIENTED_EDGE('',*,*,#5447,.T.);
#7167=ORIENTED_EDGE('',*,*,#5262,.T.);
#7168=ORIENTED_EDGE('',*,*,#5268,.T.);
#7169=ORIENTED_EDGE('',*,*,#5448,.T.);
#7170=ORIENTED_EDGE('',*,*,#5449,.T.);
#7171=ORIENTED_EDGE('',*,*,#5238,.T.);
#7172=ORIENTED_EDGE('',*,*,#5244,.T.);
#7173=ORIENTED_EDGE('',*,*,#5449,.F.);
#7174=ORIENTED_EDGE('',*,*,#5450,.T.);
#7175=ORIENTED_EDGE('',*,*,#5451,.F.);
#7176=ORIENTED_EDGE('',*,*,#5239,.T.);
#7177=ORIENTED_EDGE('',*,*,#5452,.T.);
#7178=ORIENTED_EDGE('',*,*,#5453,.T.);
#7179=ORIENTED_EDGE('',*,*,#5224,.T.);
#7180=ORIENTED_EDGE('',*,*,#5232,.T.);
#7181=ORIENTED_EDGE('',*,*,#5264,.T.);
#7182=ORIENTED_EDGE('',*,*,#5454,.T.);
#7183=ORIENTED_EDGE('',*,*,#5348,.T.);
#7184=ORIENTED_EDGE('',*,*,#5455,.T.);
#7185=ORIENTED_EDGE('',*,*,#5245,.F.);
#7186=ORIENTED_EDGE('',*,*,#5265,.F.);
#7187=ORIENTED_EDGE('',*,*,#5455,.F.);
#7188=ORIENTED_EDGE('',*,*,#5347,.F.);
#7189=ORIENTED_EDGE('',*,*,#5340,.T.);
#7190=ORIENTED_EDGE('',*,*,#5456,.T.);
#7191=ORIENTED_EDGE('',*,*,#5240,.T.);
#7192=ORIENTED_EDGE('',*,*,#5451,.T.);
#7193=ORIENTED_EDGE('',*,*,#5457,.T.);
#7194=ORIENTED_EDGE('',*,*,#5458,.T.);
#7195=ORIENTED_EDGE('',*,*,#5226,.T.);
#7196=ORIENTED_EDGE('',*,*,#5459,.T.);
#7197=ORIENTED_EDGE('',*,*,#5460,.T.);
#7198=ORIENTED_EDGE('',*,*,#5214,.T.);
#7199=ORIENTED_EDGE('',*,*,#5330,.F.);
#7200=ORIENTED_EDGE('',*,*,#5215,.T.);
#7201=ORIENTED_EDGE('',*,*,#5460,.F.);
#7202=ORIENTED_EDGE('',*,*,#5461,.F.);
#7203=ORIENTED_EDGE('',*,*,#5452,.F.);
#7204=ORIENTED_EDGE('',*,*,#5231,.F.);
#7205=ORIENTED_EDGE('',*,*,#5334,.F.);
#7206=ORIENTED_EDGE('',*,*,#5462,.T.);
#7207=ORIENTED_EDGE('',*,*,#5463,.F.);
#7208=ORIENTED_EDGE('',*,*,#5464,.T.);
#7209=ORIENTED_EDGE('',*,*,#5465,.F.);
#7210=ORIENTED_EDGE('',*,*,#5466,.T.);
#7211=ORIENTED_EDGE('',*,*,#5220,.T.);
#7212=ORIENTED_EDGE('',*,*,#5467,.T.);
#7213=ORIENTED_EDGE('',*,*,#5463,.T.);
#7214=ORIENTED_EDGE('',*,*,#5468,.T.);
#7215=ORIENTED_EDGE('',*,*,#5467,.F.);
#7216=ORIENTED_EDGE('',*,*,#5219,.F.);
#7217=ORIENTED_EDGE('',*,*,#5469,.F.);
#7218=ORIENTED_EDGE('',*,*,#5464,.F.);
#7219=ORIENTED_EDGE('',*,*,#5259,.T.);
#7220=ORIENTED_EDGE('',*,*,#5470,.T.);
#7221=ORIENTED_EDGE('',*,*,#5352,.T.);
#7222=ORIENTED_EDGE('',*,*,#5471,.T.);
#7223=ORIENTED_EDGE('',*,*,#5470,.F.);
#7224=ORIENTED_EDGE('',*,*,#5258,.F.);
#7225=ORIENTED_EDGE('',*,*,#5472,.F.);
#7226=ORIENTED_EDGE('',*,*,#5353,.F.);
#7227=ORIENTED_EDGE('',*,*,#5257,.T.);
#7228=ORIENTED_EDGE('',*,*,#5251,.T.);
#7229=ORIENTED_EDGE('',*,*,#5354,.T.);
#7230=ORIENTED_EDGE('',*,*,#5472,.T.);
#7231=ORIENTED_EDGE('',*,*,#5218,.T.);
#7232=ORIENTED_EDGE('',*,*,#5473,.T.);
#7233=ORIENTED_EDGE('',*,*,#5465,.T.);
#7234=ORIENTED_EDGE('',*,*,#5469,.T.);
#7235=ORIENTED_EDGE('',*,*,#5206,.F.);
#7236=ORIENTED_EDGE('',*,*,#5474,.T.);
#7237=ORIENTED_EDGE('',*,*,#5331,.F.);
#7238=ORIENTED_EDGE('',*,*,#5466,.F.);
#7239=ORIENTED_EDGE('',*,*,#5473,.F.);
#7240=ORIENTED_EDGE('',*,*,#5217,.F.);
#7241=ORIENTED_EDGE('',*,*,#5374,.T.);
#7242=ORIENTED_EDGE('',*,*,#5475,.T.);
#7243=ORIENTED_EDGE('',*,*,#5310,.T.);
#7244=ORIENTED_EDGE('',*,*,#5476,.T.);
#7245=ORIENTED_EDGE('',*,*,#5297,.F.);
#7246=ORIENTED_EDGE('',*,*,#5121,.F.);
#7247=ORIENTED_EDGE('',*,*,#5369,.F.);
#7248=ORIENTED_EDGE('',*,*,#5375,.T.);
#7249=ORIENTED_EDGE('',*,*,#5476,.F.);
#7250=ORIENTED_EDGE('',*,*,#5309,.F.);
#7251=ORIENTED_EDGE('',*,*,#5477,.T.);
#7252=ORIENTED_EDGE('',*,*,#5478,.T.);
#7253=ORIENTED_EDGE('',*,*,#5327,.T.);
#7254=ORIENTED_EDGE('',*,*,#5479,.T.);
#7255=ORIENTED_EDGE('',*,*,#5478,.F.);
#7256=ORIENTED_EDGE('',*,*,#5480,.T.);
#7257=ORIENTED_EDGE('',*,*,#5481,.F.);
#7258=ORIENTED_EDGE('',*,*,#5328,.T.);
#7259=ORIENTED_EDGE('',*,*,#5482,.T.);
#7260=ORIENTED_EDGE('',*,*,#5483,.T.);
#7261=ORIENTED_EDGE('',*,*,#5288,.T.);
#7262=ORIENTED_EDGE('',*,*,#5296,.T.);
#7263=ORIENTED_EDGE('',*,*,#5312,.T.);
#7264=ORIENTED_EDGE('',*,*,#5484,.T.);
#7265=ORIENTED_EDGE('',*,*,#5372,.T.);
#7266=ORIENTED_EDGE('',*,*,#5305,.T.);
#7267=ORIENTED_EDGE('',*,*,#5329,.T.);
#7268=ORIENTED_EDGE('',*,*,#5481,.T.);
#7269=ORIENTED_EDGE('',*,*,#5485,.T.);
#7270=ORIENTED_EDGE('',*,*,#5322,.T.);
#7271=ORIENTED_EDGE('',*,*,#5290,.T.);
#7272=ORIENTED_EDGE('',*,*,#5486,.T.);
#7273=ORIENTED_EDGE('',*,*,#5487,.T.);
#7274=ORIENTED_EDGE('',*,*,#5278,.T.);
#7275=ORIENTED_EDGE('',*,*,#5355,.F.);
#7276=ORIENTED_EDGE('',*,*,#5279,.T.);
#7277=ORIENTED_EDGE('',*,*,#5487,.F.);
#7278=ORIENTED_EDGE('',*,*,#5488,.F.);
#7279=ORIENTED_EDGE('',*,*,#5482,.F.);
#7280=ORIENTED_EDGE('',*,*,#5295,.F.);
#7281=ORIENTED_EDGE('',*,*,#5359,.F.);
#7282=ORIENTED_EDGE('',*,*,#5489,.T.);
#7283=ORIENTED_EDGE('',*,*,#5490,.F.);
#7284=ORIENTED_EDGE('',*,*,#5491,.T.);
#7285=ORIENTED_EDGE('',*,*,#5492,.F.);
#7286=ORIENTED_EDGE('',*,*,#5493,.T.);
#7287=ORIENTED_EDGE('',*,*,#5284,.T.);
#7288=ORIENTED_EDGE('',*,*,#5494,.T.);
#7289=ORIENTED_EDGE('',*,*,#5490,.T.);
#7290=ORIENTED_EDGE('',*,*,#5495,.T.);
#7291=ORIENTED_EDGE('',*,*,#5494,.F.);
#7292=ORIENTED_EDGE('',*,*,#5283,.F.);
#7293=ORIENTED_EDGE('',*,*,#5496,.F.);
#7294=ORIENTED_EDGE('',*,*,#5491,.F.);
#7295=ORIENTED_EDGE('',*,*,#5316,.T.);
#7296=ORIENTED_EDGE('',*,*,#5497,.T.);
#7297=ORIENTED_EDGE('',*,*,#5377,.T.);
#7298=ORIENTED_EDGE('',*,*,#5498,.T.);
#7299=ORIENTED_EDGE('',*,*,#5497,.F.);
#7300=ORIENTED_EDGE('',*,*,#5315,.F.);
#7301=ORIENTED_EDGE('',*,*,#5499,.F.);
#7302=ORIENTED_EDGE('',*,*,#5378,.F.);
#7303=ORIENTED_EDGE('',*,*,#5314,.T.);
#7304=ORIENTED_EDGE('',*,*,#5500,.T.);
#7305=ORIENTED_EDGE('',*,*,#5379,.T.);
#7306=ORIENTED_EDGE('',*,*,#5499,.T.);
#7307=ORIENTED_EDGE('',*,*,#5302,.F.);
#7308=ORIENTED_EDGE('',*,*,#5501,.T.);
#7309=ORIENTED_EDGE('',*,*,#5365,.F.);
#7310=ORIENTED_EDGE('',*,*,#5380,.F.);
#7311=ORIENTED_EDGE('',*,*,#5500,.F.);
#7312=ORIENTED_EDGE('',*,*,#5313,.F.);
#7313=ORIENTED_EDGE('',*,*,#5282,.T.);
#7314=ORIENTED_EDGE('',*,*,#5502,.T.);
#7315=ORIENTED_EDGE('',*,*,#5492,.T.);
#7316=ORIENTED_EDGE('',*,*,#5496,.T.);
#7317=ORIENTED_EDGE('',*,*,#5270,.F.);
#7318=ORIENTED_EDGE('',*,*,#5503,.T.);
#7319=ORIENTED_EDGE('',*,*,#5356,.F.);
#7320=ORIENTED_EDGE('',*,*,#5493,.F.);
#7321=ORIENTED_EDGE('',*,*,#5502,.F.);
#7322=ORIENTED_EDGE('',*,*,#5281,.F.);
#7323=ORIENTED_EDGE('',*,*,#5504,.T.);
#7324=ORIENTED_EDGE('',*,*,#5505,.T.);
#7325=ORIENTED_EDGE('',*,*,#5195,.T.);
#7326=ORIENTED_EDGE('',*,*,#5202,.T.);
#7327=ORIENTED_EDGE('',*,*,#5506,.T.);
#7328=ORIENTED_EDGE('',*,*,#5507,.T.);
#7329=ORIENTED_EDGE('',*,*,#5174,.T.);
#7330=ORIENTED_EDGE('',*,*,#5508,.T.);
#7331=ORIENTED_EDGE('',*,*,#5507,.F.);
#7332=ORIENTED_EDGE('',*,*,#5509,.T.);
#7333=ORIENTED_EDGE('',*,*,#5510,.F.);
#7334=ORIENTED_EDGE('',*,*,#5175,.T.);
#7335=ORIENTED_EDGE('',*,*,#5440,.T.);
#7336=ORIENTED_EDGE('',*,*,#5511,.T.);
#7337=ORIENTED_EDGE('',*,*,#5156,.T.);
#7338=ORIENTED_EDGE('',*,*,#5164,.T.);
#7339=ORIENTED_EDGE('',*,*,#5197,.T.);
#7340=ORIENTED_EDGE('',*,*,#5512,.T.);
#7341=ORIENTED_EDGE('',*,*,#5513,.T.);
#7342=ORIENTED_EDGE('',*,*,#5514,.T.);
#7343=ORIENTED_EDGE('',*,*,#5177,.F.);
#7344=ORIENTED_EDGE('',*,*,#5198,.F.);
#7345=ORIENTED_EDGE('',*,*,#5514,.F.);
#7346=ORIENTED_EDGE('',*,*,#5515,.F.);
#7347=ORIENTED_EDGE('',*,*,#5420,.T.);
#7348=ORIENTED_EDGE('',*,*,#5516,.T.);
#7349=ORIENTED_EDGE('',*,*,#5418,.F.);
#7350=ORIENTED_EDGE('',*,*,#5517,.T.);
#7351=ORIENTED_EDGE('',*,*,#5518,.F.);
#7352=ORIENTED_EDGE('',*,*,#5519,.T.);
#7353=ORIENTED_EDGE('',*,*,#5520,.F.);
#7354=ORIENTED_EDGE('',*,*,#5182,.T.);
#7355=ORIENTED_EDGE('',*,*,#5421,.F.);
#7356=ORIENTED_EDGE('',*,*,#5515,.T.);
#7357=ORIENTED_EDGE('',*,*,#5513,.F.);
#7358=ORIENTED_EDGE('',*,*,#5521,.F.);
#7359=ORIENTED_EDGE('',*,*,#5504,.F.);
#7360=ORIENTED_EDGE('',*,*,#5201,.F.);
#7361=ORIENTED_EDGE('',*,*,#5176,.T.);
#7362=ORIENTED_EDGE('',*,*,#5510,.T.);
#7363=ORIENTED_EDGE('',*,*,#5522,.T.);
#7364=ORIENTED_EDGE('',*,*,#5169,.T.);
#7365=ORIENTED_EDGE('',*,*,#5158,.T.);
#7366=ORIENTED_EDGE('',*,*,#5523,.T.);
#7367=ORIENTED_EDGE('',*,*,#5438,.T.);
#7368=ORIENTED_EDGE('',*,*,#5146,.T.);
#7369=ORIENTED_EDGE('',*,*,#5152,.T.);
#7370=ORIENTED_EDGE('',*,*,#5524,.T.);
#7371=ORIENTED_EDGE('',*,*,#5434,.T.);
#7372=ORIENTED_EDGE('',*,*,#5525,.T.);
#7373=ORIENTED_EDGE('',*,*,#5524,.F.);
#7374=ORIENTED_EDGE('',*,*,#5151,.F.);
#7375=ORIENTED_EDGE('',*,*,#5526,.F.);
#7376=ORIENTED_EDGE('',*,*,#5435,.F.);
#7377=ORIENTED_EDGE('',*,*,#5192,.T.);
#7378=ORIENTED_EDGE('',*,*,#5527,.T.);
#7379=ORIENTED_EDGE('',*,*,#5518,.T.);
#7380=ORIENTED_EDGE('',*,*,#5528,.T.);
#7381=ORIENTED_EDGE('',*,*,#5527,.F.);
#7382=ORIENTED_EDGE('',*,*,#5191,.F.);
#7383=ORIENTED_EDGE('',*,*,#5529,.F.);
#7384=ORIENTED_EDGE('',*,*,#5519,.F.);
#7385=ORIENTED_EDGE('',*,*,#5190,.T.);
#7386=ORIENTED_EDGE('',*,*,#5183,.T.);
#7387=ORIENTED_EDGE('',*,*,#5520,.T.);
#7388=ORIENTED_EDGE('',*,*,#5529,.T.);
#7389=ORIENTED_EDGE('',*,*,#5150,.T.);
#7390=ORIENTED_EDGE('',*,*,#5530,.T.);
#7391=ORIENTED_EDGE('',*,*,#5436,.T.);
#7392=ORIENTED_EDGE('',*,*,#5526,.T.);
#7393=ORIENTED_EDGE('',*,*,#5142,.F.);
#7394=ORIENTED_EDGE('',*,*,#5531,.T.);
#7395=ORIENTED_EDGE('',*,*,#5429,.T.);
#7396=ORIENTED_EDGE('',*,*,#5437,.F.);
#7397=ORIENTED_EDGE('',*,*,#5530,.F.);
#7398=ORIENTED_EDGE('',*,*,#5149,.F.);
#7399=ORIENTED_EDGE('',*,*,#5413,.T.);
#7400=ORIENTED_EDGE('',*,*,#5532,.T.);
#7401=ORIENTED_EDGE('',*,*,#5133,.T.);
#7402=ORIENTED_EDGE('',*,*,#5104,.T.);
#7403=ORIENTED_EDGE('',*,*,#5137,.T.);
#7404=ORIENTED_EDGE('',*,*,#5533,.T.);
#7405=ORIENTED_EDGE('',*,*,#5408,.T.);
#7406=ORIENTED_EDGE('',*,*,#5534,.T.);
#7407=ORIENTED_EDGE('',*,*,#5109,.F.);
#7408=ORIENTED_EDGE('',*,*,#5535,.T.);
#7409=ORIENTED_EDGE('',*,*,#5414,.T.);
#7410=ORIENTED_EDGE('',*,*,#5409,.F.);
#7411=ORIENTED_EDGE('',*,*,#5533,.F.);
#7412=ORIENTED_EDGE('',*,*,#5136,.F.);
#7413=ORIENTED_EDGE('',*,*,#5135,.T.);
#7414=ORIENTED_EDGE('',*,*,#5536,.T.);
#7415=ORIENTED_EDGE('',*,*,#5411,.T.);
#7416=ORIENTED_EDGE('',*,*,#5130,.T.);
#7417=ORIENTED_EDGE('',*,*,#5139,.T.);
#7418=ORIENTED_EDGE('',*,*,#5537,.T.);
#7419=ORIENTED_EDGE('',*,*,#5406,.T.);
#7420=ORIENTED_EDGE('',*,*,#5538,.T.);
#7421=ORIENTED_EDGE('',*,*,#5534,.F.);
#7422=ORIENTED_EDGE('',*,*,#5407,.F.);
#7423=ORIENTED_EDGE('',*,*,#5537,.F.);
#7424=ORIENTED_EDGE('',*,*,#5138,.F.);
#7425=ORIENTED_EDGE('',*,*,#5026,.T.);
#7426=ORIENTED_EDGE('',*,*,#5539,.T.);
#7427=ORIENTED_EDGE('',*,*,#5385,.T.);
#7428=ORIENTED_EDGE('',*,*,#5540,.T.);
#7429=ORIENTED_EDGE('',*,*,#5539,.F.);
#7430=ORIENTED_EDGE('',*,*,#5025,.F.);
#7431=ORIENTED_EDGE('',*,*,#5541,.F.);
#7432=ORIENTED_EDGE('',*,*,#5386,.F.);
#7433=ORIENTED_EDGE('',*,*,#5020,.T.);
#7434=ORIENTED_EDGE('',*,*,#5542,.T.);
#7435=ORIENTED_EDGE('',*,*,#5390,.T.);
#7436=ORIENTED_EDGE('',*,*,#5543,.T.);
#7437=ORIENTED_EDGE('',*,*,#5542,.F.);
#7438=ORIENTED_EDGE('',*,*,#5019,.T.);
#7439=ORIENTED_EDGE('',*,*,#5544,.F.);
#7440=ORIENTED_EDGE('',*,*,#5391,.T.);
#7441=ORIENTED_EDGE('',*,*,#5096,.T.);
#7442=ORIENTED_EDGE('',*,*,#5545,.T.);
#7443=ORIENTED_EDGE('',*,*,#5398,.T.);
#7444=ORIENTED_EDGE('',*,*,#5091,.T.);
#7445=ORIENTED_EDGE('',*,*,#5545,.F.);
#7446=ORIENTED_EDGE('',*,*,#5095,.T.);
#7447=ORIENTED_EDGE('',*,*,#5546,.F.);
#7448=ORIENTED_EDGE('',*,*,#5399,.T.);
#7449=ORIENTED_EDGE('',*,*,#5392,.T.);
#7450=ORIENTED_EDGE('',*,*,#5544,.T.);
#7451=ORIENTED_EDGE('',*,*,#5018,.T.);
#7452=ORIENTED_EDGE('',*,*,#5031,.T.);
#7453=ORIENTED_EDGE('',*,*,#5400,.T.);
#7454=ORIENTED_EDGE('',*,*,#5546,.T.);
#7455=ORIENTED_EDGE('',*,*,#5094,.T.);
#7456=ORIENTED_EDGE('',*,*,#5547,.T.);
#7457=ORIENTED_EDGE('',*,*,#5024,.T.);
#7458=ORIENTED_EDGE('',*,*,#5041,.T.);
#7459=ORIENTED_EDGE('',*,*,#5387,.T.);
#7460=ORIENTED_EDGE('',*,*,#5541,.T.);
#7461=ORIENTED_EDGE('',*,*,#5082,.F.);
#7462=ORIENTED_EDGE('',*,*,#5548,.T.);
#7463=ORIENTED_EDGE('',*,*,#5395,.F.);
#7464=ORIENTED_EDGE('',*,*,#5549,.F.);
#7465=ORIENTED_EDGE('',*,*,#5550,.T.);
#7466=ORIENTED_EDGE('',*,*,#5034,.F.);
#7467=ORIENTED_EDGE('',*,*,#5551,.T.);
#7468=ORIENTED_EDGE('',*,*,#5552,.T.);
#7469=ORIENTED_EDGE('',*,*,#5394,.T.);
#7470=ORIENTED_EDGE('',*,*,#5553,.T.);
#7471=ORIENTED_EDGE('',*,*,#5089,.F.);
#7472=ORIENTED_EDGE('',*,*,#5396,.F.);
#7473=ORIENTED_EDGE('',*,*,#5548,.F.);
#7474=ORIENTED_EDGE('',*,*,#5043,.F.);
#7475=ORIENTED_EDGE('',*,*,#5553,.F.);
#7476=ORIENTED_EDGE('',*,*,#5393,.F.);
#7477=ORIENTED_EDGE('',*,*,#5038,.F.);
#7478=ORIENTED_EDGE('',*,*,#5042,.F.);
#7479=ORIENTED_EDGE('',*,*,#5554,.F.);
#7480=ORIENTED_EDGE('',*,*,#5381,.F.);
#7481=ORIENTED_EDGE('',*,*,#5033,.F.);
#7482=ORIENTED_EDGE('',*,*,#5555,.F.);
#7483=ORIENTED_EDGE('',*,*,#5415,.F.);
#7484=ORIENTED_EDGE('',*,*,#5535,.F.);
#7485=ORIENTED_EDGE('',*,*,#5047,.F.);
#7486=ORIENTED_EDGE('',*,*,#5556,.F.);
#7487=ORIENTED_EDGE('',*,*,#5402,.F.);
#7488=ORIENTED_EDGE('',*,*,#5106,.F.);
#7489=ORIENTED_EDGE('',*,*,#5045,.F.);
#7490=ORIENTED_EDGE('',*,*,#5516,.F.);
#7491=ORIENTED_EDGE('',*,*,#5422,.F.);
#7492=ORIENTED_EDGE('',*,*,#5180,.F.);
#7493=ORIENTED_EDGE('',*,*,#5051,.F.);
#7494=ORIENTED_EDGE('',*,*,#5557,.F.);
#7495=ORIENTED_EDGE('',*,*,#5419,.F.);
#7496=ORIENTED_EDGE('',*,*,#5204,.F.);
#7497=ORIENTED_EDGE('',*,*,#5558,.F.);
#7498=ORIENTED_EDGE('',*,*,#5430,.F.);
#7499=ORIENTED_EDGE('',*,*,#5531,.F.);
#7500=ORIENTED_EDGE('',*,*,#5057,.F.);
#7501=ORIENTED_EDGE('',*,*,#5559,.F.);
#7502=ORIENTED_EDGE('',*,*,#5428,.F.);
#7503=ORIENTED_EDGE('',*,*,#5161,.F.);
#7504=ORIENTED_EDGE('',*,*,#5055,.F.);
#7505=ORIENTED_EDGE('',*,*,#5172,.F.);
#7506=ORIENTED_EDGE('',*,*,#5425,.F.);
#7507=ORIENTED_EDGE('',*,*,#5560,.F.);
#7508=ORIENTED_EDGE('',*,*,#5053,.F.);
#7509=ORIENTED_EDGE('',*,*,#5236,.F.);
#7510=ORIENTED_EDGE('',*,*,#5561,.T.);
#7511=ORIENTED_EDGE('',*,*,#5338,.F.);
#7512=ORIENTED_EDGE('',*,*,#5562,.F.);
#7513=ORIENTED_EDGE('',*,*,#5242,.T.);
#7514=ORIENTED_EDGE('',*,*,#5187,.F.);
#7515=ORIENTED_EDGE('',*,*,#5193,.F.);
#7516=ORIENTED_EDGE('',*,*,#5528,.F.);
#7517=ORIENTED_EDGE('',*,*,#5517,.F.);
#7518=ORIENTED_EDGE('',*,*,#5417,.T.);
#7519=ORIENTED_EDGE('',*,*,#5557,.T.);
#7520=ORIENTED_EDGE('',*,*,#5159,.F.);
#7521=ORIENTED_EDGE('',*,*,#5153,.F.);
#7522=ORIENTED_EDGE('',*,*,#5525,.F.);
#7523=ORIENTED_EDGE('',*,*,#5433,.F.);
#7524=ORIENTED_EDGE('',*,*,#5426,.T.);
#7525=ORIENTED_EDGE('',*,*,#5559,.T.);
#7526=ORIENTED_EDGE('',*,*,#5255,.F.);
#7527=ORIENTED_EDGE('',*,*,#5260,.F.);
#7528=ORIENTED_EDGE('',*,*,#5471,.F.);
#7529=ORIENTED_EDGE('',*,*,#5351,.F.);
#7530=ORIENTED_EDGE('',*,*,#5343,.F.);
#7531=ORIENTED_EDGE('',*,*,#5563,.T.);
#7532=ORIENTED_EDGE('',*,*,#5227,.F.);
#7533=ORIENTED_EDGE('',*,*,#5221,.F.);
#7534=ORIENTED_EDGE('',*,*,#5468,.F.);
#7535=ORIENTED_EDGE('',*,*,#5462,.F.);
#7536=ORIENTED_EDGE('',*,*,#5333,.T.);
#7537=ORIENTED_EDGE('',*,*,#5564,.T.);
#7538=ORIENTED_EDGE('',*,*,#5474,.F.);
#7539=ORIENTED_EDGE('',*,*,#5077,.F.);
#7540=ORIENTED_EDGE('',*,*,#5564,.F.);
#7541=ORIENTED_EDGE('',*,*,#5335,.F.);
#7542=ORIENTED_EDGE('',*,*,#5229,.F.);
#7543=ORIENTED_EDGE('',*,*,#5075,.F.);
#7544=ORIENTED_EDGE('',*,*,#5565,.F.);
#7545=ORIENTED_EDGE('',*,*,#5339,.F.);
#7546=ORIENTED_EDGE('',*,*,#5561,.F.);
#7547=ORIENTED_EDGE('',*,*,#5073,.F.);
#7548=ORIENTED_EDGE('',*,*,#5456,.F.);
#7549=ORIENTED_EDGE('',*,*,#5342,.F.);
#7550=ORIENTED_EDGE('',*,*,#5248,.F.);
#7551=ORIENTED_EDGE('',*,*,#5071,.F.);
#7552=ORIENTED_EDGE('',*,*,#5563,.F.);
#7553=ORIENTED_EDGE('',*,*,#5346,.T.);
#7554=ORIENTED_EDGE('',*,*,#5566,.T.);
#7555=ORIENTED_EDGE('',*,*,#5211,.F.);
#7556=ORIENTED_EDGE('',*,*,#5332,.F.);
#7557=ORIENTED_EDGE('',*,*,#5097,.F.);
#7558=ORIENTED_EDGE('',*,*,#5140,.F.);
#7559=ORIENTED_EDGE('',*,*,#5538,.F.);
#7560=ORIENTED_EDGE('',*,*,#5405,.F.);
#7561=ORIENTED_EDGE('',*,*,#5403,.T.);
#7562=ORIENTED_EDGE('',*,*,#5556,.T.);
#7563=ORIENTED_EDGE('',*,*,#5013,.F.);
#7564=ORIENTED_EDGE('',*,*,#5027,.F.);
#7565=ORIENTED_EDGE('',*,*,#5540,.F.);
#7566=ORIENTED_EDGE('',*,*,#5384,.F.);
#7567=ORIENTED_EDGE('',*,*,#5382,.T.);
#7568=ORIENTED_EDGE('',*,*,#5554,.T.);
#7569=ORIENTED_EDGE('',*,*,#5291,.F.);
#7570=ORIENTED_EDGE('',*,*,#5285,.F.);
#7571=ORIENTED_EDGE('',*,*,#5495,.F.);
#7572=ORIENTED_EDGE('',*,*,#5489,.F.);
#7573=ORIENTED_EDGE('',*,*,#5358,.T.);
#7574=ORIENTED_EDGE('',*,*,#5567,.T.);
#7575=ORIENTED_EDGE('',*,*,#5503,.F.);
#7576=ORIENTED_EDGE('',*,*,#5067,.F.);
#7577=ORIENTED_EDGE('',*,*,#5567,.F.);
#7578=ORIENTED_EDGE('',*,*,#5360,.F.);
#7579=ORIENTED_EDGE('',*,*,#5293,.F.);
#7580=ORIENTED_EDGE('',*,*,#5065,.F.);
#7581=ORIENTED_EDGE('',*,*,#5325,.F.);
#7582=ORIENTED_EDGE('',*,*,#5363,.F.);
#7583=ORIENTED_EDGE('',*,*,#5568,.F.);
#7584=ORIENTED_EDGE('',*,*,#5063,.F.);
#7585=ORIENTED_EDGE('',*,*,#5308,.F.);
#7586=ORIENTED_EDGE('',*,*,#5366,.F.);
#7587=ORIENTED_EDGE('',*,*,#5501,.F.);
#7588=ORIENTED_EDGE('',*,*,#5061,.F.);
#7589=ORIENTED_EDGE('',*,*,#5569,.F.);
#7590=ORIENTED_EDGE('',*,*,#5371,.T.);
#7591=ORIENTED_EDGE('',*,*,#5570,.T.);
#7592=ORIENTED_EDGE('',*,*,#5275,.F.);
#7593=ORIENTED_EDGE('',*,*,#5357,.F.);
#7594=ORIENTED_EDGE('',*,*,#5299,.F.);
#7595=ORIENTED_EDGE('',*,*,#5317,.F.);
#7596=ORIENTED_EDGE('',*,*,#5498,.F.);
#7597=ORIENTED_EDGE('',*,*,#5376,.F.);
#7598=ORIENTED_EDGE('',*,*,#5367,.F.);
#7599=ORIENTED_EDGE('',*,*,#5569,.T.);
#7600=ORIENTED_EDGE('',*,*,#5037,.F.);
#7601=ORIENTED_EDGE('',*,*,#5021,.T.);
#7602=ORIENTED_EDGE('',*,*,#5543,.F.);
#7603=ORIENTED_EDGE('',*,*,#5389,.F.);
#7604=ORIENTED_EDGE('',*,*,#5552,.F.);
#7605=ORIENTED_EDGE('',*,*,#5551,.F.);
#7606=ORIENTED_EDGE('',*,*,#5166,.F.);
#7607=ORIENTED_EDGE('',*,*,#5560,.T.);
#7608=ORIENTED_EDGE('',*,*,#5424,.F.);
#7609=ORIENTED_EDGE('',*,*,#5571,.T.);
#7610=ORIENTED_EDGE('',*,*,#5508,.F.);
#7611=ORIENTED_EDGE('',*,*,#5173,.F.);
#7612=ORIENTED_EDGE('',*,*,#5423,.F.);
#7613=ORIENTED_EDGE('',*,*,#5170,.T.);
#7614=ORIENTED_EDGE('',*,*,#5522,.F.);
#7615=ORIENTED_EDGE('',*,*,#5509,.F.);
#7616=ORIENTED_EDGE('',*,*,#5506,.F.);
#7617=ORIENTED_EDGE('',*,*,#5571,.F.);
#7618=ORIENTED_EDGE('',*,*,#5447,.F.);
#7619=ORIENTED_EDGE('',*,*,#5349,.T.);
#7620=ORIENTED_EDGE('',*,*,#5454,.F.);
#7621=ORIENTED_EDGE('',*,*,#5263,.T.);
#7622=ORIENTED_EDGE('',*,*,#5361,.F.);
#7623=ORIENTED_EDGE('',*,*,#5323,.T.);
#7624=ORIENTED_EDGE('',*,*,#5485,.F.);
#7625=ORIENTED_EDGE('',*,*,#5480,.F.);
#7626=ORIENTED_EDGE('',*,*,#5477,.F.);
#7627=ORIENTED_EDGE('',*,*,#5572,.F.);
#7628=ORIENTED_EDGE('',*,*,#5319,.F.);
#7629=ORIENTED_EDGE('',*,*,#5568,.T.);
#7630=ORIENTED_EDGE('',*,*,#5362,.F.);
#7631=ORIENTED_EDGE('',*,*,#5572,.T.);
#7632=ORIENTED_EDGE('',*,*,#5479,.F.);
#7633=ORIENTED_EDGE('',*,*,#5326,.F.);
#7634=ORIENTED_EDGE('',*,*,#5235,.F.);
#7635=ORIENTED_EDGE('',*,*,#5241,.F.);
#7636=ORIENTED_EDGE('',*,*,#5458,.F.);
#7637=ORIENTED_EDGE('',*,*,#5573,.F.);
#7638=ORIENTED_EDGE('',*,*,#5336,.T.);
#7639=ORIENTED_EDGE('',*,*,#5565,.T.);
#7640=ORIENTED_EDGE('',*,*,#5562,.T.);
#7641=ORIENTED_EDGE('',*,*,#5337,.F.);
#7642=ORIENTED_EDGE('',*,*,#5573,.T.);
#7643=ORIENTED_EDGE('',*,*,#5457,.F.);
#7644=ORIENTED_EDGE('',*,*,#5450,.F.);
#7645=ORIENTED_EDGE('',*,*,#5448,.F.);
#7646=ORIENTED_EDGE('',*,*,#5243,.F.);
#7647=ORIENTED_EDGE('',*,*,#5505,.F.);
#7648=ORIENTED_EDGE('',*,*,#5521,.T.);
#7649=ORIENTED_EDGE('',*,*,#5512,.F.);
#7650=ORIENTED_EDGE('',*,*,#5196,.T.);
#7651=ORIENTED_EDGE('',*,*,#5083,.F.);
#7652=ORIENTED_EDGE('',*,*,#5550,.F.);
#7653=ORIENTED_EDGE('',*,*,#5549,.T.);
#7654=ORIENTED_EDGE('',*,*,#5401,.T.);
#7655=ORIENTED_EDGE('',*,*,#5547,.F.);
#7656=ORIENTED_EDGE('',*,*,#5093,.F.);
#7657=ORIENTED_EDGE('',*,*,#5511,.F.);
#7658=ORIENTED_EDGE('',*,*,#5439,.T.);
#7659=ORIENTED_EDGE('',*,*,#5523,.F.);
#7660=ORIENTED_EDGE('',*,*,#5157,.T.);
#7661=ORIENTED_EDGE('',*,*,#5483,.F.);
#7662=ORIENTED_EDGE('',*,*,#5488,.T.);
#7663=ORIENTED_EDGE('',*,*,#5486,.F.);
#7664=ORIENTED_EDGE('',*,*,#5289,.T.);
#7665=ORIENTED_EDGE('',*,*,#5475,.F.);
#7666=ORIENTED_EDGE('',*,*,#5373,.T.);
#7667=ORIENTED_EDGE('',*,*,#5484,.F.);
#7668=ORIENTED_EDGE('',*,*,#5311,.T.);
#7669=ORIENTED_EDGE('',*,*,#5453,.F.);
#7670=ORIENTED_EDGE('',*,*,#5461,.T.);
#7671=ORIENTED_EDGE('',*,*,#5459,.F.);
#7672=ORIENTED_EDGE('',*,*,#5225,.T.);
#7673=ORIENTED_EDGE('',*,*,#5532,.F.);
#7674=ORIENTED_EDGE('',*,*,#5412,.T.);
#7675=ORIENTED_EDGE('',*,*,#5536,.F.);
#7676=ORIENTED_EDGE('',*,*,#5134,.T.);
#7677=ORIENTED_EDGE('',*,*,#5015,.F.);
#7678=ORIENTED_EDGE('',*,*,#5079,.F.);
#7679=ORIENTED_EDGE('',*,*,#5205,.F.);
#7680=ORIENTED_EDGE('',*,*,#5212,.T.);
#7681=ORIENTED_EDGE('',*,*,#5566,.F.);
#7682=ORIENTED_EDGE('',*,*,#5345,.F.);
#7683=ORIENTED_EDGE('',*,*,#5115,.T.);
#7684=ORIENTED_EDGE('',*,*,#5416,.T.);
#7685=ORIENTED_EDGE('',*,*,#5555,.T.);
#7686=ORIENTED_EDGE('',*,*,#5032,.T.);
#7687=ORIENTED_EDGE('',*,*,#5256,.F.);
#7688=ORIENTED_EDGE('',*,*,#5069,.F.);
#7689=ORIENTED_EDGE('',*,*,#5269,.F.);
#7690=ORIENTED_EDGE('',*,*,#5276,.T.);
#7691=ORIENTED_EDGE('',*,*,#5570,.F.);
#7692=ORIENTED_EDGE('',*,*,#5370,.F.);
#7693=ORIENTED_EDGE('',*,*,#5119,.T.);
#7694=ORIENTED_EDGE('',*,*,#5108,.F.);
#7695=ORIENTED_EDGE('',*,*,#5127,.T.);
#7696=ORIENTED_EDGE('',*,*,#5431,.T.);
#7697=ORIENTED_EDGE('',*,*,#5558,.T.);
#7698=ORIENTED_EDGE('',*,*,#5203,.T.);
#7699=ORIENTED_EDGE('',*,*,#5188,.F.);
#7700=ORIENTED_EDGE('',*,*,#5049,.F.);
#7701=ORIENTED_EDGE('',*,*,#5574,.T.);
#7702=ORIENTED_EDGE('',*,*,#5575,.T.);
#7703=ORIENTED_EDGE('',*,*,#5576,.T.);
#7704=ORIENTED_EDGE('',*,*,#5577,.F.);
#7705=ORIENTED_EDGE('',*,*,#5578,.T.);
#7706=ORIENTED_EDGE('',*,*,#5579,.T.);
#7707=ORIENTED_EDGE('',*,*,#5580,.T.);
#7708=ORIENTED_EDGE('',*,*,#5575,.F.);
#7709=ORIENTED_EDGE('',*,*,#5581,.T.);
#7710=ORIENTED_EDGE('',*,*,#5582,.T.);
#7711=ORIENTED_EDGE('',*,*,#5583,.T.);
#7712=ORIENTED_EDGE('',*,*,#5579,.F.);
#7713=ORIENTED_EDGE('',*,*,#5584,.T.);
#7714=ORIENTED_EDGE('',*,*,#5582,.F.);
#7715=ORIENTED_EDGE('',*,*,#5585,.T.);
#7716=ORIENTED_EDGE('',*,*,#5577,.T.);
#7717=ORIENTED_EDGE('',*,*,#5584,.F.);
#7718=ORIENTED_EDGE('',*,*,#5586,.F.);
#7719=ORIENTED_EDGE('',*,*,#5587,.F.);
#7720=ORIENTED_EDGE('',*,*,#5588,.T.);
#7721=ORIENTED_EDGE('',*,*,#5576,.F.);
#7722=ORIENTED_EDGE('',*,*,#5589,.F.);
#7723=ORIENTED_EDGE('',*,*,#5590,.F.);
#7724=ORIENTED_EDGE('',*,*,#5586,.T.);
#7725=ORIENTED_EDGE('',*,*,#5574,.F.);
#7726=ORIENTED_EDGE('',*,*,#5585,.F.);
#7727=ORIENTED_EDGE('',*,*,#5581,.F.);
#7728=ORIENTED_EDGE('',*,*,#5578,.F.);
#7729=ORIENTED_EDGE('',*,*,#5591,.T.);
#7730=ORIENTED_EDGE('',*,*,#5592,.T.);
#7731=ORIENTED_EDGE('',*,*,#5593,.T.);
#7732=ORIENTED_EDGE('',*,*,#5594,.F.);
#7733=ORIENTED_EDGE('',*,*,#5595,.T.);
#7734=ORIENTED_EDGE('',*,*,#5592,.F.);
#7735=ORIENTED_EDGE('',*,*,#5596,.T.);
#7736=ORIENTED_EDGE('',*,*,#5597,.T.);
#7737=ORIENTED_EDGE('',*,*,#5598,.T.);
#7738=ORIENTED_EDGE('',*,*,#5597,.F.);
#7739=ORIENTED_EDGE('',*,*,#5599,.T.);
#7740=ORIENTED_EDGE('',*,*,#5600,.T.);
#7741=ORIENTED_EDGE('',*,*,#5601,.T.);
#7742=ORIENTED_EDGE('',*,*,#5600,.F.);
#7743=ORIENTED_EDGE('',*,*,#5602,.T.);
#7744=ORIENTED_EDGE('',*,*,#5594,.T.);
#7745=ORIENTED_EDGE('',*,*,#5601,.F.);
#7746=ORIENTED_EDGE('',*,*,#5603,.F.);
#7747=ORIENTED_EDGE('',*,*,#5604,.F.);
#7748=ORIENTED_EDGE('',*,*,#5605,.T.);
#7749=ORIENTED_EDGE('',*,*,#5593,.F.);
#7750=ORIENTED_EDGE('',*,*,#5606,.F.);
#7751=ORIENTED_EDGE('',*,*,#5607,.F.);
#7752=ORIENTED_EDGE('',*,*,#5603,.T.);
#7753=ORIENTED_EDGE('',*,*,#5591,.F.);
#7754=ORIENTED_EDGE('',*,*,#5602,.F.);
#7755=ORIENTED_EDGE('',*,*,#5599,.F.);
#7756=ORIENTED_EDGE('',*,*,#5596,.F.);
#7757=ORIENTED_EDGE('',*,*,#5608,.F.);
#7758=ORIENTED_EDGE('',*,*,#5609,.T.);
#7759=ORIENTED_EDGE('',*,*,#5610,.T.);
#7760=ORIENTED_EDGE('',*,*,#5611,.T.);
#7761=ORIENTED_EDGE('',*,*,#5612,.T.);
#7762=ORIENTED_EDGE('',*,*,#5613,.T.);
#7763=ORIENTED_EDGE('',*,*,#5604,.T.);
#7764=ORIENTED_EDGE('',*,*,#5607,.T.);
#7765=ORIENTED_EDGE('',*,*,#5614,.T.);
#7766=ORIENTED_EDGE('',*,*,#5615,.T.);
#7767=ORIENTED_EDGE('',*,*,#5608,.T.);
#7768=ORIENTED_EDGE('',*,*,#5616,.T.);
#7769=ORIENTED_EDGE('',*,*,#5615,.F.);
#7770=ORIENTED_EDGE('',*,*,#5617,.F.);
#7771=ORIENTED_EDGE('',*,*,#5618,.F.);
#7772=ORIENTED_EDGE('',*,*,#5609,.F.);
#7773=ORIENTED_EDGE('',*,*,#5595,.F.);
#7774=ORIENTED_EDGE('',*,*,#5619,.F.);
#7775=ORIENTED_EDGE('',*,*,#5612,.F.);
#7776=ORIENTED_EDGE('',*,*,#5606,.T.);
#7777=ORIENTED_EDGE('',*,*,#5598,.F.);
#7778=ORIENTED_EDGE('',*,*,#5605,.F.);
#7779=ORIENTED_EDGE('',*,*,#5613,.F.);
#7780=ORIENTED_EDGE('',*,*,#5619,.T.);
#7781=ORIENTED_EDGE('',*,*,#5580,.F.);
#7782=ORIENTED_EDGE('',*,*,#5620,.F.);
#7783=ORIENTED_EDGE('',*,*,#5621,.F.);
#7784=ORIENTED_EDGE('',*,*,#5589,.T.);
#7785=ORIENTED_EDGE('',*,*,#5583,.F.);
#7786=ORIENTED_EDGE('',*,*,#5588,.F.);
#7787=ORIENTED_EDGE('',*,*,#5622,.F.);
#7788=ORIENTED_EDGE('',*,*,#5620,.T.);
#7789=ORIENTED_EDGE('',*,*,#5616,.F.);
#7790=ORIENTED_EDGE('',*,*,#5611,.F.);
#7791=ORIENTED_EDGE('',*,*,#5623,.T.);
#7792=ORIENTED_EDGE('',*,*,#5624,.F.);
#7793=ORIENTED_EDGE('',*,*,#5610,.F.);
#7794=ORIENTED_EDGE('',*,*,#5618,.T.);
#7795=ORIENTED_EDGE('',*,*,#5625,.F.);
#7796=ORIENTED_EDGE('',*,*,#5623,.F.);
#7797=ORIENTED_EDGE('',*,*,#5614,.F.);
#7798=ORIENTED_EDGE('',*,*,#5624,.T.);
#7799=ORIENTED_EDGE('',*,*,#5625,.T.);
#7800=ORIENTED_EDGE('',*,*,#5617,.T.);
#7801=ORIENTED_EDGE('',*,*,#5590,.T.);
#7802=ORIENTED_EDGE('',*,*,#5621,.T.);
#7803=ORIENTED_EDGE('',*,*,#5622,.T.);
#7804=ORIENTED_EDGE('',*,*,#5587,.T.);
#7805=ORIENTED_EDGE('',*,*,#5626,.T.);
#7806=ORIENTED_EDGE('',*,*,#5627,.T.);
#7807=ORIENTED_EDGE('',*,*,#5628,.T.);
#7808=ORIENTED_EDGE('',*,*,#5629,.F.);
#7809=ORIENTED_EDGE('',*,*,#5630,.T.);
#7810=ORIENTED_EDGE('',*,*,#5631,.T.);
#7811=ORIENTED_EDGE('',*,*,#5632,.T.);
#7812=ORIENTED_EDGE('',*,*,#5627,.F.);
#7813=ORIENTED_EDGE('',*,*,#5633,.T.);
#7814=ORIENTED_EDGE('',*,*,#5634,.T.);
#7815=ORIENTED_EDGE('',*,*,#5635,.T.);
#7816=ORIENTED_EDGE('',*,*,#5631,.F.);
#7817=ORIENTED_EDGE('',*,*,#5636,.T.);
#7818=ORIENTED_EDGE('',*,*,#5634,.F.);
#7819=ORIENTED_EDGE('',*,*,#5637,.T.);
#7820=ORIENTED_EDGE('',*,*,#5629,.T.);
#7821=ORIENTED_EDGE('',*,*,#5636,.F.);
#7822=ORIENTED_EDGE('',*,*,#5638,.F.);
#7823=ORIENTED_EDGE('',*,*,#5639,.F.);
#7824=ORIENTED_EDGE('',*,*,#5640,.T.);
#7825=ORIENTED_EDGE('',*,*,#5628,.F.);
#7826=ORIENTED_EDGE('',*,*,#5641,.F.);
#7827=ORIENTED_EDGE('',*,*,#5642,.F.);
#7828=ORIENTED_EDGE('',*,*,#5638,.T.);
#7829=ORIENTED_EDGE('',*,*,#5626,.F.);
#7830=ORIENTED_EDGE('',*,*,#5637,.F.);
#7831=ORIENTED_EDGE('',*,*,#5633,.F.);
#7832=ORIENTED_EDGE('',*,*,#5630,.F.);
#7833=ORIENTED_EDGE('',*,*,#5643,.T.);
#7834=ORIENTED_EDGE('',*,*,#5644,.T.);
#7835=ORIENTED_EDGE('',*,*,#5645,.T.);
#7836=ORIENTED_EDGE('',*,*,#5646,.F.);
#7837=ORIENTED_EDGE('',*,*,#5647,.T.);
#7838=ORIENTED_EDGE('',*,*,#5644,.F.);
#7839=ORIENTED_EDGE('',*,*,#5648,.T.);
#7840=ORIENTED_EDGE('',*,*,#5649,.T.);
#7841=ORIENTED_EDGE('',*,*,#5650,.T.);
#7842=ORIENTED_EDGE('',*,*,#5649,.F.);
#7843=ORIENTED_EDGE('',*,*,#5651,.T.);
#7844=ORIENTED_EDGE('',*,*,#5652,.T.);
#7845=ORIENTED_EDGE('',*,*,#5653,.T.);
#7846=ORIENTED_EDGE('',*,*,#5652,.F.);
#7847=ORIENTED_EDGE('',*,*,#5654,.T.);
#7848=ORIENTED_EDGE('',*,*,#5646,.T.);
#7849=ORIENTED_EDGE('',*,*,#5653,.F.);
#7850=ORIENTED_EDGE('',*,*,#5655,.F.);
#7851=ORIENTED_EDGE('',*,*,#5656,.F.);
#7852=ORIENTED_EDGE('',*,*,#5657,.T.);
#7853=ORIENTED_EDGE('',*,*,#5645,.F.);
#7854=ORIENTED_EDGE('',*,*,#5658,.F.);
#7855=ORIENTED_EDGE('',*,*,#5659,.F.);
#7856=ORIENTED_EDGE('',*,*,#5655,.T.);
#7857=ORIENTED_EDGE('',*,*,#5643,.F.);
#7858=ORIENTED_EDGE('',*,*,#5654,.F.);
#7859=ORIENTED_EDGE('',*,*,#5651,.F.);
#7860=ORIENTED_EDGE('',*,*,#5648,.F.);
#7861=ORIENTED_EDGE('',*,*,#5660,.F.);
#7862=ORIENTED_EDGE('',*,*,#5661,.T.);
#7863=ORIENTED_EDGE('',*,*,#5662,.T.);
#7864=ORIENTED_EDGE('',*,*,#5663,.T.);
#7865=ORIENTED_EDGE('',*,*,#5664,.T.);
#7866=ORIENTED_EDGE('',*,*,#5665,.T.);
#7867=ORIENTED_EDGE('',*,*,#5656,.T.);
#7868=ORIENTED_EDGE('',*,*,#5659,.T.);
#7869=ORIENTED_EDGE('',*,*,#5666,.T.);
#7870=ORIENTED_EDGE('',*,*,#5667,.T.);
#7871=ORIENTED_EDGE('',*,*,#5660,.T.);
#7872=ORIENTED_EDGE('',*,*,#5668,.T.);
#7873=ORIENTED_EDGE('',*,*,#5667,.F.);
#7874=ORIENTED_EDGE('',*,*,#5669,.F.);
#7875=ORIENTED_EDGE('',*,*,#5670,.F.);
#7876=ORIENTED_EDGE('',*,*,#5661,.F.);
#7877=ORIENTED_EDGE('',*,*,#5647,.F.);
#7878=ORIENTED_EDGE('',*,*,#5671,.F.);
#7879=ORIENTED_EDGE('',*,*,#5664,.F.);
#7880=ORIENTED_EDGE('',*,*,#5658,.T.);
#7881=ORIENTED_EDGE('',*,*,#5650,.F.);
#7882=ORIENTED_EDGE('',*,*,#5657,.F.);
#7883=ORIENTED_EDGE('',*,*,#5665,.F.);
#7884=ORIENTED_EDGE('',*,*,#5671,.T.);
#7885=ORIENTED_EDGE('',*,*,#5632,.F.);
#7886=ORIENTED_EDGE('',*,*,#5672,.F.);
#7887=ORIENTED_EDGE('',*,*,#5673,.F.);
#7888=ORIENTED_EDGE('',*,*,#5641,.T.);
#7889=ORIENTED_EDGE('',*,*,#5635,.F.);
#7890=ORIENTED_EDGE('',*,*,#5640,.F.);
#7891=ORIENTED_EDGE('',*,*,#5674,.F.);
#7892=ORIENTED_EDGE('',*,*,#5672,.T.);
#7893=ORIENTED_EDGE('',*,*,#5668,.F.);
#7894=ORIENTED_EDGE('',*,*,#5663,.F.);
#7895=ORIENTED_EDGE('',*,*,#5675,.T.);
#7896=ORIENTED_EDGE('',*,*,#5676,.F.);
#7897=ORIENTED_EDGE('',*,*,#5662,.F.);
#7898=ORIENTED_EDGE('',*,*,#5670,.T.);
#7899=ORIENTED_EDGE('',*,*,#5677,.F.);
#7900=ORIENTED_EDGE('',*,*,#5675,.F.);
#7901=ORIENTED_EDGE('',*,*,#5666,.F.);
#7902=ORIENTED_EDGE('',*,*,#5676,.T.);
#7903=ORIENTED_EDGE('',*,*,#5677,.T.);
#7904=ORIENTED_EDGE('',*,*,#5669,.T.);
#7905=ORIENTED_EDGE('',*,*,#5642,.T.);
#7906=ORIENTED_EDGE('',*,*,#5673,.T.);
#7907=ORIENTED_EDGE('',*,*,#5674,.T.);
#7908=ORIENTED_EDGE('',*,*,#5639,.T.);
#7909=ORIENTED_EDGE('',*,*,#5678,.T.);
#7910=ORIENTED_EDGE('',*,*,#5679,.T.);
#7911=ORIENTED_EDGE('',*,*,#5680,.T.);
#7912=ORIENTED_EDGE('',*,*,#5681,.F.);
#7913=ORIENTED_EDGE('',*,*,#5682,.T.);
#7914=ORIENTED_EDGE('',*,*,#5683,.T.);
#7915=ORIENTED_EDGE('',*,*,#5684,.T.);
#7916=ORIENTED_EDGE('',*,*,#5679,.F.);
#7917=ORIENTED_EDGE('',*,*,#5685,.T.);
#7918=ORIENTED_EDGE('',*,*,#5686,.T.);
#7919=ORIENTED_EDGE('',*,*,#5687,.T.);
#7920=ORIENTED_EDGE('',*,*,#5683,.F.);
#7921=ORIENTED_EDGE('',*,*,#5688,.T.);
#7922=ORIENTED_EDGE('',*,*,#5686,.F.);
#7923=ORIENTED_EDGE('',*,*,#5689,.T.);
#7924=ORIENTED_EDGE('',*,*,#5681,.T.);
#7925=ORIENTED_EDGE('',*,*,#5688,.F.);
#7926=ORIENTED_EDGE('',*,*,#5690,.F.);
#7927=ORIENTED_EDGE('',*,*,#5691,.F.);
#7928=ORIENTED_EDGE('',*,*,#5692,.T.);
#7929=ORIENTED_EDGE('',*,*,#5680,.F.);
#7930=ORIENTED_EDGE('',*,*,#5693,.F.);
#7931=ORIENTED_EDGE('',*,*,#5694,.F.);
#7932=ORIENTED_EDGE('',*,*,#5690,.T.);
#7933=ORIENTED_EDGE('',*,*,#5678,.F.);
#7934=ORIENTED_EDGE('',*,*,#5689,.F.);
#7935=ORIENTED_EDGE('',*,*,#5685,.F.);
#7936=ORIENTED_EDGE('',*,*,#5682,.F.);
#7937=ORIENTED_EDGE('',*,*,#5695,.T.);
#7938=ORIENTED_EDGE('',*,*,#5696,.T.);
#7939=ORIENTED_EDGE('',*,*,#5697,.T.);
#7940=ORIENTED_EDGE('',*,*,#5698,.F.);
#7941=ORIENTED_EDGE('',*,*,#5699,.T.);
#7942=ORIENTED_EDGE('',*,*,#5696,.F.);
#7943=ORIENTED_EDGE('',*,*,#5700,.T.);
#7944=ORIENTED_EDGE('',*,*,#5701,.T.);
#7945=ORIENTED_EDGE('',*,*,#5702,.T.);
#7946=ORIENTED_EDGE('',*,*,#5701,.F.);
#7947=ORIENTED_EDGE('',*,*,#5703,.T.);
#7948=ORIENTED_EDGE('',*,*,#5704,.T.);
#7949=ORIENTED_EDGE('',*,*,#5705,.T.);
#7950=ORIENTED_EDGE('',*,*,#5704,.F.);
#7951=ORIENTED_EDGE('',*,*,#5706,.T.);
#7952=ORIENTED_EDGE('',*,*,#5698,.T.);
#7953=ORIENTED_EDGE('',*,*,#5705,.F.);
#7954=ORIENTED_EDGE('',*,*,#5707,.F.);
#7955=ORIENTED_EDGE('',*,*,#5708,.F.);
#7956=ORIENTED_EDGE('',*,*,#5709,.T.);
#7957=ORIENTED_EDGE('',*,*,#5697,.F.);
#7958=ORIENTED_EDGE('',*,*,#5710,.F.);
#7959=ORIENTED_EDGE('',*,*,#5711,.F.);
#7960=ORIENTED_EDGE('',*,*,#5707,.T.);
#7961=ORIENTED_EDGE('',*,*,#5695,.F.);
#7962=ORIENTED_EDGE('',*,*,#5706,.F.);
#7963=ORIENTED_EDGE('',*,*,#5703,.F.);
#7964=ORIENTED_EDGE('',*,*,#5700,.F.);
#7965=ORIENTED_EDGE('',*,*,#5712,.F.);
#7966=ORIENTED_EDGE('',*,*,#5713,.T.);
#7967=ORIENTED_EDGE('',*,*,#5714,.T.);
#7968=ORIENTED_EDGE('',*,*,#5715,.T.);
#7969=ORIENTED_EDGE('',*,*,#5716,.T.);
#7970=ORIENTED_EDGE('',*,*,#5717,.T.);
#7971=ORIENTED_EDGE('',*,*,#5708,.T.);
#7972=ORIENTED_EDGE('',*,*,#5711,.T.);
#7973=ORIENTED_EDGE('',*,*,#5718,.T.);
#7974=ORIENTED_EDGE('',*,*,#5719,.T.);
#7975=ORIENTED_EDGE('',*,*,#5712,.T.);
#7976=ORIENTED_EDGE('',*,*,#5720,.T.);
#7977=ORIENTED_EDGE('',*,*,#5719,.F.);
#7978=ORIENTED_EDGE('',*,*,#5721,.F.);
#7979=ORIENTED_EDGE('',*,*,#5722,.F.);
#7980=ORIENTED_EDGE('',*,*,#5713,.F.);
#7981=ORIENTED_EDGE('',*,*,#5699,.F.);
#7982=ORIENTED_EDGE('',*,*,#5723,.F.);
#7983=ORIENTED_EDGE('',*,*,#5716,.F.);
#7984=ORIENTED_EDGE('',*,*,#5710,.T.);
#7985=ORIENTED_EDGE('',*,*,#5702,.F.);
#7986=ORIENTED_EDGE('',*,*,#5709,.F.);
#7987=ORIENTED_EDGE('',*,*,#5717,.F.);
#7988=ORIENTED_EDGE('',*,*,#5723,.T.);
#7989=ORIENTED_EDGE('',*,*,#5684,.F.);
#7990=ORIENTED_EDGE('',*,*,#5724,.F.);
#7991=ORIENTED_EDGE('',*,*,#5725,.F.);
#7992=ORIENTED_EDGE('',*,*,#5693,.T.);
#7993=ORIENTED_EDGE('',*,*,#5687,.F.);
#7994=ORIENTED_EDGE('',*,*,#5692,.F.);
#7995=ORIENTED_EDGE('',*,*,#5726,.F.);
#7996=ORIENTED_EDGE('',*,*,#5724,.T.);
#7997=ORIENTED_EDGE('',*,*,#5720,.F.);
#7998=ORIENTED_EDGE('',*,*,#5715,.F.);
#7999=ORIENTED_EDGE('',*,*,#5727,.T.);
#8000=ORIENTED_EDGE('',*,*,#5728,.F.);
#8001=ORIENTED_EDGE('',*,*,#5714,.F.);
#8002=ORIENTED_EDGE('',*,*,#5722,.T.);
#8003=ORIENTED_EDGE('',*,*,#5729,.F.);
#8004=ORIENTED_EDGE('',*,*,#5727,.F.);
#8005=ORIENTED_EDGE('',*,*,#5718,.F.);
#8006=ORIENTED_EDGE('',*,*,#5728,.T.);
#8007=ORIENTED_EDGE('',*,*,#5729,.T.);
#8008=ORIENTED_EDGE('',*,*,#5721,.T.);
#8009=ORIENTED_EDGE('',*,*,#5694,.T.);
#8010=ORIENTED_EDGE('',*,*,#5725,.T.);
#8011=ORIENTED_EDGE('',*,*,#5726,.T.);
#8012=ORIENTED_EDGE('',*,*,#5691,.T.);
#8013=ORIENTED_EDGE('',*,*,#5730,.T.);
#8014=ORIENTED_EDGE('',*,*,#5731,.T.);
#8015=ORIENTED_EDGE('',*,*,#5732,.T.);
#8016=ORIENTED_EDGE('',*,*,#5733,.F.);
#8017=ORIENTED_EDGE('',*,*,#5734,.T.);
#8018=ORIENTED_EDGE('',*,*,#5735,.T.);
#8019=ORIENTED_EDGE('',*,*,#5736,.T.);
#8020=ORIENTED_EDGE('',*,*,#5731,.F.);
#8021=ORIENTED_EDGE('',*,*,#5737,.T.);
#8022=ORIENTED_EDGE('',*,*,#5738,.T.);
#8023=ORIENTED_EDGE('',*,*,#5739,.T.);
#8024=ORIENTED_EDGE('',*,*,#5735,.F.);
#8025=ORIENTED_EDGE('',*,*,#5740,.T.);
#8026=ORIENTED_EDGE('',*,*,#5738,.F.);
#8027=ORIENTED_EDGE('',*,*,#5741,.T.);
#8028=ORIENTED_EDGE('',*,*,#5733,.T.);
#8029=ORIENTED_EDGE('',*,*,#5740,.F.);
#8030=ORIENTED_EDGE('',*,*,#5742,.F.);
#8031=ORIENTED_EDGE('',*,*,#5743,.F.);
#8032=ORIENTED_EDGE('',*,*,#5744,.T.);
#8033=ORIENTED_EDGE('',*,*,#5732,.F.);
#8034=ORIENTED_EDGE('',*,*,#5745,.F.);
#8035=ORIENTED_EDGE('',*,*,#5746,.F.);
#8036=ORIENTED_EDGE('',*,*,#5742,.T.);
#8037=ORIENTED_EDGE('',*,*,#5730,.F.);
#8038=ORIENTED_EDGE('',*,*,#5741,.F.);
#8039=ORIENTED_EDGE('',*,*,#5737,.F.);
#8040=ORIENTED_EDGE('',*,*,#5734,.F.);
#8041=ORIENTED_EDGE('',*,*,#5747,.T.);
#8042=ORIENTED_EDGE('',*,*,#5748,.T.);
#8043=ORIENTED_EDGE('',*,*,#5749,.T.);
#8044=ORIENTED_EDGE('',*,*,#5750,.F.);
#8045=ORIENTED_EDGE('',*,*,#5751,.T.);
#8046=ORIENTED_EDGE('',*,*,#5748,.F.);
#8047=ORIENTED_EDGE('',*,*,#5752,.T.);
#8048=ORIENTED_EDGE('',*,*,#5753,.T.);
#8049=ORIENTED_EDGE('',*,*,#5754,.T.);
#8050=ORIENTED_EDGE('',*,*,#5753,.F.);
#8051=ORIENTED_EDGE('',*,*,#5755,.T.);
#8052=ORIENTED_EDGE('',*,*,#5756,.T.);
#8053=ORIENTED_EDGE('',*,*,#5757,.T.);
#8054=ORIENTED_EDGE('',*,*,#5756,.F.);
#8055=ORIENTED_EDGE('',*,*,#5758,.T.);
#8056=ORIENTED_EDGE('',*,*,#5750,.T.);
#8057=ORIENTED_EDGE('',*,*,#5757,.F.);
#8058=ORIENTED_EDGE('',*,*,#5759,.F.);
#8059=ORIENTED_EDGE('',*,*,#5760,.F.);
#8060=ORIENTED_EDGE('',*,*,#5761,.T.);
#8061=ORIENTED_EDGE('',*,*,#5749,.F.);
#8062=ORIENTED_EDGE('',*,*,#5762,.F.);
#8063=ORIENTED_EDGE('',*,*,#5763,.F.);
#8064=ORIENTED_EDGE('',*,*,#5759,.T.);
#8065=ORIENTED_EDGE('',*,*,#5747,.F.);
#8066=ORIENTED_EDGE('',*,*,#5758,.F.);
#8067=ORIENTED_EDGE('',*,*,#5755,.F.);
#8068=ORIENTED_EDGE('',*,*,#5752,.F.);
#8069=ORIENTED_EDGE('',*,*,#5764,.F.);
#8070=ORIENTED_EDGE('',*,*,#5765,.T.);
#8071=ORIENTED_EDGE('',*,*,#5766,.T.);
#8072=ORIENTED_EDGE('',*,*,#5767,.T.);
#8073=ORIENTED_EDGE('',*,*,#5768,.T.);
#8074=ORIENTED_EDGE('',*,*,#5769,.T.);
#8075=ORIENTED_EDGE('',*,*,#5760,.T.);
#8076=ORIENTED_EDGE('',*,*,#5763,.T.);
#8077=ORIENTED_EDGE('',*,*,#5770,.T.);
#8078=ORIENTED_EDGE('',*,*,#5771,.T.);
#8079=ORIENTED_EDGE('',*,*,#5764,.T.);
#8080=ORIENTED_EDGE('',*,*,#5772,.T.);
#8081=ORIENTED_EDGE('',*,*,#5771,.F.);
#8082=ORIENTED_EDGE('',*,*,#5773,.F.);
#8083=ORIENTED_EDGE('',*,*,#5774,.F.);
#8084=ORIENTED_EDGE('',*,*,#5765,.F.);
#8085=ORIENTED_EDGE('',*,*,#5751,.F.);
#8086=ORIENTED_EDGE('',*,*,#5775,.F.);
#8087=ORIENTED_EDGE('',*,*,#5768,.F.);
#8088=ORIENTED_EDGE('',*,*,#5762,.T.);
#8089=ORIENTED_EDGE('',*,*,#5754,.F.);
#8090=ORIENTED_EDGE('',*,*,#5761,.F.);
#8091=ORIENTED_EDGE('',*,*,#5769,.F.);
#8092=ORIENTED_EDGE('',*,*,#5775,.T.);
#8093=ORIENTED_EDGE('',*,*,#5736,.F.);
#8094=ORIENTED_EDGE('',*,*,#5776,.F.);
#8095=ORIENTED_EDGE('',*,*,#5777,.F.);
#8096=ORIENTED_EDGE('',*,*,#5745,.T.);
#8097=ORIENTED_EDGE('',*,*,#5739,.F.);
#8098=ORIENTED_EDGE('',*,*,#5744,.F.);
#8099=ORIENTED_EDGE('',*,*,#5778,.F.);
#8100=ORIENTED_EDGE('',*,*,#5776,.T.);
#8101=ORIENTED_EDGE('',*,*,#5772,.F.);
#8102=ORIENTED_EDGE('',*,*,#5767,.F.);
#8103=ORIENTED_EDGE('',*,*,#5779,.T.);
#8104=ORIENTED_EDGE('',*,*,#5780,.F.);
#8105=ORIENTED_EDGE('',*,*,#5766,.F.);
#8106=ORIENTED_EDGE('',*,*,#5774,.T.);
#8107=ORIENTED_EDGE('',*,*,#5781,.F.);
#8108=ORIENTED_EDGE('',*,*,#5779,.F.);
#8109=ORIENTED_EDGE('',*,*,#5770,.F.);
#8110=ORIENTED_EDGE('',*,*,#5780,.T.);
#8111=ORIENTED_EDGE('',*,*,#5781,.T.);
#8112=ORIENTED_EDGE('',*,*,#5773,.T.);
#8113=ORIENTED_EDGE('',*,*,#5746,.T.);
#8114=ORIENTED_EDGE('',*,*,#5777,.T.);
#8115=ORIENTED_EDGE('',*,*,#5778,.T.);
#8116=ORIENTED_EDGE('',*,*,#5743,.T.);
#8117=ORIENTED_EDGE('',*,*,#5782,.T.);
#8118=ORIENTED_EDGE('',*,*,#5783,.T.);
#8119=ORIENTED_EDGE('',*,*,#5784,.T.);
#8120=ORIENTED_EDGE('',*,*,#5785,.F.);
#8121=ORIENTED_EDGE('',*,*,#5786,.T.);
#8122=ORIENTED_EDGE('',*,*,#5787,.T.);
#8123=ORIENTED_EDGE('',*,*,#5788,.T.);
#8124=ORIENTED_EDGE('',*,*,#5783,.F.);
#8125=ORIENTED_EDGE('',*,*,#5789,.T.);
#8126=ORIENTED_EDGE('',*,*,#5790,.T.);
#8127=ORIENTED_EDGE('',*,*,#5791,.T.);
#8128=ORIENTED_EDGE('',*,*,#5787,.F.);
#8129=ORIENTED_EDGE('',*,*,#5792,.T.);
#8130=ORIENTED_EDGE('',*,*,#5790,.F.);
#8131=ORIENTED_EDGE('',*,*,#5793,.T.);
#8132=ORIENTED_EDGE('',*,*,#5785,.T.);
#8133=ORIENTED_EDGE('',*,*,#5792,.F.);
#8134=ORIENTED_EDGE('',*,*,#5794,.F.);
#8135=ORIENTED_EDGE('',*,*,#5795,.F.);
#8136=ORIENTED_EDGE('',*,*,#5796,.T.);
#8137=ORIENTED_EDGE('',*,*,#5784,.F.);
#8138=ORIENTED_EDGE('',*,*,#5797,.F.);
#8139=ORIENTED_EDGE('',*,*,#5798,.F.);
#8140=ORIENTED_EDGE('',*,*,#5794,.T.);
#8141=ORIENTED_EDGE('',*,*,#5782,.F.);
#8142=ORIENTED_EDGE('',*,*,#5793,.F.);
#8143=ORIENTED_EDGE('',*,*,#5789,.F.);
#8144=ORIENTED_EDGE('',*,*,#5786,.F.);
#8145=ORIENTED_EDGE('',*,*,#5799,.T.);
#8146=ORIENTED_EDGE('',*,*,#5800,.T.);
#8147=ORIENTED_EDGE('',*,*,#5801,.T.);
#8148=ORIENTED_EDGE('',*,*,#5802,.F.);
#8149=ORIENTED_EDGE('',*,*,#5803,.T.);
#8150=ORIENTED_EDGE('',*,*,#5800,.F.);
#8151=ORIENTED_EDGE('',*,*,#5804,.T.);
#8152=ORIENTED_EDGE('',*,*,#5805,.T.);
#8153=ORIENTED_EDGE('',*,*,#5806,.T.);
#8154=ORIENTED_EDGE('',*,*,#5805,.F.);
#8155=ORIENTED_EDGE('',*,*,#5807,.T.);
#8156=ORIENTED_EDGE('',*,*,#5808,.T.);
#8157=ORIENTED_EDGE('',*,*,#5809,.T.);
#8158=ORIENTED_EDGE('',*,*,#5808,.F.);
#8159=ORIENTED_EDGE('',*,*,#5810,.T.);
#8160=ORIENTED_EDGE('',*,*,#5802,.T.);
#8161=ORIENTED_EDGE('',*,*,#5809,.F.);
#8162=ORIENTED_EDGE('',*,*,#5811,.F.);
#8163=ORIENTED_EDGE('',*,*,#5812,.F.);
#8164=ORIENTED_EDGE('',*,*,#5813,.T.);
#8165=ORIENTED_EDGE('',*,*,#5801,.F.);
#8166=ORIENTED_EDGE('',*,*,#5814,.F.);
#8167=ORIENTED_EDGE('',*,*,#5815,.F.);
#8168=ORIENTED_EDGE('',*,*,#5811,.T.);
#8169=ORIENTED_EDGE('',*,*,#5799,.F.);
#8170=ORIENTED_EDGE('',*,*,#5810,.F.);
#8171=ORIENTED_EDGE('',*,*,#5807,.F.);
#8172=ORIENTED_EDGE('',*,*,#5804,.F.);
#8173=ORIENTED_EDGE('',*,*,#5816,.F.);
#8174=ORIENTED_EDGE('',*,*,#5817,.T.);
#8175=ORIENTED_EDGE('',*,*,#5818,.T.);
#8176=ORIENTED_EDGE('',*,*,#5819,.T.);
#8177=ORIENTED_EDGE('',*,*,#5820,.T.);
#8178=ORIENTED_EDGE('',*,*,#5821,.T.);
#8179=ORIENTED_EDGE('',*,*,#5812,.T.);
#8180=ORIENTED_EDGE('',*,*,#5815,.T.);
#8181=ORIENTED_EDGE('',*,*,#5822,.T.);
#8182=ORIENTED_EDGE('',*,*,#5823,.T.);
#8183=ORIENTED_EDGE('',*,*,#5816,.T.);
#8184=ORIENTED_EDGE('',*,*,#5824,.T.);
#8185=ORIENTED_EDGE('',*,*,#5823,.F.);
#8186=ORIENTED_EDGE('',*,*,#5825,.F.);
#8187=ORIENTED_EDGE('',*,*,#5826,.F.);
#8188=ORIENTED_EDGE('',*,*,#5817,.F.);
#8189=ORIENTED_EDGE('',*,*,#5803,.F.);
#8190=ORIENTED_EDGE('',*,*,#5827,.F.);
#8191=ORIENTED_EDGE('',*,*,#5820,.F.);
#8192=ORIENTED_EDGE('',*,*,#5814,.T.);
#8193=ORIENTED_EDGE('',*,*,#5806,.F.);
#8194=ORIENTED_EDGE('',*,*,#5813,.F.);
#8195=ORIENTED_EDGE('',*,*,#5821,.F.);
#8196=ORIENTED_EDGE('',*,*,#5827,.T.);
#8197=ORIENTED_EDGE('',*,*,#5788,.F.);
#8198=ORIENTED_EDGE('',*,*,#5828,.F.);
#8199=ORIENTED_EDGE('',*,*,#5829,.F.);
#8200=ORIENTED_EDGE('',*,*,#5797,.T.);
#8201=ORIENTED_EDGE('',*,*,#5791,.F.);
#8202=ORIENTED_EDGE('',*,*,#5796,.F.);
#8203=ORIENTED_EDGE('',*,*,#5830,.F.);
#8204=ORIENTED_EDGE('',*,*,#5828,.T.);
#8205=ORIENTED_EDGE('',*,*,#5824,.F.);
#8206=ORIENTED_EDGE('',*,*,#5819,.F.);
#8207=ORIENTED_EDGE('',*,*,#5831,.T.);
#8208=ORIENTED_EDGE('',*,*,#5832,.F.);
#8209=ORIENTED_EDGE('',*,*,#5818,.F.);
#8210=ORIENTED_EDGE('',*,*,#5826,.T.);
#8211=ORIENTED_EDGE('',*,*,#5833,.F.);
#8212=ORIENTED_EDGE('',*,*,#5831,.F.);
#8213=ORIENTED_EDGE('',*,*,#5822,.F.);
#8214=ORIENTED_EDGE('',*,*,#5832,.T.);
#8215=ORIENTED_EDGE('',*,*,#5833,.T.);
#8216=ORIENTED_EDGE('',*,*,#5825,.T.);
#8217=ORIENTED_EDGE('',*,*,#5798,.T.);
#8218=ORIENTED_EDGE('',*,*,#5829,.T.);
#8219=ORIENTED_EDGE('',*,*,#5830,.T.);
#8220=ORIENTED_EDGE('',*,*,#5795,.T.);
#8221=ORIENTED_EDGE('',*,*,#5834,.T.);
#8222=ORIENTED_EDGE('',*,*,#5835,.T.);
#8223=ORIENTED_EDGE('',*,*,#5836,.T.);
#8224=ORIENTED_EDGE('',*,*,#5837,.F.);
#8225=ORIENTED_EDGE('',*,*,#5838,.T.);
#8226=ORIENTED_EDGE('',*,*,#5839,.T.);
#8227=ORIENTED_EDGE('',*,*,#5840,.T.);
#8228=ORIENTED_EDGE('',*,*,#5835,.F.);
#8229=ORIENTED_EDGE('',*,*,#5841,.T.);
#8230=ORIENTED_EDGE('',*,*,#5842,.T.);
#8231=ORIENTED_EDGE('',*,*,#5843,.T.);
#8232=ORIENTED_EDGE('',*,*,#5839,.F.);
#8233=ORIENTED_EDGE('',*,*,#5844,.T.);
#8234=ORIENTED_EDGE('',*,*,#5842,.F.);
#8235=ORIENTED_EDGE('',*,*,#5845,.T.);
#8236=ORIENTED_EDGE('',*,*,#5837,.T.);
#8237=ORIENTED_EDGE('',*,*,#5844,.F.);
#8238=ORIENTED_EDGE('',*,*,#5846,.F.);
#8239=ORIENTED_EDGE('',*,*,#5847,.F.);
#8240=ORIENTED_EDGE('',*,*,#5848,.T.);
#8241=ORIENTED_EDGE('',*,*,#5836,.F.);
#8242=ORIENTED_EDGE('',*,*,#5849,.F.);
#8243=ORIENTED_EDGE('',*,*,#5850,.F.);
#8244=ORIENTED_EDGE('',*,*,#5846,.T.);
#8245=ORIENTED_EDGE('',*,*,#5834,.F.);
#8246=ORIENTED_EDGE('',*,*,#5845,.F.);
#8247=ORIENTED_EDGE('',*,*,#5841,.F.);
#8248=ORIENTED_EDGE('',*,*,#5838,.F.);
#8249=ORIENTED_EDGE('',*,*,#5851,.T.);
#8250=ORIENTED_EDGE('',*,*,#5852,.T.);
#8251=ORIENTED_EDGE('',*,*,#5853,.T.);
#8252=ORIENTED_EDGE('',*,*,#5854,.F.);
#8253=ORIENTED_EDGE('',*,*,#5855,.T.);
#8254=ORIENTED_EDGE('',*,*,#5852,.F.);
#8255=ORIENTED_EDGE('',*,*,#5856,.T.);
#8256=ORIENTED_EDGE('',*,*,#5857,.T.);
#8257=ORIENTED_EDGE('',*,*,#5858,.T.);
#8258=ORIENTED_EDGE('',*,*,#5857,.F.);
#8259=ORIENTED_EDGE('',*,*,#5859,.T.);
#8260=ORIENTED_EDGE('',*,*,#5860,.T.);
#8261=ORIENTED_EDGE('',*,*,#5861,.T.);
#8262=ORIENTED_EDGE('',*,*,#5860,.F.);
#8263=ORIENTED_EDGE('',*,*,#5862,.T.);
#8264=ORIENTED_EDGE('',*,*,#5854,.T.);
#8265=ORIENTED_EDGE('',*,*,#5861,.F.);
#8266=ORIENTED_EDGE('',*,*,#5863,.F.);
#8267=ORIENTED_EDGE('',*,*,#5864,.F.);
#8268=ORIENTED_EDGE('',*,*,#5865,.T.);
#8269=ORIENTED_EDGE('',*,*,#5853,.F.);
#8270=ORIENTED_EDGE('',*,*,#5866,.F.);
#8271=ORIENTED_EDGE('',*,*,#5867,.F.);
#8272=ORIENTED_EDGE('',*,*,#5863,.T.);
#8273=ORIENTED_EDGE('',*,*,#5851,.F.);
#8274=ORIENTED_EDGE('',*,*,#5862,.F.);
#8275=ORIENTED_EDGE('',*,*,#5859,.F.);
#8276=ORIENTED_EDGE('',*,*,#5856,.F.);
#8277=ORIENTED_EDGE('',*,*,#5868,.F.);
#8278=ORIENTED_EDGE('',*,*,#5869,.T.);
#8279=ORIENTED_EDGE('',*,*,#5870,.T.);
#8280=ORIENTED_EDGE('',*,*,#5871,.T.);
#8281=ORIENTED_EDGE('',*,*,#5872,.T.);
#8282=ORIENTED_EDGE('',*,*,#5873,.T.);
#8283=ORIENTED_EDGE('',*,*,#5864,.T.);
#8284=ORIENTED_EDGE('',*,*,#5867,.T.);
#8285=ORIENTED_EDGE('',*,*,#5874,.T.);
#8286=ORIENTED_EDGE('',*,*,#5875,.T.);
#8287=ORIENTED_EDGE('',*,*,#5868,.T.);
#8288=ORIENTED_EDGE('',*,*,#5876,.T.);
#8289=ORIENTED_EDGE('',*,*,#5875,.F.);
#8290=ORIENTED_EDGE('',*,*,#5877,.F.);
#8291=ORIENTED_EDGE('',*,*,#5878,.F.);
#8292=ORIENTED_EDGE('',*,*,#5869,.F.);
#8293=ORIENTED_EDGE('',*,*,#5855,.F.);
#8294=ORIENTED_EDGE('',*,*,#5879,.F.);
#8295=ORIENTED_EDGE('',*,*,#5872,.F.);
#8296=ORIENTED_EDGE('',*,*,#5866,.T.);
#8297=ORIENTED_EDGE('',*,*,#5858,.F.);
#8298=ORIENTED_EDGE('',*,*,#5865,.F.);
#8299=ORIENTED_EDGE('',*,*,#5873,.F.);
#8300=ORIENTED_EDGE('',*,*,#5879,.T.);
#8301=ORIENTED_EDGE('',*,*,#5840,.F.);
#8302=ORIENTED_EDGE('',*,*,#5880,.F.);
#8303=ORIENTED_EDGE('',*,*,#5881,.F.);
#8304=ORIENTED_EDGE('',*,*,#5849,.T.);
#8305=ORIENTED_EDGE('',*,*,#5843,.F.);
#8306=ORIENTED_EDGE('',*,*,#5848,.F.);
#8307=ORIENTED_EDGE('',*,*,#5882,.F.);
#8308=ORIENTED_EDGE('',*,*,#5880,.T.);
#8309=ORIENTED_EDGE('',*,*,#5876,.F.);
#8310=ORIENTED_EDGE('',*,*,#5871,.F.);
#8311=ORIENTED_EDGE('',*,*,#5883,.T.);
#8312=ORIENTED_EDGE('',*,*,#5884,.F.);
#8313=ORIENTED_EDGE('',*,*,#5870,.F.);
#8314=ORIENTED_EDGE('',*,*,#5878,.T.);
#8315=ORIENTED_EDGE('',*,*,#5885,.F.);
#8316=ORIENTED_EDGE('',*,*,#5883,.F.);
#8317=ORIENTED_EDGE('',*,*,#5874,.F.);
#8318=ORIENTED_EDGE('',*,*,#5884,.T.);
#8319=ORIENTED_EDGE('',*,*,#5885,.T.);
#8320=ORIENTED_EDGE('',*,*,#5877,.T.);
#8321=ORIENTED_EDGE('',*,*,#5850,.T.);
#8322=ORIENTED_EDGE('',*,*,#5881,.T.);
#8323=ORIENTED_EDGE('',*,*,#5882,.T.);
#8324=ORIENTED_EDGE('',*,*,#5847,.T.);
#8325=ORIENTED_EDGE('',*,*,#5886,.F.);
#8326=ORIENTED_EDGE('',*,*,#5887,.F.);
#8327=ORIENTED_EDGE('',*,*,#5888,.T.);
#8328=ORIENTED_EDGE('',*,*,#5889,.F.);
#8329=ORIENTED_EDGE('',*,*,#5890,.F.);
#8330=ORIENTED_EDGE('',*,*,#5889,.T.);
#8331=ORIENTED_EDGE('',*,*,#5891,.F.);
#8332=ORIENTED_EDGE('',*,*,#5892,.F.);
#8333=ORIENTED_EDGE('',*,*,#5893,.F.);
#8334=ORIENTED_EDGE('',*,*,#5894,.F.);
#8335=ORIENTED_EDGE('',*,*,#5895,.T.);
#8336=ORIENTED_EDGE('',*,*,#5896,.F.);
#8337=ORIENTED_EDGE('',*,*,#5897,.F.);
#8338=ORIENTED_EDGE('',*,*,#5896,.T.);
#8339=ORIENTED_EDGE('',*,*,#5898,.F.);
#8340=ORIENTED_EDGE('',*,*,#5899,.F.);
#8341=ORIENTED_EDGE('',*,*,#5900,.F.);
#8342=ORIENTED_EDGE('',*,*,#5901,.T.);
#8343=ORIENTED_EDGE('',*,*,#5902,.T.);
#8344=ORIENTED_EDGE('',*,*,#5903,.F.);
#8345=ORIENTED_EDGE('',*,*,#5904,.F.);
#8346=ORIENTED_EDGE('',*,*,#5903,.T.);
#8347=ORIENTED_EDGE('',*,*,#5905,.F.);
#8348=ORIENTED_EDGE('',*,*,#5906,.F.);
#8349=ORIENTED_EDGE('',*,*,#5907,.F.);
#8350=ORIENTED_EDGE('',*,*,#5908,.F.);
#8351=ORIENTED_EDGE('',*,*,#5909,.T.);
#8352=ORIENTED_EDGE('',*,*,#5910,.T.);
#8353=ORIENTED_EDGE('',*,*,#5911,.F.);
#8354=ORIENTED_EDGE('',*,*,#5910,.F.);
#8355=ORIENTED_EDGE('',*,*,#5912,.F.);
#8356=ORIENTED_EDGE('',*,*,#5913,.F.);
#8357=ORIENTED_EDGE('',*,*,#5914,.F.);
#8358=ORIENTED_EDGE('',*,*,#5915,.F.);
#8359=ORIENTED_EDGE('',*,*,#5916,.T.);
#8360=ORIENTED_EDGE('',*,*,#5917,.F.);
#8361=ORIENTED_EDGE('',*,*,#5918,.F.);
#8362=ORIENTED_EDGE('',*,*,#5917,.T.);
#8363=ORIENTED_EDGE('',*,*,#5919,.F.);
#8364=ORIENTED_EDGE('',*,*,#5920,.F.);
#8365=ORIENTED_EDGE('',*,*,#5921,.F.);
#8366=ORIENTED_EDGE('',*,*,#5922,.T.);
#8367=ORIENTED_EDGE('',*,*,#5923,.T.);
#8368=ORIENTED_EDGE('',*,*,#5924,.F.);
#8369=ORIENTED_EDGE('',*,*,#5925,.F.);
#8370=ORIENTED_EDGE('',*,*,#5924,.T.);
#8371=ORIENTED_EDGE('',*,*,#5926,.F.);
#8372=ORIENTED_EDGE('',*,*,#5927,.F.);
#8373=ORIENTED_EDGE('',*,*,#5928,.F.);
#8374=ORIENTED_EDGE('',*,*,#5929,.F.);
#8375=ORIENTED_EDGE('',*,*,#5930,.F.);
#8376=ORIENTED_EDGE('',*,*,#5931,.F.);
#8377=ORIENTED_EDGE('',*,*,#5932,.F.);
#8378=ORIENTED_EDGE('',*,*,#5931,.T.);
#8379=ORIENTED_EDGE('',*,*,#5933,.T.);
#8380=ORIENTED_EDGE('',*,*,#5934,.F.);
#8381=ORIENTED_EDGE('',*,*,#5935,.F.);
#8382=ORIENTED_EDGE('',*,*,#5936,.T.);
#8383=ORIENTED_EDGE('',*,*,#5937,.F.);
#8384=ORIENTED_EDGE('',*,*,#5938,.F.);
#8385=ORIENTED_EDGE('',*,*,#5939,.F.);
#8386=ORIENTED_EDGE('',*,*,#5938,.T.);
#8387=ORIENTED_EDGE('',*,*,#5940,.T.);
#8388=ORIENTED_EDGE('',*,*,#5941,.F.);
#8389=ORIENTED_EDGE('',*,*,#5942,.F.);
#8390=ORIENTED_EDGE('',*,*,#5943,.F.);
#8391=ORIENTED_EDGE('',*,*,#5944,.F.);
#8392=ORIENTED_EDGE('',*,*,#5945,.T.);
#8393=ORIENTED_EDGE('',*,*,#5946,.F.);
#8394=ORIENTED_EDGE('',*,*,#5945,.F.);
#8395=ORIENTED_EDGE('',*,*,#5947,.T.);
#8396=ORIENTED_EDGE('',*,*,#5948,.F.);
#8397=ORIENTED_EDGE('',*,*,#5949,.F.);
#8398=ORIENTED_EDGE('',*,*,#5950,.F.);
#8399=ORIENTED_EDGE('',*,*,#5951,.F.);
#8400=ORIENTED_EDGE('',*,*,#5952,.F.);
#8401=ORIENTED_EDGE('',*,*,#5953,.F.);
#8402=ORIENTED_EDGE('',*,*,#5952,.T.);
#8403=ORIENTED_EDGE('',*,*,#5954,.T.);
#8404=ORIENTED_EDGE('',*,*,#5955,.F.);
#8405=ORIENTED_EDGE('',*,*,#5956,.F.);
#8406=ORIENTED_EDGE('',*,*,#5957,.F.);
#8407=ORIENTED_EDGE('',*,*,#5958,.T.);
#8408=ORIENTED_EDGE('',*,*,#5959,.F.);
#8409=ORIENTED_EDGE('',*,*,#5960,.F.);
#8410=ORIENTED_EDGE('',*,*,#5959,.T.);
#8411=ORIENTED_EDGE('',*,*,#5961,.T.);
#8412=ORIENTED_EDGE('',*,*,#5962,.F.);
#8413=ORIENTED_EDGE('',*,*,#5963,.F.);
#8414=ORIENTED_EDGE('',*,*,#5964,.T.);
#8415=ORIENTED_EDGE('',*,*,#5965,.F.);
#8416=ORIENTED_EDGE('',*,*,#5966,.T.);
#8417=ORIENTED_EDGE('',*,*,#5967,.F.);
#8418=ORIENTED_EDGE('',*,*,#5966,.F.);
#8419=ORIENTED_EDGE('',*,*,#5916,.F.);
#8420=ORIENTED_EDGE('',*,*,#5968,.F.);
#8421=ORIENTED_EDGE('',*,*,#5969,.F.);
#8422=ORIENTED_EDGE('',*,*,#5970,.T.);
#8423=ORIENTED_EDGE('',*,*,#5971,.F.);
#8424=ORIENTED_EDGE('',*,*,#5972,.T.);
#8425=ORIENTED_EDGE('',*,*,#5973,.F.);
#8426=ORIENTED_EDGE('',*,*,#5972,.F.);
#8427=ORIENTED_EDGE('',*,*,#5974,.F.);
#8428=ORIENTED_EDGE('',*,*,#5975,.F.);
#8429=ORIENTED_EDGE('',*,*,#5976,.F.);
#8430=ORIENTED_EDGE('',*,*,#5977,.T.);
#8431=ORIENTED_EDGE('',*,*,#5978,.T.);
#8432=ORIENTED_EDGE('',*,*,#5979,.F.);
#8433=ORIENTED_EDGE('',*,*,#5980,.F.);
#8434=ORIENTED_EDGE('',*,*,#5979,.T.);
#8435=ORIENTED_EDGE('',*,*,#5981,.T.);
#8436=ORIENTED_EDGE('',*,*,#5982,.F.);
#8437=ORIENTED_EDGE('',*,*,#5983,.F.);
#8438=ORIENTED_EDGE('',*,*,#5984,.F.);
#8439=ORIENTED_EDGE('',*,*,#5985,.T.);
#8440=ORIENTED_EDGE('',*,*,#5986,.T.);
#8441=ORIENTED_EDGE('',*,*,#5987,.F.);
#8442=ORIENTED_EDGE('',*,*,#5986,.F.);
#8443=ORIENTED_EDGE('',*,*,#5988,.T.);
#8444=ORIENTED_EDGE('',*,*,#5989,.F.);
#8445=ORIENTED_EDGE('',*,*,#5990,.F.);
#8446=ORIENTED_EDGE('',*,*,#5991,.F.);
#8447=ORIENTED_EDGE('',*,*,#5992,.T.);
#8448=ORIENTED_EDGE('',*,*,#5993,.F.);
#8449=ORIENTED_EDGE('',*,*,#5994,.F.);
#8450=ORIENTED_EDGE('',*,*,#5993,.T.);
#8451=ORIENTED_EDGE('',*,*,#5995,.T.);
#8452=ORIENTED_EDGE('',*,*,#5996,.F.);
#8453=ORIENTED_EDGE('',*,*,#5997,.F.);
#8454=ORIENTED_EDGE('',*,*,#5998,.T.);
#8455=ORIENTED_EDGE('',*,*,#5999,.T.);
#8456=ORIENTED_EDGE('',*,*,#6000,.F.);
#8457=ORIENTED_EDGE('',*,*,#6001,.F.);
#8458=ORIENTED_EDGE('',*,*,#6000,.T.);
#8459=ORIENTED_EDGE('',*,*,#5944,.T.);
#8460=ORIENTED_EDGE('',*,*,#6002,.F.);
#8461=ORIENTED_EDGE('',*,*,#6003,.F.);
#8462=ORIENTED_EDGE('',*,*,#6004,.T.);
#8463=ORIENTED_EDGE('',*,*,#6005,.F.);
#8464=ORIENTED_EDGE('',*,*,#6006,.T.);
#8465=ORIENTED_EDGE('',*,*,#6007,.F.);
#8466=ORIENTED_EDGE('',*,*,#6006,.F.);
#8467=ORIENTED_EDGE('',*,*,#5895,.F.);
#8468=ORIENTED_EDGE('',*,*,#6008,.F.);
#8469=ORIENTED_EDGE('',*,*,#6009,.F.);
#8470=ORIENTED_EDGE('',*,*,#6010,.T.);
#8471=ORIENTED_EDGE('',*,*,#6011,.F.);
#8472=ORIENTED_EDGE('',*,*,#6012,.T.);
#8473=ORIENTED_EDGE('',*,*,#6013,.F.);
#8474=ORIENTED_EDGE('',*,*,#6012,.F.);
#8475=ORIENTED_EDGE('',*,*,#6014,.F.);
#8476=ORIENTED_EDGE('',*,*,#6015,.F.);
#8477=ORIENTED_EDGE('',*,*,#6016,.F.);
#8478=ORIENTED_EDGE('',*,*,#6017,.F.);
#8479=ORIENTED_EDGE('',*,*,#5951,.T.);
#8480=ORIENTED_EDGE('',*,*,#6018,.F.);
#8481=ORIENTED_EDGE('',*,*,#6019,.F.);
#8482=ORIENTED_EDGE('',*,*,#6020,.F.);
#8483=ORIENTED_EDGE('',*,*,#6021,.F.);
#8484=ORIENTED_EDGE('',*,*,#6022,.F.);
#8485=ORIENTED_EDGE('',*,*,#6023,.F.);
#8486=ORIENTED_EDGE('',*,*,#6022,.T.);
#8487=ORIENTED_EDGE('',*,*,#6024,.T.);
#8488=ORIENTED_EDGE('',*,*,#6025,.F.);
#8489=ORIENTED_EDGE('',*,*,#6026,.F.);
#8490=ORIENTED_EDGE('',*,*,#6027,.F.);
#8491=ORIENTED_EDGE('',*,*,#5930,.T.);
#8492=ORIENTED_EDGE('',*,*,#6028,.F.);
#8493=ORIENTED_EDGE('',*,*,#6029,.F.);
#8494=ORIENTED_EDGE('',*,*,#6030,.T.);
#8495=ORIENTED_EDGE('',*,*,#5985,.F.);
#8496=ORIENTED_EDGE('',*,*,#6031,.F.);
#8497=ORIENTED_EDGE('',*,*,#6032,.F.);
#8498=ORIENTED_EDGE('',*,*,#6031,.T.);
#8499=ORIENTED_EDGE('',*,*,#6033,.F.);
#8500=ORIENTED_EDGE('',*,*,#6034,.F.);
#8501=ORIENTED_EDGE('',*,*,#6035,.F.);
#8502=ORIENTED_EDGE('',*,*,#6036,.F.);
#8503=ORIENTED_EDGE('',*,*,#5992,.F.);
#8504=ORIENTED_EDGE('',*,*,#6037,.F.);
#8505=ORIENTED_EDGE('',*,*,#6038,.F.);
#8506=ORIENTED_EDGE('',*,*,#6037,.T.);
#8507=ORIENTED_EDGE('',*,*,#5909,.F.);
#8508=ORIENTED_EDGE('',*,*,#6039,.F.);
#8509=ORIENTED_EDGE('',*,*,#6040,.F.);
#8510=ORIENTED_EDGE('',*,*,#6041,.F.);
#8511=ORIENTED_EDGE('',*,*,#5999,.F.);
#8512=ORIENTED_EDGE('',*,*,#6042,.T.);
#8513=ORIENTED_EDGE('',*,*,#6043,.F.);
#8514=ORIENTED_EDGE('',*,*,#6042,.F.);
#8515=ORIENTED_EDGE('',*,*,#6044,.F.);
#8516=ORIENTED_EDGE('',*,*,#6045,.F.);
#8517=ORIENTED_EDGE('',*,*,#6046,.F.);
#8518=ORIENTED_EDGE('',*,*,#6047,.T.);
#8519=ORIENTED_EDGE('',*,*,#6005,.T.);
#8520=ORIENTED_EDGE('',*,*,#6048,.T.);
#8521=ORIENTED_EDGE('',*,*,#6049,.F.);
#8522=ORIENTED_EDGE('',*,*,#6048,.F.);
#8523=ORIENTED_EDGE('',*,*,#6050,.T.);
#8524=ORIENTED_EDGE('',*,*,#6051,.F.);
#8525=ORIENTED_EDGE('',*,*,#6052,.F.);
#8526=ORIENTED_EDGE('',*,*,#6053,.F.);
#8527=ORIENTED_EDGE('',*,*,#6054,.T.);
#8528=ORIENTED_EDGE('',*,*,#6055,.F.);
#8529=ORIENTED_EDGE('',*,*,#6056,.F.);
#8530=ORIENTED_EDGE('',*,*,#6057,.F.);
#8531=ORIENTED_EDGE('',*,*,#6054,.F.);
#8532=ORIENTED_EDGE('',*,*,#6058,.F.);
#8533=ORIENTED_EDGE('',*,*,#6059,.F.);
#8534=ORIENTED_EDGE('',*,*,#6060,.F.);
#8535=ORIENTED_EDGE('',*,*,#6058,.T.);
#8536=ORIENTED_EDGE('',*,*,#6061,.T.);
#8537=ORIENTED_EDGE('',*,*,#6062,.T.);
#8538=ORIENTED_EDGE('',*,*,#6063,.F.);
#8539=ORIENTED_EDGE('',*,*,#6064,.F.);
#8540=ORIENTED_EDGE('',*,*,#6062,.F.);
#8541=ORIENTED_EDGE('',*,*,#6065,.T.);
#8542=ORIENTED_EDGE('',*,*,#6066,.F.);
#8543=ORIENTED_EDGE('',*,*,#6065,.F.);
#8544=ORIENTED_EDGE('',*,*,#6067,.F.);
#8545=ORIENTED_EDGE('',*,*,#6068,.F.);
#8546=ORIENTED_EDGE('',*,*,#6067,.T.);
#8547=ORIENTED_EDGE('',*,*,#6069,.T.);
#8548=ORIENTED_EDGE('',*,*,#6070,.F.);
#8549=ORIENTED_EDGE('',*,*,#6069,.F.);
#8550=ORIENTED_EDGE('',*,*,#6071,.T.);
#8551=ORIENTED_EDGE('',*,*,#6072,.F.);
#8552=ORIENTED_EDGE('',*,*,#6073,.F.);
#8553=ORIENTED_EDGE('',*,*,#6071,.F.);
#8554=ORIENTED_EDGE('',*,*,#6050,.F.);
#8555=ORIENTED_EDGE('',*,*,#6074,.F.);
#8556=ORIENTED_EDGE('',*,*,#6075,.F.);
#8557=ORIENTED_EDGE('',*,*,#6074,.T.);
#8558=ORIENTED_EDGE('',*,*,#6011,.T.);
#8559=ORIENTED_EDGE('',*,*,#6076,.T.);
#8560=ORIENTED_EDGE('',*,*,#6077,.F.);
#8561=ORIENTED_EDGE('',*,*,#6076,.F.);
#8562=ORIENTED_EDGE('',*,*,#6078,.T.);
#8563=ORIENTED_EDGE('',*,*,#6079,.F.);
#8564=ORIENTED_EDGE('',*,*,#6080,.F.);
#8565=ORIENTED_EDGE('',*,*,#6078,.F.);
#8566=ORIENTED_EDGE('',*,*,#6081,.F.);
#8567=ORIENTED_EDGE('',*,*,#6082,.F.);
#8568=ORIENTED_EDGE('',*,*,#6083,.F.);
#8569=ORIENTED_EDGE('',*,*,#6018,.T.);
#8570=ORIENTED_EDGE('',*,*,#6084,.F.);
#8571=ORIENTED_EDGE('',*,*,#6085,.F.);
#8572=ORIENTED_EDGE('',*,*,#6086,.T.);
#8573=ORIENTED_EDGE('',*,*,#6087,.F.);
#8574=ORIENTED_EDGE('',*,*,#6088,.F.);
#8575=ORIENTED_EDGE('',*,*,#6081,.T.);
#8576=ORIENTED_EDGE('',*,*,#6089,.T.);
#8577=ORIENTED_EDGE('',*,*,#6090,.F.);
#8578=ORIENTED_EDGE('',*,*,#6091,.F.);
#8579=ORIENTED_EDGE('',*,*,#6089,.F.);
#8580=ORIENTED_EDGE('',*,*,#6092,.T.);
#8581=ORIENTED_EDGE('',*,*,#6093,.F.);
#8582=ORIENTED_EDGE('',*,*,#6094,.F.);
#8583=ORIENTED_EDGE('',*,*,#6092,.F.);
#8584=ORIENTED_EDGE('',*,*,#6095,.F.);
#8585=ORIENTED_EDGE('',*,*,#6096,.F.);
#8586=ORIENTED_EDGE('',*,*,#6097,.F.);
#8587=ORIENTED_EDGE('',*,*,#6096,.T.);
#8588=ORIENTED_EDGE('',*,*,#6098,.T.);
#8589=ORIENTED_EDGE('',*,*,#6099,.T.);
#8590=ORIENTED_EDGE('',*,*,#6100,.F.);
#8591=ORIENTED_EDGE('',*,*,#6099,.F.);
#8592=ORIENTED_EDGE('',*,*,#6101,.T.);
#8593=ORIENTED_EDGE('',*,*,#6102,.F.);
#8594=ORIENTED_EDGE('',*,*,#6103,.F.);
#8595=ORIENTED_EDGE('',*,*,#6101,.F.);
#8596=ORIENTED_EDGE('',*,*,#6104,.F.);
#8597=ORIENTED_EDGE('',*,*,#6105,.F.);
#8598=ORIENTED_EDGE('',*,*,#6104,.T.);
#8599=ORIENTED_EDGE('',*,*,#6106,.T.);
#8600=ORIENTED_EDGE('',*,*,#6107,.F.);
#8601=ORIENTED_EDGE('',*,*,#6106,.F.);
#8602=ORIENTED_EDGE('',*,*,#6108,.T.);
#8603=ORIENTED_EDGE('',*,*,#6109,.F.);
#8604=ORIENTED_EDGE('',*,*,#6108,.F.);
#8605=ORIENTED_EDGE('',*,*,#5981,.F.);
#8606=ORIENTED_EDGE('',*,*,#6110,.T.);
#8607=ORIENTED_EDGE('',*,*,#6111,.F.);
#8608=ORIENTED_EDGE('',*,*,#6112,.F.);
#8609=ORIENTED_EDGE('',*,*,#6110,.F.);
#8610=ORIENTED_EDGE('',*,*,#6113,.T.);
#8611=ORIENTED_EDGE('',*,*,#6114,.F.);
#8612=ORIENTED_EDGE('',*,*,#6115,.F.);
#8613=ORIENTED_EDGE('',*,*,#6113,.F.);
#8614=ORIENTED_EDGE('',*,*,#6116,.F.);
#8615=ORIENTED_EDGE('',*,*,#6117,.F.);
#8616=ORIENTED_EDGE('',*,*,#6118,.F.);
#8617=ORIENTED_EDGE('',*,*,#6116,.T.);
#8618=ORIENTED_EDGE('',*,*,#6119,.F.);
#8619=ORIENTED_EDGE('',*,*,#6120,.T.);
#8620=ORIENTED_EDGE('',*,*,#6121,.F.);
#8621=ORIENTED_EDGE('',*,*,#6122,.F.);
#8622=ORIENTED_EDGE('',*,*,#6123,.T.);
#8623=ORIENTED_EDGE('',*,*,#6124,.F.);
#8624=ORIENTED_EDGE('',*,*,#6125,.T.);
#8625=ORIENTED_EDGE('',*,*,#6027,.T.);
#8626=ORIENTED_EDGE('',*,*,#6126,.F.);
#8627=ORIENTED_EDGE('',*,*,#6127,.F.);
#8628=ORIENTED_EDGE('',*,*,#6120,.F.);
#8629=ORIENTED_EDGE('',*,*,#6128,.T.);
#8630=ORIENTED_EDGE('',*,*,#6129,.F.);
#8631=ORIENTED_EDGE('',*,*,#6128,.F.);
#8632=ORIENTED_EDGE('',*,*,#6130,.F.);
#8633=ORIENTED_EDGE('',*,*,#6131,.F.);
#8634=ORIENTED_EDGE('',*,*,#6130,.T.);
#8635=ORIENTED_EDGE('',*,*,#6132,.F.);
#8636=ORIENTED_EDGE('',*,*,#6133,.F.);
#8637=ORIENTED_EDGE('',*,*,#6132,.T.);
#8638=ORIENTED_EDGE('',*,*,#6134,.T.);
#8639=ORIENTED_EDGE('',*,*,#6135,.F.);
#8640=ORIENTED_EDGE('',*,*,#6136,.F.);
#8641=ORIENTED_EDGE('',*,*,#6134,.F.);
#8642=ORIENTED_EDGE('',*,*,#6024,.F.);
#8643=ORIENTED_EDGE('',*,*,#6137,.T.);
#8644=ORIENTED_EDGE('',*,*,#6138,.F.);
#8645=ORIENTED_EDGE('',*,*,#6137,.F.);
#8646=ORIENTED_EDGE('',*,*,#6139,.F.);
#8647=ORIENTED_EDGE('',*,*,#6140,.F.);
#8648=ORIENTED_EDGE('',*,*,#6141,.F.);
#8649=ORIENTED_EDGE('',*,*,#6140,.T.);
#8650=ORIENTED_EDGE('',*,*,#6142,.T.);
#8651=ORIENTED_EDGE('',*,*,#6143,.F.);
#8652=ORIENTED_EDGE('',*,*,#6144,.F.);
#8653=ORIENTED_EDGE('',*,*,#6142,.F.);
#8654=ORIENTED_EDGE('',*,*,#6145,.T.);
#8655=ORIENTED_EDGE('',*,*,#6146,.F.);
#8656=ORIENTED_EDGE('',*,*,#6147,.F.);
#8657=ORIENTED_EDGE('',*,*,#6145,.F.);
#8658=ORIENTED_EDGE('',*,*,#6148,.F.);
#8659=ORIENTED_EDGE('',*,*,#6149,.F.);
#8660=ORIENTED_EDGE('',*,*,#6150,.F.);
#8661=ORIENTED_EDGE('',*,*,#6148,.T.);
#8662=ORIENTED_EDGE('',*,*,#6151,.F.);
#8663=ORIENTED_EDGE('',*,*,#6152,.F.);
#8664=ORIENTED_EDGE('',*,*,#6153,.F.);
#8665=ORIENTED_EDGE('',*,*,#6151,.T.);
#8666=ORIENTED_EDGE('',*,*,#6154,.F.);
#8667=ORIENTED_EDGE('',*,*,#6155,.T.);
#8668=ORIENTED_EDGE('',*,*,#6156,.F.);
#8669=ORIENTED_EDGE('',*,*,#6155,.F.);
#8670=ORIENTED_EDGE('',*,*,#5961,.F.);
#8671=ORIENTED_EDGE('',*,*,#6157,.T.);
#8672=ORIENTED_EDGE('',*,*,#6158,.F.);
#8673=ORIENTED_EDGE('',*,*,#6157,.F.);
#8674=ORIENTED_EDGE('',*,*,#6159,.T.);
#8675=ORIENTED_EDGE('',*,*,#6160,.F.);
#8676=ORIENTED_EDGE('',*,*,#6161,.F.);
#8677=ORIENTED_EDGE('',*,*,#6159,.F.);
#8678=ORIENTED_EDGE('',*,*,#6162,.F.);
#8679=ORIENTED_EDGE('',*,*,#6163,.F.);
#8680=ORIENTED_EDGE('',*,*,#6162,.T.);
#8681=ORIENTED_EDGE('',*,*,#6164,.F.);
#8682=ORIENTED_EDGE('',*,*,#6165,.F.);
#8683=ORIENTED_EDGE('',*,*,#5892,.T.);
#8684=ORIENTED_EDGE('',*,*,#6166,.F.);
#8685=ORIENTED_EDGE('',*,*,#6167,.T.);
#8686=ORIENTED_EDGE('',*,*,#6168,.F.);
#8687=ORIENTED_EDGE('',*,*,#5899,.T.);
#8688=ORIENTED_EDGE('',*,*,#6169,.F.);
#8689=ORIENTED_EDGE('',*,*,#6170,.T.);
#8690=ORIENTED_EDGE('',*,*,#6171,.F.);
#8691=ORIENTED_EDGE('',*,*,#5906,.T.);
#8692=ORIENTED_EDGE('',*,*,#6172,.F.);
#8693=ORIENTED_EDGE('',*,*,#6173,.T.);
#8694=ORIENTED_EDGE('',*,*,#6174,.F.);
#8695=ORIENTED_EDGE('',*,*,#5913,.T.);
#8696=ORIENTED_EDGE('',*,*,#6175,.F.);
#8697=ORIENTED_EDGE('',*,*,#6176,.T.);
#8698=ORIENTED_EDGE('',*,*,#6177,.F.);
#8699=ORIENTED_EDGE('',*,*,#5920,.T.);
#8700=ORIENTED_EDGE('',*,*,#6178,.F.);
#8701=ORIENTED_EDGE('',*,*,#6179,.T.);
#8702=ORIENTED_EDGE('',*,*,#6180,.F.);
#8703=ORIENTED_EDGE('',*,*,#5927,.T.);
#8704=ORIENTED_EDGE('',*,*,#6181,.F.);
#8705=ORIENTED_EDGE('',*,*,#6182,.T.);
#8706=ORIENTED_EDGE('',*,*,#6183,.F.);
#8707=ORIENTED_EDGE('',*,*,#6184,.T.);
#8708=ORIENTED_EDGE('',*,*,#6185,.F.);
#8709=ORIENTED_EDGE('',*,*,#6186,.F.);
#8710=ORIENTED_EDGE('',*,*,#6187,.F.);
#8711=ORIENTED_EDGE('',*,*,#6188,.T.);
#8712=ORIENTED_EDGE('',*,*,#6189,.F.);
#8713=ORIENTED_EDGE('',*,*,#6185,.T.);
#8714=ORIENTED_EDGE('',*,*,#6190,.T.);
#8715=ORIENTED_EDGE('',*,*,#6191,.F.);
#8716=ORIENTED_EDGE('',*,*,#6192,.T.);
#8717=ORIENTED_EDGE('',*,*,#6181,.T.);
#8718=ORIENTED_EDGE('',*,*,#6193,.T.);
#8719=ORIENTED_EDGE('',*,*,#6194,.F.);
#8720=ORIENTED_EDGE('',*,*,#5934,.T.);
#8721=ORIENTED_EDGE('',*,*,#6178,.T.);
#8722=ORIENTED_EDGE('',*,*,#6195,.T.);
#8723=ORIENTED_EDGE('',*,*,#6196,.F.);
#8724=ORIENTED_EDGE('',*,*,#5941,.T.);
#8725=ORIENTED_EDGE('',*,*,#6175,.T.);
#8726=ORIENTED_EDGE('',*,*,#6197,.T.);
#8727=ORIENTED_EDGE('',*,*,#6198,.F.);
#8728=ORIENTED_EDGE('',*,*,#5948,.T.);
#8729=ORIENTED_EDGE('',*,*,#6172,.T.);
#8730=ORIENTED_EDGE('',*,*,#6199,.T.);
#8731=ORIENTED_EDGE('',*,*,#6200,.F.);
#8732=ORIENTED_EDGE('',*,*,#5955,.T.);
#8733=ORIENTED_EDGE('',*,*,#6169,.T.);
#8734=ORIENTED_EDGE('',*,*,#6201,.T.);
#8735=ORIENTED_EDGE('',*,*,#6202,.F.);
#8736=ORIENTED_EDGE('',*,*,#6203,.T.);
#8737=ORIENTED_EDGE('',*,*,#6166,.T.);
#8738=ORIENTED_EDGE('',*,*,#6204,.T.);
#8739=ORIENTED_EDGE('',*,*,#6205,.F.);
#8740=ORIENTED_EDGE('',*,*,#6206,.T.);
#8741=ORIENTED_EDGE('',*,*,#6187,.T.);
#8742=ORIENTED_EDGE('',*,*,#6207,.F.);
#8743=ORIENTED_EDGE('',*,*,#6208,.F.);
#8744=ORIENTED_EDGE('',*,*,#6188,.F.);
#8745=ORIENTED_EDGE('',*,*,#5891,.T.);
#8746=ORIENTED_EDGE('',*,*,#6053,.T.);
#8747=ORIENTED_EDGE('',*,*,#6209,.F.);
#8748=ORIENTED_EDGE('',*,*,#6210,.T.);
#8749=ORIENTED_EDGE('',*,*,#6206,.F.);
#8750=ORIENTED_EDGE('',*,*,#6211,.F.);
#8751=ORIENTED_EDGE('',*,*,#6212,.F.);
#8752=ORIENTED_EDGE('',*,*,#6204,.F.);
#8753=ORIENTED_EDGE('',*,*,#6210,.F.);
#8754=ORIENTED_EDGE('',*,*,#6213,.F.);
#8755=ORIENTED_EDGE('',*,*,#6214,.T.);
#8756=ORIENTED_EDGE('',*,*,#6215,.T.);
#8757=ORIENTED_EDGE('',*,*,#6203,.F.);
#8758=ORIENTED_EDGE('',*,*,#6216,.F.);
#8759=ORIENTED_EDGE('',*,*,#6201,.F.);
#8760=ORIENTED_EDGE('',*,*,#6215,.F.);
#8761=ORIENTED_EDGE('',*,*,#5950,.T.);
#8762=ORIENTED_EDGE('',*,*,#6217,.F.);
#8763=ORIENTED_EDGE('',*,*,#6199,.F.);
#8764=ORIENTED_EDGE('',*,*,#5954,.F.);
#8765=ORIENTED_EDGE('',*,*,#5943,.T.);
#8766=ORIENTED_EDGE('',*,*,#6218,.F.);
#8767=ORIENTED_EDGE('',*,*,#6173,.F.);
#8768=ORIENTED_EDGE('',*,*,#5912,.T.);
#8769=ORIENTED_EDGE('',*,*,#5901,.F.);
#8770=ORIENTED_EDGE('',*,*,#6219,.F.);
#8771=ORIENTED_EDGE('',*,*,#6197,.F.);
#8772=ORIENTED_EDGE('',*,*,#5947,.F.);
#8773=ORIENTED_EDGE('',*,*,#5936,.F.);
#8774=ORIENTED_EDGE('',*,*,#6220,.F.);
#8775=ORIENTED_EDGE('',*,*,#6176,.F.);
#8776=ORIENTED_EDGE('',*,*,#5919,.T.);
#8777=ORIENTED_EDGE('',*,*,#5908,.T.);
#8778=ORIENTED_EDGE('',*,*,#6221,.F.);
#8779=ORIENTED_EDGE('',*,*,#6195,.F.);
#8780=ORIENTED_EDGE('',*,*,#5940,.F.);
#8781=ORIENTED_EDGE('',*,*,#5929,.T.);
#8782=ORIENTED_EDGE('',*,*,#6222,.F.);
#8783=ORIENTED_EDGE('',*,*,#6223,.F.);
#8784=ORIENTED_EDGE('',*,*,#6224,.T.);
#8785=ORIENTED_EDGE('',*,*,#6225,.T.);
#8786=ORIENTED_EDGE('',*,*,#6226,.F.);
#8787=ORIENTED_EDGE('',*,*,#6193,.F.);
#8788=ORIENTED_EDGE('',*,*,#5933,.F.);
#8789=ORIENTED_EDGE('',*,*,#6227,.T.);
#8790=ORIENTED_EDGE('',*,*,#6228,.F.);
#8791=ORIENTED_EDGE('',*,*,#6182,.F.);
#8792=ORIENTED_EDGE('',*,*,#6229,.T.);
#8793=ORIENTED_EDGE('',*,*,#5922,.F.);
#8794=ORIENTED_EDGE('',*,*,#6230,.F.);
#8795=ORIENTED_EDGE('',*,*,#6231,.F.);
#8796=ORIENTED_EDGE('',*,*,#6232,.T.);
#8797=ORIENTED_EDGE('',*,*,#6192,.F.);
#8798=ORIENTED_EDGE('',*,*,#6233,.F.);
#8799=ORIENTED_EDGE('',*,*,#6190,.F.);
#8800=ORIENTED_EDGE('',*,*,#6232,.F.);
#8801=ORIENTED_EDGE('',*,*,#6234,.F.);
#8802=ORIENTED_EDGE('',*,*,#6235,.F.);
#8803=ORIENTED_EDGE('',*,*,#6225,.F.);
#8804=ORIENTED_EDGE('',*,*,#6229,.F.);
#8805=ORIENTED_EDGE('',*,*,#6184,.F.);
#8806=ORIENTED_EDGE('',*,*,#6236,.F.);
#8807=ORIENTED_EDGE('',*,*,#5962,.T.);
#8808=ORIENTED_EDGE('',*,*,#6237,.F.);
#8809=ORIENTED_EDGE('',*,*,#6238,.T.);
#8810=ORIENTED_EDGE('',*,*,#6239,.F.);
#8811=ORIENTED_EDGE('',*,*,#6240,.F.);
#8812=ORIENTED_EDGE('',*,*,#6241,.T.);
#8813=ORIENTED_EDGE('',*,*,#6125,.F.);
#8814=ORIENTED_EDGE('',*,*,#6242,.F.);
#8815=ORIENTED_EDGE('',*,*,#6179,.F.);
#8816=ORIENTED_EDGE('',*,*,#5926,.T.);
#8817=ORIENTED_EDGE('',*,*,#5915,.T.);
#8818=ORIENTED_EDGE('',*,*,#6243,.F.);
#8819=ORIENTED_EDGE('',*,*,#5968,.T.);
#8820=ORIENTED_EDGE('',*,*,#6237,.T.);
#8821=ORIENTED_EDGE('',*,*,#6244,.T.);
#8822=ORIENTED_EDGE('',*,*,#6245,.F.);
#8823=ORIENTED_EDGE('',*,*,#5975,.T.);
#8824=ORIENTED_EDGE('',*,*,#6154,.T.);
#8825=ORIENTED_EDGE('',*,*,#6246,.T.);
#8826=ORIENTED_EDGE('',*,*,#6247,.F.);
#8827=ORIENTED_EDGE('',*,*,#6248,.T.);
#8828=ORIENTED_EDGE('',*,*,#6249,.T.);
#8829=ORIENTED_EDGE('',*,*,#6250,.F.);
#8830=ORIENTED_EDGE('',*,*,#6251,.T.);
#8831=ORIENTED_EDGE('',*,*,#6252,.F.);
#8832=ORIENTED_EDGE('',*,*,#6253,.F.);
#8833=ORIENTED_EDGE('',*,*,#6246,.F.);
#8834=ORIENTED_EDGE('',*,*,#6139,.T.);
#8835=ORIENTED_EDGE('',*,*,#5970,.F.);
#8836=ORIENTED_EDGE('',*,*,#6254,.F.);
#8837=ORIENTED_EDGE('',*,*,#6255,.F.);
#8838=ORIENTED_EDGE('',*,*,#6256,.T.);
#8839=ORIENTED_EDGE('',*,*,#6241,.F.);
#8840=ORIENTED_EDGE('',*,*,#6257,.F.);
#8841=ORIENTED_EDGE('',*,*,#6244,.F.);
#8842=ORIENTED_EDGE('',*,*,#5974,.T.);
#8843=ORIENTED_EDGE('',*,*,#5964,.F.);
#8844=ORIENTED_EDGE('',*,*,#6258,.F.);
#8845=ORIENTED_EDGE('',*,*,#5982,.T.);
#8846=ORIENTED_EDGE('',*,*,#6098,.F.);
#8847=ORIENTED_EDGE('',*,*,#6259,.T.);
#8848=ORIENTED_EDGE('',*,*,#6260,.F.);
#8849=ORIENTED_EDGE('',*,*,#5989,.T.);
#8850=ORIENTED_EDGE('',*,*,#6261,.F.);
#8851=ORIENTED_EDGE('',*,*,#6262,.T.);
#8852=ORIENTED_EDGE('',*,*,#6263,.F.);
#8853=ORIENTED_EDGE('',*,*,#5996,.T.);
#8854=ORIENTED_EDGE('',*,*,#6264,.F.);
#8855=ORIENTED_EDGE('',*,*,#6265,.T.);
#8856=ORIENTED_EDGE('',*,*,#6266,.F.);
#8857=ORIENTED_EDGE('',*,*,#6002,.T.);
#8858=ORIENTED_EDGE('',*,*,#6267,.F.);
#8859=ORIENTED_EDGE('',*,*,#6268,.T.);
#8860=ORIENTED_EDGE('',*,*,#6269,.F.);
#8861=ORIENTED_EDGE('',*,*,#6270,.F.);
#8862=ORIENTED_EDGE('',*,*,#6271,.T.);
#8863=ORIENTED_EDGE('',*,*,#6272,.F.);
#8864=ORIENTED_EDGE('',*,*,#6273,.F.);
#8865=ORIENTED_EDGE('',*,*,#6272,.T.);
#8866=ORIENTED_EDGE('',*,*,#6274,.T.);
#8867=ORIENTED_EDGE('',*,*,#6275,.F.);
#8868=ORIENTED_EDGE('',*,*,#6276,.T.);
#8869=ORIENTED_EDGE('',*,*,#6267,.T.);
#8870=ORIENTED_EDGE('',*,*,#6017,.T.);
#8871=ORIENTED_EDGE('',*,*,#6277,.F.);
#8872=ORIENTED_EDGE('',*,*,#6170,.F.);
#8873=ORIENTED_EDGE('',*,*,#5905,.T.);
#8874=ORIENTED_EDGE('',*,*,#5894,.T.);
#8875=ORIENTED_EDGE('',*,*,#6278,.F.);
#8876=ORIENTED_EDGE('',*,*,#6008,.T.);
#8877=ORIENTED_EDGE('',*,*,#6264,.T.);
#8878=ORIENTED_EDGE('',*,*,#6279,.T.);
#8879=ORIENTED_EDGE('',*,*,#6280,.F.);
#8880=ORIENTED_EDGE('',*,*,#6015,.T.);
#8881=ORIENTED_EDGE('',*,*,#6261,.T.);
#8882=ORIENTED_EDGE('',*,*,#6281,.T.);
#8883=ORIENTED_EDGE('',*,*,#6282,.F.);
#8884=ORIENTED_EDGE('',*,*,#6259,.F.);
#8885=ORIENTED_EDGE('',*,*,#5988,.F.);
#8886=ORIENTED_EDGE('',*,*,#5977,.F.);
#8887=ORIENTED_EDGE('',*,*,#6283,.F.);
#8888=ORIENTED_EDGE('',*,*,#6281,.F.);
#8889=ORIENTED_EDGE('',*,*,#6095,.T.);
#8890=ORIENTED_EDGE('',*,*,#6010,.F.);
#8891=ORIENTED_EDGE('',*,*,#6284,.F.);
#8892=ORIENTED_EDGE('',*,*,#6279,.F.);
#8893=ORIENTED_EDGE('',*,*,#6014,.T.);
#8894=ORIENTED_EDGE('',*,*,#6004,.F.);
#8895=ORIENTED_EDGE('',*,*,#6285,.F.);
#8896=ORIENTED_EDGE('',*,*,#6286,.F.);
#8897=ORIENTED_EDGE('',*,*,#6249,.F.);
#8898=ORIENTED_EDGE('',*,*,#6287,.T.);
#8899=ORIENTED_EDGE('',*,*,#6288,.T.);
#8900=ORIENTED_EDGE('',*,*,#6289,.F.);
#8901=ORIENTED_EDGE('',*,*,#6290,.F.);
#8902=ORIENTED_EDGE('',*,*,#6086,.F.);
#8903=ORIENTED_EDGE('',*,*,#6291,.F.);
#8904=ORIENTED_EDGE('',*,*,#6292,.F.);
#8905=ORIENTED_EDGE('',*,*,#6276,.F.);
#8906=ORIENTED_EDGE('',*,*,#6293,.F.);
#8907=ORIENTED_EDGE('',*,*,#6274,.F.);
#8908=ORIENTED_EDGE('',*,*,#6292,.T.);
#8909=ORIENTED_EDGE('',*,*,#6294,.F.);
#8910=ORIENTED_EDGE('',*,*,#6288,.F.);
#8911=ORIENTED_EDGE('',*,*,#6295,.T.);
#8912=ORIENTED_EDGE('',*,*,#6271,.F.);
#8913=ORIENTED_EDGE('',*,*,#6296,.F.);
#8914=ORIENTED_EDGE('',*,*,#6025,.T.);
#8915=ORIENTED_EDGE('',*,*,#6119,.T.);
#8916=ORIENTED_EDGE('',*,*,#6297,.T.);
#8917=ORIENTED_EDGE('',*,*,#6298,.F.);
#8918=ORIENTED_EDGE('',*,*,#6297,.F.);
#8919=ORIENTED_EDGE('',*,*,#5978,.F.);
#8920=ORIENTED_EDGE('',*,*,#6020,.T.);
#8921=ORIENTED_EDGE('',*,*,#6299,.F.);
#8922=ORIENTED_EDGE('',*,*,#6252,.T.);
#8923=ORIENTED_EDGE('',*,*,#6300,.F.);
#8924=ORIENTED_EDGE('',*,*,#6301,.F.);
#8925=ORIENTED_EDGE('',*,*,#6028,.T.);
#8926=ORIENTED_EDGE('',*,*,#6302,.F.);
#8927=ORIENTED_EDGE('',*,*,#6303,.T.);
#8928=ORIENTED_EDGE('',*,*,#6304,.F.);
#8929=ORIENTED_EDGE('',*,*,#6034,.T.);
#8930=ORIENTED_EDGE('',*,*,#5971,.T.);
#8931=ORIENTED_EDGE('',*,*,#6305,.T.);
#8932=ORIENTED_EDGE('',*,*,#6306,.F.);
#8933=ORIENTED_EDGE('',*,*,#6307,.F.);
#8934=ORIENTED_EDGE('',*,*,#6300,.T.);
#8935=ORIENTED_EDGE('',*,*,#6308,.T.);
#8936=ORIENTED_EDGE('',*,*,#6309,.F.);
#8937=ORIENTED_EDGE('',*,*,#6039,.T.);
#8938=ORIENTED_EDGE('',*,*,#5965,.T.);
#8939=ORIENTED_EDGE('',*,*,#6310,.T.);
#8940=ORIENTED_EDGE('',*,*,#6311,.F.);
#8941=ORIENTED_EDGE('',*,*,#6045,.T.);
#8942=ORIENTED_EDGE('',*,*,#6302,.T.);
#8943=ORIENTED_EDGE('',*,*,#6312,.T.);
#8944=ORIENTED_EDGE('',*,*,#6313,.F.);
#8945=ORIENTED_EDGE('',*,*,#6314,.F.);
#8946=ORIENTED_EDGE('',*,*,#6227,.F.);
#8947=ORIENTED_EDGE('',*,*,#6256,.F.);
#8948=ORIENTED_EDGE('',*,*,#6315,.F.);
#8949=ORIENTED_EDGE('',*,*,#6312,.F.);
#8950=ORIENTED_EDGE('',*,*,#5937,.T.);
#8951=ORIENTED_EDGE('',*,*,#6041,.T.);
#8952=ORIENTED_EDGE('',*,*,#6316,.F.);
#8953=ORIENTED_EDGE('',*,*,#6238,.F.);
#8954=ORIENTED_EDGE('',*,*,#5923,.F.);
#8955=ORIENTED_EDGE('',*,*,#5957,.T.);
#8956=ORIENTED_EDGE('',*,*,#6317,.F.);
#8957=ORIENTED_EDGE('',*,*,#6310,.F.);
#8958=ORIENTED_EDGE('',*,*,#6033,.T.);
#8959=ORIENTED_EDGE('',*,*,#6036,.T.);
#8960=ORIENTED_EDGE('',*,*,#6318,.F.);
#8961=ORIENTED_EDGE('',*,*,#6308,.F.);
#8962=ORIENTED_EDGE('',*,*,#6044,.T.);
#8963=ORIENTED_EDGE('',*,*,#6319,.F.);
#8964=ORIENTED_EDGE('',*,*,#6320,.F.);
#8965=ORIENTED_EDGE('',*,*,#6321,.F.);
#8966=ORIENTED_EDGE('',*,*,#6319,.T.);
#8967=ORIENTED_EDGE('',*,*,#6287,.F.);
#8968=ORIENTED_EDGE('',*,*,#6248,.F.);
#8969=ORIENTED_EDGE('',*,*,#6322,.F.);
#8970=ORIENTED_EDGE('',*,*,#6305,.F.);
#8971=ORIENTED_EDGE('',*,*,#6021,.T.);
#8972=ORIENTED_EDGE('',*,*,#6030,.F.);
#8973=ORIENTED_EDGE('',*,*,#6323,.F.);
#8974=ORIENTED_EDGE('',*,*,#6051,.T.);
#8975=ORIENTED_EDGE('',*,*,#6061,.F.);
#8976=ORIENTED_EDGE('',*,*,#6324,.T.);
#8977=ORIENTED_EDGE('',*,*,#6325,.F.);
#8978=ORIENTED_EDGE('',*,*,#6326,.F.);
#8979=ORIENTED_EDGE('',*,*,#6327,.F.);
#8980=ORIENTED_EDGE('',*,*,#6328,.T.);
#8981=ORIENTED_EDGE('',*,*,#6329,.F.);
#8982=ORIENTED_EDGE('',*,*,#6167,.F.);
#8983=ORIENTED_EDGE('',*,*,#5898,.T.);
#8984=ORIENTED_EDGE('',*,*,#5887,.T.);
#8985=ORIENTED_EDGE('',*,*,#6330,.F.);
#8986=ORIENTED_EDGE('',*,*,#6324,.F.);
#8987=ORIENTED_EDGE('',*,*,#5888,.F.);
#8988=ORIENTED_EDGE('',*,*,#6047,.F.);
#8989=ORIENTED_EDGE('',*,*,#6331,.F.);
#8990=ORIENTED_EDGE('',*,*,#6332,.F.);
#8991=ORIENTED_EDGE('',*,*,#6084,.T.);
#8992=ORIENTED_EDGE('',*,*,#6327,.T.);
#8993=ORIENTED_EDGE('',*,*,#6333,.F.);
#8994=ORIENTED_EDGE('',*,*,#6265,.F.);
#8995=ORIENTED_EDGE('',*,*,#5902,.F.);
#8996=ORIENTED_EDGE('',*,*,#5991,.T.);
#8997=ORIENTED_EDGE('',*,*,#6334,.F.);
#8998=ORIENTED_EDGE('',*,*,#6335,.F.);
#8999=ORIENTED_EDGE('',*,*,#6328,.F.);
#9000=ORIENTED_EDGE('',*,*,#6214,.F.);
#9001=ORIENTED_EDGE('',*,*,#6336,.F.);
#9002=ORIENTED_EDGE('',*,*,#6268,.F.);
#9003=ORIENTED_EDGE('',*,*,#6295,.F.);
#9004=ORIENTED_EDGE('',*,*,#5998,.F.);
#9005=ORIENTED_EDGE('',*,*,#6337,.F.);
#9006=ORIENTED_EDGE('',*,*,#6338,.F.);
#9007=ORIENTED_EDGE('',*,*,#6339,.T.);
#9008=ORIENTED_EDGE('',*,*,#6224,.F.);
#9009=ORIENTED_EDGE('',*,*,#6340,.F.);
#9010=ORIENTED_EDGE('',*,*,#6164,.T.);
#9011=ORIENTED_EDGE('',*,*,#6341,.T.);
#9012=ORIENTED_EDGE('',*,*,#6342,.F.);
#9013=ORIENTED_EDGE('',*,*,#6343,.F.);
#9014=ORIENTED_EDGE('',*,*,#6341,.F.);
#9015=ORIENTED_EDGE('',*,*,#5958,.F.);
#9016=ORIENTED_EDGE('',*,*,#6339,.F.);
#9017=ORIENTED_EDGE('',*,*,#6344,.F.);
#9018=ORIENTED_EDGE('',*,*,#6262,.F.);
#9019=ORIENTED_EDGE('',*,*,#5995,.F.);
#9020=ORIENTED_EDGE('',*,*,#5984,.T.);
#9021=ORIENTED_EDGE('',*,*,#6345,.F.);
#9022=ORIENTED_EDGE('',*,*,#6346,.F.);
#9023=ORIENTED_EDGE('',*,*,#6303,.F.);
#9024=ORIENTED_EDGE('',*,*,#6251,.F.);
#9025=ORIENTED_EDGE('',*,*,#6347,.F.);
#9026=ORIENTED_EDGE('',*,*,#6123,.F.);
#9027=ORIENTED_EDGE('',*,*,#6056,.T.);
#9028=ORIENTED_EDGE('',*,*,#6348,.T.);
#9029=ORIENTED_EDGE('',*,*,#6349,.T.);
#9030=ORIENTED_EDGE('',*,*,#6350,.T.);
#9031=ORIENTED_EDGE('',*,*,#6348,.F.);
#9032=ORIENTED_EDGE('',*,*,#6055,.T.);
#9033=ORIENTED_EDGE('',*,*,#6057,.T.);
#9034=ORIENTED_EDGE('',*,*,#6351,.T.);
#9035=ORIENTED_EDGE('',*,*,#6063,.T.);
#9036=ORIENTED_EDGE('',*,*,#6064,.T.);
#9037=ORIENTED_EDGE('',*,*,#6066,.T.);
#9038=ORIENTED_EDGE('',*,*,#6068,.T.);
#9039=ORIENTED_EDGE('',*,*,#6070,.T.);
#9040=ORIENTED_EDGE('',*,*,#6352,.T.);
#9041=ORIENTED_EDGE('',*,*,#6079,.T.);
#9042=ORIENTED_EDGE('',*,*,#6080,.T.);
#9043=ORIENTED_EDGE('',*,*,#6353,.T.);
#9044=ORIENTED_EDGE('',*,*,#6090,.T.);
#9045=ORIENTED_EDGE('',*,*,#6091,.T.);
#9046=ORIENTED_EDGE('',*,*,#6354,.T.);
#9047=ORIENTED_EDGE('',*,*,#6102,.T.);
#9048=ORIENTED_EDGE('',*,*,#6103,.T.);
#9049=ORIENTED_EDGE('',*,*,#6105,.T.);
#9050=ORIENTED_EDGE('',*,*,#6107,.T.);
#9051=ORIENTED_EDGE('',*,*,#6109,.T.);
#9052=ORIENTED_EDGE('',*,*,#6355,.T.);
#9053=ORIENTED_EDGE('',*,*,#6114,.T.);
#9054=ORIENTED_EDGE('',*,*,#6115,.T.);
#9055=ORIENTED_EDGE('',*,*,#6356,.T.);
#9056=ORIENTED_EDGE('',*,*,#6121,.T.);
#9057=ORIENTED_EDGE('',*,*,#6127,.T.);
#9058=ORIENTED_EDGE('',*,*,#6129,.T.);
#9059=ORIENTED_EDGE('',*,*,#6131,.T.);
#9060=ORIENTED_EDGE('',*,*,#6133,.T.);
#9061=ORIENTED_EDGE('',*,*,#6357,.T.);
#9062=ORIENTED_EDGE('',*,*,#6143,.T.);
#9063=ORIENTED_EDGE('',*,*,#6144,.T.);
#9064=ORIENTED_EDGE('',*,*,#6358,.T.);
#9065=ORIENTED_EDGE('',*,*,#6149,.T.);
#9066=ORIENTED_EDGE('',*,*,#6150,.T.);
#9067=ORIENTED_EDGE('',*,*,#6359,.T.);
#9068=ORIENTED_EDGE('',*,*,#6160,.T.);
#9069=ORIENTED_EDGE('',*,*,#6161,.T.);
#9070=ORIENTED_EDGE('',*,*,#6163,.T.);
#9071=ORIENTED_EDGE('',*,*,#6340,.T.);
#9072=ORIENTED_EDGE('',*,*,#6343,.T.);
#9073=ORIENTED_EDGE('',*,*,#6360,.T.);
#9074=ORIENTED_EDGE('',*,*,#6337,.T.);
#9075=ORIENTED_EDGE('',*,*,#6223,.T.);
#9076=ORIENTED_EDGE('',*,*,#6361,.T.);
#9077=ORIENTED_EDGE('',*,*,#6234,.T.);
#9078=ORIENTED_EDGE('',*,*,#6183,.T.);
#9079=ORIENTED_EDGE('',*,*,#6189,.T.);
#9080=ORIENTED_EDGE('',*,*,#6233,.T.);
#9081=ORIENTED_EDGE('',*,*,#6231,.T.);
#9082=ORIENTED_EDGE('',*,*,#6362,.T.);
#9083=ORIENTED_EDGE('',*,*,#6313,.T.);
#9084=ORIENTED_EDGE('',*,*,#6255,.T.);
#9085=ORIENTED_EDGE('',*,*,#6363,.T.);
#9086=ORIENTED_EDGE('',*,*,#6239,.T.);
#9087=ORIENTED_EDGE('',*,*,#6124,.T.);
#9088=ORIENTED_EDGE('',*,*,#6347,.T.);
#9089=ORIENTED_EDGE('',*,*,#6250,.T.);
#9090=ORIENTED_EDGE('',*,*,#6299,.T.);
#9091=ORIENTED_EDGE('',*,*,#6307,.T.);
#9092=ORIENTED_EDGE('',*,*,#6364,.T.);
#9093=ORIENTED_EDGE('',*,*,#6320,.T.);
#9094=ORIENTED_EDGE('',*,*,#6247,.T.);
#9095=ORIENTED_EDGE('',*,*,#6286,.T.);
#9096=ORIENTED_EDGE('',*,*,#6365,.T.);
#9097=ORIENTED_EDGE('',*,*,#6269,.T.);
#9098=ORIENTED_EDGE('',*,*,#6273,.T.);
#9099=ORIENTED_EDGE('',*,*,#6293,.T.);
#9100=ORIENTED_EDGE('',*,*,#6291,.T.);
#9101=ORIENTED_EDGE('',*,*,#6085,.T.);
#9102=ORIENTED_EDGE('',*,*,#6332,.T.);
#9103=ORIENTED_EDGE('',*,*,#6366,.T.);
#9104=ORIENTED_EDGE('',*,*,#6325,.T.);
#9105=ORIENTED_EDGE('',*,*,#6335,.T.);
#9106=ORIENTED_EDGE('',*,*,#6367,.T.);
#9107=ORIENTED_EDGE('',*,*,#6211,.T.);
#9108=ORIENTED_EDGE('',*,*,#6209,.T.);
#9109=ORIENTED_EDGE('',*,*,#6205,.T.);
#9110=ORIENTED_EDGE('',*,*,#6186,.T.);
#9111=ORIENTED_EDGE('',*,*,#6208,.T.);
#9112=ORIENTED_EDGE('',*,*,#6368,.T.);
#9113=ORIENTED_EDGE('',*,*,#6122,.T.);
#9114=ORIENTED_EDGE('',*,*,#6369,.T.);
#9115=ORIENTED_EDGE('',*,*,#6345,.T.);
#9116=ORIENTED_EDGE('',*,*,#6087,.T.);
#9117=ORIENTED_EDGE('',*,*,#6290,.T.);
#9118=ORIENTED_EDGE('',*,*,#6370,.T.);
#9119=ORIENTED_EDGE('',*,*,#6323,.T.);
#9120=ORIENTED_EDGE('',*,*,#6330,.T.);
#9121=ORIENTED_EDGE('',*,*,#6046,.T.);
#9122=ORIENTED_EDGE('',*,*,#6049,.T.);
#9123=ORIENTED_EDGE('',*,*,#6311,.T.);
#9124=ORIENTED_EDGE('',*,*,#6315,.T.);
#9125=ORIENTED_EDGE('',*,*,#6040,.T.);
#9126=ORIENTED_EDGE('',*,*,#6043,.T.);
#9127=ORIENTED_EDGE('',*,*,#6309,.T.);
#9128=ORIENTED_EDGE('',*,*,#6317,.T.);
#9129=ORIENTED_EDGE('',*,*,#6035,.T.);
#9130=ORIENTED_EDGE('',*,*,#6038,.T.);
#9131=ORIENTED_EDGE('',*,*,#6304,.T.);
#9132=ORIENTED_EDGE('',*,*,#6322,.T.);
#9133=ORIENTED_EDGE('',*,*,#6029,.T.);
#9134=ORIENTED_EDGE('',*,*,#6032,.T.);
#9135=ORIENTED_EDGE('',*,*,#6296,.T.);
#9136=ORIENTED_EDGE('',*,*,#6298,.T.);
#9137=ORIENTED_EDGE('',*,*,#6019,.T.);
#9138=ORIENTED_EDGE('',*,*,#6023,.T.);
#9139=ORIENTED_EDGE('',*,*,#6280,.T.);
#9140=ORIENTED_EDGE('',*,*,#6283,.T.);
#9141=ORIENTED_EDGE('',*,*,#6009,.T.);
#9142=ORIENTED_EDGE('',*,*,#6013,.T.);
#9143=ORIENTED_EDGE('',*,*,#6278,.T.);
#9144=ORIENTED_EDGE('',*,*,#6284,.T.);
#9145=ORIENTED_EDGE('',*,*,#6003,.T.);
#9146=ORIENTED_EDGE('',*,*,#6007,.T.);
#9147=ORIENTED_EDGE('',*,*,#6266,.T.);
#9148=ORIENTED_EDGE('',*,*,#6336,.T.);
#9149=ORIENTED_EDGE('',*,*,#5997,.T.);
#9150=ORIENTED_EDGE('',*,*,#6001,.T.);
#9151=ORIENTED_EDGE('',*,*,#6263,.T.);
#9152=ORIENTED_EDGE('',*,*,#6333,.T.);
#9153=ORIENTED_EDGE('',*,*,#5990,.T.);
#9154=ORIENTED_EDGE('',*,*,#5994,.T.);
#9155=ORIENTED_EDGE('',*,*,#6260,.T.);
#9156=ORIENTED_EDGE('',*,*,#6344,.T.);
#9157=ORIENTED_EDGE('',*,*,#5983,.T.);
#9158=ORIENTED_EDGE('',*,*,#5987,.T.);
#9159=ORIENTED_EDGE('',*,*,#6258,.T.);
#9160=ORIENTED_EDGE('',*,*,#6282,.T.);
#9161=ORIENTED_EDGE('',*,*,#5976,.T.);
#9162=ORIENTED_EDGE('',*,*,#5980,.T.);
#9163=ORIENTED_EDGE('',*,*,#6245,.T.);
#9164=ORIENTED_EDGE('',*,*,#6253,.T.);
#9165=ORIENTED_EDGE('',*,*,#5969,.T.);
#9166=ORIENTED_EDGE('',*,*,#5973,.T.);
#9167=ORIENTED_EDGE('',*,*,#6243,.T.);
#9168=ORIENTED_EDGE('',*,*,#6257,.T.);
#9169=ORIENTED_EDGE('',*,*,#5963,.T.);
#9170=ORIENTED_EDGE('',*,*,#5967,.T.);
#9171=ORIENTED_EDGE('',*,*,#6236,.T.);
#9172=ORIENTED_EDGE('',*,*,#6316,.T.);
#9173=ORIENTED_EDGE('',*,*,#5956,.T.);
#9174=ORIENTED_EDGE('',*,*,#5960,.T.);
#9175=ORIENTED_EDGE('',*,*,#6200,.T.);
#9176=ORIENTED_EDGE('',*,*,#6216,.T.);
#9177=ORIENTED_EDGE('',*,*,#5949,.T.);
#9178=ORIENTED_EDGE('',*,*,#5953,.T.);
#9179=ORIENTED_EDGE('',*,*,#6198,.T.);
#9180=ORIENTED_EDGE('',*,*,#6217,.T.);
#9181=ORIENTED_EDGE('',*,*,#5942,.T.);
#9182=ORIENTED_EDGE('',*,*,#5946,.T.);
#9183=ORIENTED_EDGE('',*,*,#6196,.T.);
#9184=ORIENTED_EDGE('',*,*,#6219,.T.);
#9185=ORIENTED_EDGE('',*,*,#5935,.T.);
#9186=ORIENTED_EDGE('',*,*,#5939,.T.);
#9187=ORIENTED_EDGE('',*,*,#6194,.T.);
#9188=ORIENTED_EDGE('',*,*,#6221,.T.);
#9189=ORIENTED_EDGE('',*,*,#5928,.T.);
#9190=ORIENTED_EDGE('',*,*,#5932,.T.);
#9191=ORIENTED_EDGE('',*,*,#6180,.T.);
#9192=ORIENTED_EDGE('',*,*,#6228,.T.);
#9193=ORIENTED_EDGE('',*,*,#5921,.T.);
#9194=ORIENTED_EDGE('',*,*,#5925,.T.);
#9195=ORIENTED_EDGE('',*,*,#6177,.T.);
#9196=ORIENTED_EDGE('',*,*,#6242,.T.);
#9197=ORIENTED_EDGE('',*,*,#5914,.T.);
#9198=ORIENTED_EDGE('',*,*,#5918,.T.);
#9199=ORIENTED_EDGE('',*,*,#6174,.T.);
#9200=ORIENTED_EDGE('',*,*,#6220,.T.);
#9201=ORIENTED_EDGE('',*,*,#5907,.T.);
#9202=ORIENTED_EDGE('',*,*,#5911,.T.);
#9203=ORIENTED_EDGE('',*,*,#6171,.T.);
#9204=ORIENTED_EDGE('',*,*,#6218,.T.);
#9205=ORIENTED_EDGE('',*,*,#5900,.T.);
#9206=ORIENTED_EDGE('',*,*,#5904,.T.);
#9207=ORIENTED_EDGE('',*,*,#6168,.T.);
#9208=ORIENTED_EDGE('',*,*,#6277,.T.);
#9209=ORIENTED_EDGE('',*,*,#5893,.T.);
#9210=ORIENTED_EDGE('',*,*,#5897,.T.);
#9211=ORIENTED_EDGE('',*,*,#6152,.T.);
#9212=ORIENTED_EDGE('',*,*,#6153,.T.);
#9213=ORIENTED_EDGE('',*,*,#6156,.T.);
#9214=ORIENTED_EDGE('',*,*,#6158,.T.);
#9215=ORIENTED_EDGE('',*,*,#6359,.F.);
#9216=ORIENTED_EDGE('',*,*,#6338,.T.);
#9217=ORIENTED_EDGE('',*,*,#6360,.F.);
#9218=ORIENTED_EDGE('',*,*,#6342,.T.);
#9219=ORIENTED_EDGE('',*,*,#6146,.T.);
#9220=ORIENTED_EDGE('',*,*,#6147,.T.);
#9221=ORIENTED_EDGE('',*,*,#6358,.F.);
#9222=ORIENTED_EDGE('',*,*,#6235,.T.);
#9223=ORIENTED_EDGE('',*,*,#6361,.F.);
#9224=ORIENTED_EDGE('',*,*,#6222,.T.);
#9225=ORIENTED_EDGE('',*,*,#6135,.T.);
#9226=ORIENTED_EDGE('',*,*,#6136,.T.);
#9227=ORIENTED_EDGE('',*,*,#6138,.T.);
#9228=ORIENTED_EDGE('',*,*,#6141,.T.);
#9229=ORIENTED_EDGE('',*,*,#6357,.F.);
#9230=ORIENTED_EDGE('',*,*,#6314,.T.);
#9231=ORIENTED_EDGE('',*,*,#6362,.F.);
#9232=ORIENTED_EDGE('',*,*,#6230,.T.);
#9233=ORIENTED_EDGE('',*,*,#6191,.T.);
#9234=ORIENTED_EDGE('',*,*,#6226,.T.);
#9235=ORIENTED_EDGE('',*,*,#6117,.T.);
#9236=ORIENTED_EDGE('',*,*,#6118,.T.);
#9237=ORIENTED_EDGE('',*,*,#6356,.F.);
#9238=ORIENTED_EDGE('',*,*,#6240,.T.);
#9239=ORIENTED_EDGE('',*,*,#6363,.F.);
#9240=ORIENTED_EDGE('',*,*,#6254,.T.);
#9241=ORIENTED_EDGE('',*,*,#6111,.T.);
#9242=ORIENTED_EDGE('',*,*,#6112,.T.);
#9243=ORIENTED_EDGE('',*,*,#6355,.F.);
#9244=ORIENTED_EDGE('',*,*,#6093,.T.);
#9245=ORIENTED_EDGE('',*,*,#6094,.T.);
#9246=ORIENTED_EDGE('',*,*,#6097,.T.);
#9247=ORIENTED_EDGE('',*,*,#6100,.T.);
#9248=ORIENTED_EDGE('',*,*,#6354,.F.);
#9249=ORIENTED_EDGE('',*,*,#6321,.T.);
#9250=ORIENTED_EDGE('',*,*,#6364,.F.);
#9251=ORIENTED_EDGE('',*,*,#6306,.T.);
#9252=ORIENTED_EDGE('',*,*,#6318,.T.);
#9253=ORIENTED_EDGE('',*,*,#6270,.T.);
#9254=ORIENTED_EDGE('',*,*,#6365,.F.);
#9255=ORIENTED_EDGE('',*,*,#6285,.T.);
#9256=ORIENTED_EDGE('',*,*,#6294,.T.);
#9257=ORIENTED_EDGE('',*,*,#6082,.T.);
#9258=ORIENTED_EDGE('',*,*,#6088,.T.);
#9259=ORIENTED_EDGE('',*,*,#6353,.F.);
#9260=ORIENTED_EDGE('',*,*,#6072,.T.);
#9261=ORIENTED_EDGE('',*,*,#6073,.T.);
#9262=ORIENTED_EDGE('',*,*,#6075,.T.);
#9263=ORIENTED_EDGE('',*,*,#6077,.T.);
#9264=ORIENTED_EDGE('',*,*,#6352,.F.);
#9265=ORIENTED_EDGE('',*,*,#6326,.T.);
#9266=ORIENTED_EDGE('',*,*,#6366,.F.);
#9267=ORIENTED_EDGE('',*,*,#6331,.T.);
#9268=ORIENTED_EDGE('',*,*,#6059,.T.);
#9269=ORIENTED_EDGE('',*,*,#6060,.T.);
#9270=ORIENTED_EDGE('',*,*,#6351,.F.);
#9271=ORIENTED_EDGE('',*,*,#6212,.T.);
#9272=ORIENTED_EDGE('',*,*,#6367,.F.);
#9273=ORIENTED_EDGE('',*,*,#6334,.T.);
#9274=ORIENTED_EDGE('',*,*,#6213,.T.);
#9275=ORIENTED_EDGE('',*,*,#6202,.T.);
#9276=ORIENTED_EDGE('',*,*,#6126,.T.);
#9277=ORIENTED_EDGE('',*,*,#6026,.T.);
#9278=ORIENTED_EDGE('',*,*,#6301,.T.);
#9279=ORIENTED_EDGE('',*,*,#6346,.T.);
#9280=ORIENTED_EDGE('',*,*,#6369,.F.);
#9281=ORIENTED_EDGE('',*,*,#6052,.T.);
#9282=ORIENTED_EDGE('',*,*,#6368,.F.);
#9283=ORIENTED_EDGE('',*,*,#6207,.T.);
#9284=ORIENTED_EDGE('',*,*,#6165,.T.);
#9285=ORIENTED_EDGE('',*,*,#6329,.T.);
#9286=ORIENTED_EDGE('',*,*,#5886,.T.);
#9287=ORIENTED_EDGE('',*,*,#5890,.T.);
#9288=ORIENTED_EDGE('',*,*,#6350,.F.);
#9289=ORIENTED_EDGE('',*,*,#6371,.T.);
#9290=ORIENTED_EDGE('',*,*,#6372,.T.);
#9291=ORIENTED_EDGE('',*,*,#6371,.F.);
#9292=ORIENTED_EDGE('',*,*,#6349,.F.);
#9293=ORIENTED_EDGE('',*,*,#6083,.T.);
#9294=ORIENTED_EDGE('',*,*,#6370,.F.);
#9295=ORIENTED_EDGE('',*,*,#6289,.T.);
#9296=ORIENTED_EDGE('',*,*,#6275,.T.);
#9297=ORIENTED_EDGE('',*,*,#6016,.T.);
#9298=ORIENTED_EDGE('',*,*,#6373,.F.);
#9299=ORIENTED_EDGE('',*,*,#6374,.T.);
#9300=ORIENTED_EDGE('',*,*,#6375,.F.);
#9301=ORIENTED_EDGE('',*,*,#6376,.F.);
#9302=ORIENTED_EDGE('',*,*,#6377,.F.);
#9303=ORIENTED_EDGE('',*,*,#6376,.T.);
#9304=ORIENTED_EDGE('',*,*,#6378,.F.);
#9305=ORIENTED_EDGE('',*,*,#6379,.F.);
#9306=ORIENTED_EDGE('',*,*,#6380,.F.);
#9307=ORIENTED_EDGE('',*,*,#6379,.T.);
#9308=ORIENTED_EDGE('',*,*,#6381,.F.);
#9309=ORIENTED_EDGE('',*,*,#6382,.F.);
#9310=ORIENTED_EDGE('',*,*,#6383,.F.);
#9311=ORIENTED_EDGE('',*,*,#6374,.F.);
#9312=ORIENTED_EDGE('',*,*,#6384,.F.);
#9313=ORIENTED_EDGE('',*,*,#6382,.T.);
#9314=ORIENTED_EDGE('',*,*,#6383,.T.);
#9315=ORIENTED_EDGE('',*,*,#6385,.T.);
#9316=ORIENTED_EDGE('',*,*,#6386,.F.);
#9317=ORIENTED_EDGE('',*,*,#6387,.T.);
#9318=ORIENTED_EDGE('',*,*,#6375,.T.);
#9319=ORIENTED_EDGE('',*,*,#6387,.F.);
#9320=ORIENTED_EDGE('',*,*,#6388,.F.);
#9321=ORIENTED_EDGE('',*,*,#6389,.F.);
#9322=ORIENTED_EDGE('',*,*,#6373,.T.);
#9323=ORIENTED_EDGE('',*,*,#6377,.T.);
#9324=ORIENTED_EDGE('',*,*,#6380,.T.);
#9325=ORIENTED_EDGE('',*,*,#6384,.T.);
#9326=ORIENTED_EDGE('',*,*,#6378,.T.);
#9327=ORIENTED_EDGE('',*,*,#6389,.T.);
#9328=ORIENTED_EDGE('',*,*,#6390,.F.);
#9329=ORIENTED_EDGE('',*,*,#6391,.T.);
#9330=ORIENTED_EDGE('',*,*,#6381,.T.);
#9331=ORIENTED_EDGE('',*,*,#6391,.F.);
#9332=ORIENTED_EDGE('',*,*,#6392,.F.);
#9333=ORIENTED_EDGE('',*,*,#6385,.F.);
#9334=ORIENTED_EDGE('',*,*,#6372,.F.);
#9335=ORIENTED_EDGE('',*,*,#6393,.T.);
#9336=ORIENTED_EDGE('',*,*,#6393,.F.);
#9337=ORIENTED_EDGE('',*,*,#6394,.T.);
#9338=ORIENTED_EDGE('',*,*,#6395,.F.);
#9339=ORIENTED_EDGE('',*,*,#6394,.F.);
#9340=ORIENTED_EDGE('',*,*,#6396,.F.);
#9341=ORIENTED_EDGE('',*,*,#6397,.T.);
#9342=ORIENTED_EDGE('',*,*,#6398,.T.);
#9343=ORIENTED_EDGE('',*,*,#6397,.F.);
#9344=ORIENTED_EDGE('',*,*,#6396,.T.);
#9345=ORIENTED_EDGE('',*,*,#6395,.T.);
#9346=ORIENTED_EDGE('',*,*,#6398,.F.);
#9347=ORIENTED_EDGE('',*,*,#6386,.T.);
#9348=ORIENTED_EDGE('',*,*,#6392,.T.);
#9349=ORIENTED_EDGE('',*,*,#6390,.T.);
#9350=ORIENTED_EDGE('',*,*,#6388,.T.);
#9351=PLANE('',#10428);
#9352=PLANE('',#10429);
#9353=PLANE('',#10430);
#9354=PLANE('',#10431);
#9355=PLANE('',#10432);
#9356=PLANE('',#10436);
#9357=PLANE('',#10438);
#9358=PLANE('',#10445);
#9359=PLANE('',#10460);
#9360=PLANE('',#10468);
#9361=PLANE('',#10469);
#9362=PLANE('',#10470);
#9363=PLANE('',#10471);
#9364=PLANE('',#10472);
#9365=PLANE('',#10473);
#9366=PLANE('',#10474);
#9367=PLANE('',#10475);
#9368=PLANE('',#10476);
#9369=PLANE('',#10485);
#9370=PLANE('',#10488);
#9371=PLANE('',#10489);
#9372=PLANE('',#10495);
#9373=PLANE('',#10496);
#9374=PLANE('',#10501);
#9375=PLANE('',#10506);
#9376=PLANE('',#10507);
#9377=PLANE('',#10512);
#9378=PLANE('',#10513);
#9379=PLANE('',#10520);
#9380=PLANE('',#10521);
#9381=PLANE('',#10522);
#9382=PLANE('',#10529);
#9383=PLANE('',#10530);
#9384=PLANE('',#10535);
#9385=PLANE('',#10537);
#9386=PLANE('',#10539);
#9387=PLANE('',#10548);
#9388=PLANE('',#10550);
#9389=PLANE('',#10558);
#9390=PLANE('',#10563);
#9391=PLANE('',#10565);
#9392=PLANE('',#10571);
#9393=PLANE('',#10577);
#9394=PLANE('',#10582);
#9395=PLANE('',#10584);
#9396=PLANE('',#10589);
#9397=PLANE('',#10590);
#9398=PLANE('',#10592);
#9399=PLANE('',#10600);
#9400=PLANE('',#10606);
#9401=PLANE('',#10609);
#9402=PLANE('',#10613);
#9403=PLANE('',#10619);
#9404=PLANE('',#10624);
#9405=PLANE('',#10630);
#9406=PLANE('',#10631);
#9407=PLANE('',#10633);
#9408=PLANE('',#10641);
#9409=PLANE('',#10647);
#9410=PLANE('',#10651);
#9411=PLANE('',#10653);
#9412=PLANE('',#10661);
#9413=PLANE('',#10663);
#9414=PLANE('',#10678);
#9415=PLANE('',#10695);
#9416=PLANE('',#10700);
#9417=PLANE('',#10705);
#9418=PLANE('',#10708);
#9419=PLANE('',#10727);
#9420=PLANE('',#10738);
#9421=PLANE('',#10742);
#9422=PLANE('',#10746);
#9423=PLANE('',#10751);
#9424=PLANE('',#10755);
#9425=PLANE('',#10757);
#9426=PLANE('',#10760);
#9427=PLANE('',#10762);
#9428=PLANE('',#10765);
#9429=PLANE('',#10773);
#9430=PLANE('',#10777);
#9431=PLANE('',#10779);
#9432=PLANE('',#10781);
#9433=PLANE('',#10783);
#9434=PLANE('',#10788);
#9435=PLANE('',#10792);
#9436=PLANE('',#10793);
#9437=PLANE('',#10800);
#9438=PLANE('',#10802);
#9439=PLANE('',#10805);
#9440=PLANE('',#10808);
#9441=PLANE('',#10811);
#9442=PLANE('',#10813);
#9443=PLANE('',#10815);
#9444=PLANE('',#10817);
#9445=PLANE('',#10821);
#9446=PLANE('',#10822);
#9447=PLANE('',#10823);
#9448=PLANE('',#10824);
#9449=PLANE('',#10825);
#9450=PLANE('',#10826);
#9451=PLANE('',#10827);
#9452=PLANE('',#10828);
#9453=PLANE('',#10829);
#9454=PLANE('',#10830);
#9455=PLANE('',#10831);
#9456=PLANE('',#10832);
#9457=PLANE('',#10833);
#9458=PLANE('',#10834);
#9459=PLANE('',#10835);
#9460=PLANE('',#10836);
#9461=PLANE('',#10837);
#9462=PLANE('',#10838);
#9463=PLANE('',#10839);
#9464=PLANE('',#10840);
#9465=PLANE('',#10841);
#9466=PLANE('',#10842);
#9467=PLANE('',#10843);
#9468=PLANE('',#10844);
#9469=PLANE('',#10845);
#9470=PLANE('',#10846);
#9471=PLANE('',#10847);
#9472=PLANE('',#10848);
#9473=PLANE('',#10849);
#9474=PLANE('',#10850);
#9475=PLANE('',#10851);
#9476=PLANE('',#10852);
#9477=PLANE('',#10853);
#9478=PLANE('',#10862);
#9479=PLANE('',#10863);
#9480=PLANE('',#10864);
#9481=PLANE('',#10873);
#9482=PLANE('',#10874);
#9483=PLANE('',#10875);
#9484=PLANE('',#10876);
#9485=PLANE('',#10880);
#9486=PLANE('',#10881);
#9487=PLANE('',#10882);
#9488=PLANE('',#10883);
#9489=PLANE('',#10884);
#9490=PLANE('',#10885);
#9491=PLANE('',#10886);
#9492=PLANE('',#10887);
#9493=PLANE('',#10896);
#9494=PLANE('',#10897);
#9495=PLANE('',#10898);
#9496=PLANE('',#10907);
#9497=PLANE('',#10908);
#9498=PLANE('',#10909);
#9499=PLANE('',#10910);
#9500=PLANE('',#10914);
#9501=PLANE('',#10915);
#9502=PLANE('',#10916);
#9503=PLANE('',#10917);
#9504=PLANE('',#10918);
#9505=PLANE('',#10919);
#9506=PLANE('',#10920);
#9507=PLANE('',#10921);
#9508=PLANE('',#10930);
#9509=PLANE('',#10931);
#9510=PLANE('',#10932);
#9511=PLANE('',#10941);
#9512=PLANE('',#10942);
#9513=PLANE('',#10943);
#9514=PLANE('',#10944);
#9515=PLANE('',#10948);
#9516=PLANE('',#10949);
#9517=PLANE('',#10950);
#9518=PLANE('',#10951);
#9519=PLANE('',#10952);
#9520=PLANE('',#10953);
#9521=PLANE('',#10954);
#9522=PLANE('',#10955);
#9523=PLANE('',#10964);
#9524=PLANE('',#10965);
#9525=PLANE('',#10966);
#9526=PLANE('',#10975);
#9527=PLANE('',#10976);
#9528=PLANE('',#10977);
#9529=PLANE('',#10978);
#9530=PLANE('',#10982);
#9531=PLANE('',#10983);
#9532=PLANE('',#10984);
#9533=PLANE('',#10985);
#9534=PLANE('',#10986);
#9535=PLANE('',#10987);
#9536=PLANE('',#10988);
#9537=PLANE('',#10989);
#9538=PLANE('',#10998);
#9539=PLANE('',#10999);
#9540=PLANE('',#11000);
#9541=PLANE('',#11009);
#9542=PLANE('',#11010);
#9543=PLANE('',#11011);
#9544=PLANE('',#11012);
#9545=PLANE('',#11016);
#9546=PLANE('',#11017);
#9547=PLANE('',#11018);
#9548=PLANE('',#11019);
#9549=PLANE('',#11020);
#9550=PLANE('',#11021);
#9551=PLANE('',#11022);
#9552=PLANE('',#11023);
#9553=PLANE('',#11032);
#9554=PLANE('',#11033);
#9555=PLANE('',#11034);
#9556=PLANE('',#11043);
#9557=PLANE('',#11044);
#9558=PLANE('',#11045);
#9559=PLANE('',#11046);
#9560=PLANE('',#11050);
#9561=PLANE('',#11051);
#9562=PLANE('',#11052);
#9563=PLANE('',#11053);
#9564=PLANE('',#11054);
#9565=PLANE('',#11055);
#9566=PLANE('',#11056);
#9567=PLANE('',#11057);
#9568=PLANE('',#11058);
#9569=PLANE('',#11059);
#9570=PLANE('',#11060);
#9571=PLANE('',#11061);
#9572=PLANE('',#11062);
#9573=PLANE('',#11063);
#9574=PLANE('',#11064);
#9575=PLANE('',#11065);
#9576=PLANE('',#11066);
#9577=PLANE('',#11067);
#9578=PLANE('',#11068);
#9579=PLANE('',#11069);
#9580=PLANE('',#11070);
#9581=PLANE('',#11071);
#9582=PLANE('',#11072);
#9583=PLANE('',#11073);
#9584=PLANE('',#11074);
#9585=PLANE('',#11075);
#9586=PLANE('',#11076);
#9587=PLANE('',#11077);
#9588=PLANE('',#11078);
#9589=PLANE('',#11079);
#9590=PLANE('',#11080);
#9591=PLANE('',#11081);
#9592=PLANE('',#11082);
#9593=PLANE('',#11083);
#9594=PLANE('',#11084);
#9595=PLANE('',#11085);
#9596=PLANE('',#11086);
#9597=PLANE('',#11087);
#9598=PLANE('',#11088);
#9599=PLANE('',#11089);
#9600=PLANE('',#11090);
#9601=PLANE('',#11091);
#9602=PLANE('',#11092);
#9603=PLANE('',#11093);
#9604=PLANE('',#11094);
#9605=PLANE('',#11095);
#9606=PLANE('',#11096);
#9607=PLANE('',#11097);
#9608=PLANE('',#11098);
#9609=PLANE('',#11099);
#9610=PLANE('',#11100);
#9611=PLANE('',#11101);
#9612=PLANE('',#11102);
#9613=PLANE('',#11103);
#9614=PLANE('',#11104);
#9615=PLANE('',#11105);
#9616=PLANE('',#11106);
#9617=PLANE('',#11107);
#9618=PLANE('',#11108);
#9619=PLANE('',#11109);
#9620=PLANE('',#11110);
#9621=PLANE('',#11111);
#9622=PLANE('',#11112);
#9623=PLANE('',#11113);
#9624=PLANE('',#11114);
#9625=PLANE('',#11115);
#9626=PLANE('',#11116);
#9627=PLANE('',#11117);
#9628=PLANE('',#11118);
#9629=PLANE('',#11119);
#9630=PLANE('',#11120);
#9631=PLANE('',#11121);
#9632=PLANE('',#11122);
#9633=PLANE('',#11123);
#9634=PLANE('',#11124);
#9635=PLANE('',#11125);
#9636=PLANE('',#11126);
#9637=PLANE('',#11127);
#9638=PLANE('',#11128);
#9639=PLANE('',#11129);
#9640=PLANE('',#11130);
#9641=PLANE('',#11131);
#9642=PLANE('',#11132);
#9643=PLANE('',#11133);
#9644=PLANE('',#11134);
#9645=PLANE('',#11135);
#9646=PLANE('',#11136);
#9647=PLANE('',#11137);
#9648=PLANE('',#11138);
#9649=PLANE('',#11139);
#9650=PLANE('',#11140);
#9651=PLANE('',#11141);
#9652=PLANE('',#11142);
#9653=PLANE('',#11143);
#9654=PLANE('',#11144);
#9655=PLANE('',#11145);
#9656=PLANE('',#11146);
#9657=PLANE('',#11147);
#9658=PLANE('',#11148);
#9659=PLANE('',#11149);
#9660=PLANE('',#11150);
#9661=PLANE('',#11151);
#9662=PLANE('',#11152);
#9663=PLANE('',#11153);
#9664=PLANE('',#11154);
#9665=PLANE('',#11155);
#9666=PLANE('',#11156);
#9667=PLANE('',#11157);
#9668=PLANE('',#11158);
#9669=PLANE('',#11159);
#9670=PLANE('',#11160);
#9671=PLANE('',#11161);
#9672=PLANE('',#11162);
#9673=PLANE('',#11163);
#9674=PLANE('',#11164);
#9675=PLANE('',#11165);
#9676=PLANE('',#11166);
#9677=PLANE('',#11167);
#9678=PLANE('',#11168);
#9679=PLANE('',#11169);
#9680=PLANE('',#11170);
#9681=PLANE('',#11171);
#9682=PLANE('',#11172);
#9683=PLANE('',#11173);
#9684=PLANE('',#11174);
#9685=PLANE('',#11175);
#9686=PLANE('',#11176);
#9687=PLANE('',#11177);
#9688=PLANE('',#11178);
#9689=PLANE('',#11179);
#9690=PLANE('',#11180);
#9691=PLANE('',#11181);
#9692=PLANE('',#11182);
#9693=PLANE('',#11183);
#9694=PLANE('',#11184);
#9695=PLANE('',#11185);
#9696=PLANE('',#11186);
#9697=PLANE('',#11187);
#9698=PLANE('',#11188);
#9699=PLANE('',#11189);
#9700=PLANE('',#11190);
#9701=PLANE('',#11191);
#9702=PLANE('',#11192);
#9703=PLANE('',#11193);
#9704=PLANE('',#11194);
#9705=PLANE('',#11195);
#9706=PLANE('',#11196);
#9707=PLANE('',#11197);
#9708=PLANE('',#11198);
#9709=PLANE('',#11199);
#9710=PLANE('',#11200);
#9711=PLANE('',#11201);
#9712=PLANE('',#11202);
#9713=PLANE('',#11203);
#9714=PLANE('',#11204);
#9715=PLANE('',#11205);
#9716=PLANE('',#11206);
#9717=PLANE('',#11207);
#9718=PLANE('',#11208);
#9719=PLANE('',#11209);
#9720=PLANE('',#11210);
#9721=PLANE('',#11211);
#9722=PLANE('',#11212);
#9723=PLANE('',#11213);
#9724=PLANE('',#11214);
#9725=PLANE('',#11215);
#9726=PLANE('',#11216);
#9727=PLANE('',#11217);
#9728=PLANE('',#11218);
#9729=PLANE('',#11219);
#9730=PLANE('',#11220);
#9731=PLANE('',#11221);
#9732=PLANE('',#11222);
#9733=PLANE('',#11223);
#9734=PLANE('',#11224);
#9735=PLANE('',#11225);
#9736=PLANE('',#11226);
#9737=PLANE('',#11227);
#9738=PLANE('',#11228);
#9739=PLANE('',#11229);
#9740=PLANE('',#11230);
#9741=PLANE('',#11231);
#9742=PLANE('',#11232);
#9743=PLANE('',#11233);
#9744=PLANE('',#11234);
#9745=PLANE('',#11261);
#9746=PLANE('',#11262);
#9747=PLANE('',#11263);
#9748=PLANE('',#11264);
#9749=PLANE('',#11265);
#9750=PLANE('',#11266);
#9751=PLANE('',#11267);
#9752=PLANE('',#11268);
#9753=PLANE('',#11269);
#9754=PLANE('',#11270);
#9755=PLANE('',#11271);
#9756=PLANE('',#11272);
#9757=PLANE('',#11273);
#9758=PLANE('',#11274);
#9759=PLANE('',#11275);
#9760=PLANE('',#11276);
#9761=PLANE('',#11277);
#9762=PLANE('',#11278);
#9763=PLANE('',#11279);
#9764=PLANE('',#11280);
#9765=PLANE('',#11281);
#9766=PLANE('',#11282);
#9767=PLANE('',#11283);
#9768=PLANE('',#11284);
#9769=PLANE('',#11285);
#9770=PLANE('',#11286);
#9771=PLANE('',#11287);
#9772=PLANE('',#11288);
#9773=PLANE('',#11289);
#9774=PLANE('',#11290);
#9775=PLANE('',#11291);
#9776=PLANE('',#11292);
#9777=PLANE('',#11293);
#9778=PLANE('',#11294);
#9779=PLANE('',#11295);
#9780=PLANE('',#11296);
#9781=PLANE('',#11297);
#9782=PLANE('',#11298);
#9783=PLANE('',#11299);
#9784=PLANE('',#11300);
#9785=PLANE('',#11301);
#9786=PLANE('',#11302);
#9787=PLANE('',#11303);
#9788=PLANE('',#11306);
#9789=PLANE('',#11315);
#9790=PLANE('',#11318);
#9791=PLANE('',#11319);
#9792=PLANE('',#11322);
#9793=PLANE('',#11329);
#9794=PLANE('',#11330);
#9795=ADVANCED_FACE('',(#607),#9351,.T.);
#9796=ADVANCED_FACE('',(#608),#9352,.T.);
#9797=ADVANCED_FACE('',(#609),#9353,.T.);
#9798=ADVANCED_FACE('',(#610),#9354,.T.);
#9799=ADVANCED_FACE('',(#611),#9355,.T.);
#9800=ADVANCED_FACE('',(#612),#456,.T.);
#9801=ADVANCED_FACE('',(#613,#136),#9356,.T.);
#9802=ADVANCED_FACE('',(#614),#9357,.F.);
#9803=ADVANCED_FACE('',(#615),#457,.T.);
#9804=ADVANCED_FACE('',(#616),#458,.T.);
#9805=ADVANCED_FACE('',(#617),#9358,.F.);
#9806=ADVANCED_FACE('',(#618),#459,.T.);
#9807=ADVANCED_FACE('',(#619),#134,.F.);
#9808=ADVANCED_FACE('',(#620),#460,.F.);
#9809=ADVANCED_FACE('',(#621),#125,.T.);
#9810=ADVANCED_FACE('',(#622),#461,.T.);
#9811=ADVANCED_FACE('',(#623),#9359,.T.);
#9812=ADVANCED_FACE('',(#624),#126,.T.);
#9813=ADVANCED_FACE('',(#625),#462,.T.);
#9814=ADVANCED_FACE('',(#626),#9360,.T.);
#9815=ADVANCED_FACE('',(#627),#9361,.T.);
#9816=ADVANCED_FACE('',(#628),#9362,.F.);
#9817=ADVANCED_FACE('',(#629),#9363,.F.);
#9818=ADVANCED_FACE('',(#630),#9364,.T.);
#9819=ADVANCED_FACE('',(#631),#9365,.T.);
#9820=ADVANCED_FACE('',(#632,#137),#9366,.T.);
#9821=ADVANCED_FACE('',(#633),#9367,.T.);
#9822=ADVANCED_FACE('',(#634,#138,#139),#9368,.F.);
#9823=ADVANCED_FACE('',(#635),#127,.T.);
#9824=ADVANCED_FACE('',(#636),#463,.T.);
#9825=ADVANCED_FACE('',(#637),#128,.T.);
#9826=ADVANCED_FACE('',(#638),#464,.T.);
#9827=ADVANCED_FACE('',(#639),#9369,.F.);
#9828=ADVANCED_FACE('',(#640),#465,.T.);
#9829=ADVANCED_FACE('',(#641),#9370,.T.);
#9830=ADVANCED_FACE('',(#642),#9371,.F.);
#9831=ADVANCED_FACE('',(#643),#466,.T.);
#9832=ADVANCED_FACE('',(#644),#467,.T.);
#9833=ADVANCED_FACE('',(#645,#140),#9372,.T.);
#9834=ADVANCED_FACE('',(#646),#9373,.F.);
#9835=ADVANCED_FACE('',(#647),#468,.T.);
#9836=ADVANCED_FACE('',(#648),#9374,.T.);
#9837=ADVANCED_FACE('',(#649),#9375,.T.);
#9838=ADVANCED_FACE('',(#650),#9376,.F.);
#9839=ADVANCED_FACE('',(#651),#469,.T.);
#9840=ADVANCED_FACE('',(#652),#9377,.F.);
#9841=ADVANCED_FACE('',(#653,#141),#9378,.T.);
#9842=ADVANCED_FACE('',(#654),#470,.T.);
#9843=ADVANCED_FACE('',(#655),#9379,.F.);
#9844=ADVANCED_FACE('',(#656),#9380,.T.);
#9845=ADVANCED_FACE('',(#657),#9381,.T.);
#9846=ADVANCED_FACE('',(#658),#471,.T.);
#9847=ADVANCED_FACE('',(#659),#9382,.T.);
#9848=ADVANCED_FACE('',(#660),#9383,.F.);
#9849=ADVANCED_FACE('',(#661),#472,.T.);
#9850=ADVANCED_FACE('',(#662,#142),#9384,.F.);
#9851=ADVANCED_FACE('',(#663),#9385,.T.);
#9852=ADVANCED_FACE('',(#664),#9386,.T.);
#9853=ADVANCED_FACE('',(#665),#473,.T.);
#9854=ADVANCED_FACE('',(#666),#9387,.T.);
#9855=ADVANCED_FACE('',(#667),#9388,.T.);
#9856=ADVANCED_FACE('',(#668),#474,.T.);
#9857=ADVANCED_FACE('',(#669),#9389,.T.);
#9858=ADVANCED_FACE('',(#670),#475,.T.);
#9859=ADVANCED_FACE('',(#671),#9390,.T.);
#9860=ADVANCED_FACE('',(#672),#9391,.T.);
#9861=ADVANCED_FACE('',(#673),#476,.T.);
#9862=ADVANCED_FACE('',(#674),#9392,.F.);
#9863=ADVANCED_FACE('',(#675),#477,.T.);
#9864=ADVANCED_FACE('',(#676),#9393,.T.);
#9865=ADVANCED_FACE('',(#677),#9394,.T.);
#9866=ADVANCED_FACE('',(#678),#9395,.F.);
#9867=ADVANCED_FACE('',(#679),#478,.T.);
#9868=ADVANCED_FACE('',(#680),#9396,.F.);
#9869=ADVANCED_FACE('',(#681),#9397,.T.);
#9870=ADVANCED_FACE('',(#682),#9398,.T.);
#9871=ADVANCED_FACE('',(#683),#479,.T.);
#9872=ADVANCED_FACE('',(#684),#9399,.T.);
#9873=ADVANCED_FACE('',(#685),#480,.T.);
#9874=ADVANCED_FACE('',(#686),#9400,.T.);
#9875=ADVANCED_FACE('',(#687),#9401,.T.);
#9876=ADVANCED_FACE('',(#688),#481,.T.);
#9877=ADVANCED_FACE('',(#689),#9402,.F.);
#9878=ADVANCED_FACE('',(#690),#482,.T.);
#9879=ADVANCED_FACE('',(#691),#9403,.T.);
#9880=ADVANCED_FACE('',(#692),#9404,.T.);
#9881=ADVANCED_FACE('',(#693),#483,.T.);
#9882=ADVANCED_FACE('',(#694),#9405,.F.);
#9883=ADVANCED_FACE('',(#695),#9406,.T.);
#9884=ADVANCED_FACE('',(#696),#9407,.T.);
#9885=ADVANCED_FACE('',(#697),#484,.T.);
#9886=ADVANCED_FACE('',(#698),#9408,.T.);
#9887=ADVANCED_FACE('',(#699),#485,.T.);
#9888=ADVANCED_FACE('',(#700),#9409,.T.);
#9889=ADVANCED_FACE('',(#701),#486,.T.);
#9890=ADVANCED_FACE('',(#702),#9410,.T.);
#9891=ADVANCED_FACE('',(#703),#9411,.T.);
#9892=ADVANCED_FACE('',(#704),#487,.T.);
#9893=ADVANCED_FACE('',(#705),#9412,.T.);
#9894=ADVANCED_FACE('',(#706),#9413,.T.);
#9895=ADVANCED_FACE('',(#707),#488,.F.);
#9896=ADVANCED_FACE('',(#708),#489,.F.);
#9897=ADVANCED_FACE('',(#709),#490,.F.);
#9898=ADVANCED_FACE('',(#710),#491,.F.);
#9899=ADVANCED_FACE('',(#711),#492,.F.);
#9900=ADVANCED_FACE('',(#712),#9414,.T.);
#9901=ADVANCED_FACE('',(#713),#493,.F.);
#9902=ADVANCED_FACE('',(#714),#494,.F.);
#9903=ADVANCED_FACE('',(#715),#495,.F.);
#9904=ADVANCED_FACE('',(#716),#496,.F.);
#9905=ADVANCED_FACE('',(#717),#497,.F.);
#9906=ADVANCED_FACE('',(#718),#9415,.T.);
#9907=ADVANCED_FACE('',(#719),#13,.T.);
#9908=ADVANCED_FACE('',(#720),#9416,.T.);
#9909=ADVANCED_FACE('',(#721),#14,.T.);
#9910=ADVANCED_FACE('',(#722),#15,.T.);
#9911=ADVANCED_FACE('',(#723),#9417,.T.);
#9912=ADVANCED_FACE('',(#724),#16,.T.);
#9913=ADVANCED_FACE('',(#725),#9418,.T.);
#9914=ADVANCED_FACE('',(#726),#498,.F.);
#9915=ADVANCED_FACE('',(#727),#499,.F.);
#9916=ADVANCED_FACE('',(#728),#500,.F.);
#9917=ADVANCED_FACE('',(#729),#501,.F.);
#9918=ADVANCED_FACE('',(#730),#502,.F.);
#9919=ADVANCED_FACE('',(#731),#503,.F.);
#9920=ADVANCED_FACE('',(#732),#9419,.T.);
#9921=ADVANCED_FACE('',(#733),#135,.F.);
#9922=ADVANCED_FACE('',(#734),#504,.F.);
#9923=ADVANCED_FACE('',(#735),#505,.T.);
#9924=ADVANCED_FACE('',(#736,#143),#9420,.T.);
#9925=ADVANCED_FACE('',(#737),#506,.T.);
#9926=ADVANCED_FACE('',(#738),#507,.T.);
#9927=ADVANCED_FACE('',(#739),#9421,.T.);
#9928=ADVANCED_FACE('',(#740),#508,.T.);
#9929=ADVANCED_FACE('',(#741),#509,.T.);
#9930=ADVANCED_FACE('',(#742),#9422,.T.);
#9931=ADVANCED_FACE('',(#743),#510,.T.);
#9932=ADVANCED_FACE('',(#744),#511,.T.);
#9933=ADVANCED_FACE('',(#745),#9423,.T.);
#9934=ADVANCED_FACE('',(#746),#512,.F.);
#9935=ADVANCED_FACE('',(#747),#9424,.F.);
#9936=ADVANCED_FACE('',(#748),#513,.F.);
#9937=ADVANCED_FACE('',(#749),#9425,.F.);
#9938=ADVANCED_FACE('',(#750),#514,.F.);
#9939=ADVANCED_FACE('',(#751),#515,.F.);
#9940=ADVANCED_FACE('',(#752),#9426,.F.);
#9941=ADVANCED_FACE('',(#753),#516,.T.);
#9942=ADVANCED_FACE('',(#754),#9427,.T.);
#9943=ADVANCED_FACE('',(#755),#517,.T.);
#9944=ADVANCED_FACE('',(#756),#9428,.T.);
#9945=ADVANCED_FACE('',(#757),#518,.T.);
#9946=ADVANCED_FACE('',(#758),#519,.T.);
#9947=ADVANCED_FACE('',(#759),#520,.T.);
#9948=ADVANCED_FACE('',(#760),#521,.T.);
#9949=ADVANCED_FACE('',(#761),#9429,.T.);
#9950=ADVANCED_FACE('',(#762),#522,.F.);
#9951=ADVANCED_FACE('',(#763),#9430,.F.);
#9952=ADVANCED_FACE('',(#764),#523,.F.);
#9953=ADVANCED_FACE('',(#765),#9431,.F.);
#9954=ADVANCED_FACE('',(#766),#524,.F.);
#9955=ADVANCED_FACE('',(#767),#9432,.F.);
#9956=ADVANCED_FACE('',(#768),#525,.F.);
#9957=ADVANCED_FACE('',(#769),#9433,.F.);
#9958=ADVANCED_FACE('',(#770),#526,.T.);
#9959=ADVANCED_FACE('',(#771),#527,.T.);
#9960=ADVANCED_FACE('',(#772),#9434,.T.);
#9961=ADVANCED_FACE('',(#773),#528,.T.);
#9962=ADVANCED_FACE('',(#774),#529,.T.);
#9963=ADVANCED_FACE('',(#775),#9435,.T.);
#9964=ADVANCED_FACE('',(#776),#9436,.T.);
#9965=ADVANCED_FACE('',(#777),#530,.T.);
#9966=ADVANCED_FACE('',(#778),#531,.T.);
#9967=ADVANCED_FACE('',(#779),#532,.F.);
#9968=ADVANCED_FACE('',(#780),#9437,.F.);
#9969=ADVANCED_FACE('',(#781),#533,.F.);
#9970=ADVANCED_FACE('',(#782),#9438,.F.);
#9971=ADVANCED_FACE('',(#783),#534,.F.);
#9972=ADVANCED_FACE('',(#784),#535,.F.);
#9973=ADVANCED_FACE('',(#785),#9439,.F.);
#9974=ADVANCED_FACE('',(#786),#536,.T.);
#9975=ADVANCED_FACE('',(#787),#537,.F.);
#9976=ADVANCED_FACE('',(#788),#9440,.F.);
#9977=ADVANCED_FACE('',(#789),#538,.T.);
#9978=ADVANCED_FACE('',(#790),#539,.F.);
#9979=ADVANCED_FACE('',(#791),#9441,.F.);
#9980=ADVANCED_FACE('',(#792),#540,.F.);
#9981=ADVANCED_FACE('',(#793),#9442,.F.);
#9982=ADVANCED_FACE('',(#794),#541,.T.);
#9983=ADVANCED_FACE('',(#795),#9443,.T.);
#9984=ADVANCED_FACE('',(#796),#542,.T.);
#9985=ADVANCED_FACE('',(#797),#9444,.T.);
#9986=ADVANCED_FACE('',(#798),#543,.T.);
#9987=ADVANCED_FACE('',(#799),#544,.T.);
#9988=ADVANCED_FACE('',(#800),#545,.F.);
#9989=ADVANCED_FACE('',(#801),#9445,.F.);
#9990=ADVANCED_FACE('',(#802),#9446,.F.);
#9991=ADVANCED_FACE('',(#803),#9447,.F.);
#9992=ADVANCED_FACE('',(#804),#9448,.F.);
#9993=ADVANCED_FACE('',(#805),#9449,.F.);
#9994=ADVANCED_FACE('',(#806),#9450,.F.);
#9995=ADVANCED_FACE('',(#807),#9451,.F.);
#9996=ADVANCED_FACE('',(#808),#9452,.F.);
#9997=ADVANCED_FACE('',(#809),#9453,.F.);
#9998=ADVANCED_FACE('',(#810),#9454,.F.);
#9999=ADVANCED_FACE('',(#811),#9455,.F.);
#10000=ADVANCED_FACE('',(#812),#9456,.F.);
#10001=ADVANCED_FACE('',(#813),#9457,.F.);
#10002=ADVANCED_FACE('',(#814),#9458,.F.);
#10003=ADVANCED_FACE('',(#815),#9459,.F.);
#10004=ADVANCED_FACE('',(#816),#9460,.T.);
#10005=ADVANCED_FACE('',(#817),#9461,.T.);
#10006=ADVANCED_FACE('',(#818),#9462,.T.);
#10007=ADVANCED_FACE('',(#819),#9463,.T.);
#10008=ADVANCED_FACE('',(#820),#9464,.T.);
#10009=ADVANCED_FACE('',(#821),#9465,.T.);
#10010=ADVANCED_FACE('',(#822),#9466,.T.);
#10011=ADVANCED_FACE('',(#823),#9467,.T.);
#10012=ADVANCED_FACE('',(#824),#9468,.T.);
#10013=ADVANCED_FACE('',(#825),#9469,.T.);
#10014=ADVANCED_FACE('',(#826),#9470,.T.);
#10015=ADVANCED_FACE('',(#827),#9471,.T.);
#10016=ADVANCED_FACE('',(#828),#9472,.T.);
#10017=ADVANCED_FACE('',(#829),#9473,.T.);
#10018=ADVANCED_FACE('',(#830),#9474,.T.);
#10019=ADVANCED_FACE('',(#831),#9475,.T.);
#10020=ADVANCED_FACE('',(#832),#9476,.T.);
#10021=ADVANCED_FACE('',(#833),#9477,.T.);
#10022=ADVANCED_FACE('',(#834),#546,.T.);
#10023=ADVANCED_FACE('',(#835),#547,.T.);
#10024=ADVANCED_FACE('',(#836),#548,.T.);
#10025=ADVANCED_FACE('',(#837),#549,.T.);
#10026=ADVANCED_FACE('',(#838),#9478,.T.);
#10027=ADVANCED_FACE('',(#839),#9479,.T.);
#10028=ADVANCED_FACE('',(#840),#9480,.T.);
#10029=ADVANCED_FACE('',(#841),#550,.F.);
#10030=ADVANCED_FACE('',(#842),#551,.F.);
#10031=ADVANCED_FACE('',(#843),#552,.F.);
#10032=ADVANCED_FACE('',(#844),#553,.F.);
#10033=ADVANCED_FACE('',(#845),#9481,.F.);
#10034=ADVANCED_FACE('',(#846),#9482,.F.);
#10035=ADVANCED_FACE('',(#847),#9483,.F.);
#10036=ADVANCED_FACE('',(#848,#144),#9484,.F.);
#10037=ADVANCED_FACE('',(#849),#554,.T.);
#10038=ADVANCED_FACE('',(#850),#9485,.T.);
#10039=ADVANCED_FACE('',(#851),#9486,.F.);
#10040=ADVANCED_FACE('',(#852),#9487,.F.);
#10041=ADVANCED_FACE('',(#853),#9488,.T.);
#10042=ADVANCED_FACE('',(#854),#9489,.T.);
#10043=ADVANCED_FACE('',(#855),#9490,.T.);
#10044=ADVANCED_FACE('',(#856),#9491,.T.);
#10045=ADVANCED_FACE('',(#857,#145),#9492,.T.);
#10046=ADVANCED_FACE('',(#858),#555,.T.);
#10047=ADVANCED_FACE('',(#859),#556,.T.);
#10048=ADVANCED_FACE('',(#860),#557,.T.);
#10049=ADVANCED_FACE('',(#861),#558,.T.);
#10050=ADVANCED_FACE('',(#862),#9493,.T.);
#10051=ADVANCED_FACE('',(#863),#9494,.T.);
#10052=ADVANCED_FACE('',(#864),#9495,.T.);
#10053=ADVANCED_FACE('',(#865),#559,.F.);
#10054=ADVANCED_FACE('',(#866),#560,.F.);
#10055=ADVANCED_FACE('',(#867),#561,.F.);
#10056=ADVANCED_FACE('',(#868),#562,.F.);
#10057=ADVANCED_FACE('',(#869),#9496,.F.);
#10058=ADVANCED_FACE('',(#870),#9497,.F.);
#10059=ADVANCED_FACE('',(#871),#9498,.F.);
#10060=ADVANCED_FACE('',(#872,#146),#9499,.F.);
#10061=ADVANCED_FACE('',(#873),#563,.T.);
#10062=ADVANCED_FACE('',(#874),#9500,.T.);
#10063=ADVANCED_FACE('',(#875),#9501,.F.);
#10064=ADVANCED_FACE('',(#876),#9502,.F.);
#10065=ADVANCED_FACE('',(#877),#9503,.T.);
#10066=ADVANCED_FACE('',(#878),#9504,.T.);
#10067=ADVANCED_FACE('',(#879),#9505,.T.);
#10068=ADVANCED_FACE('',(#880),#9506,.T.);
#10069=ADVANCED_FACE('',(#881,#147),#9507,.T.);
#10070=ADVANCED_FACE('',(#882),#564,.T.);
#10071=ADVANCED_FACE('',(#883),#565,.T.);
#10072=ADVANCED_FACE('',(#884),#566,.T.);
#10073=ADVANCED_FACE('',(#885),#567,.T.);
#10074=ADVANCED_FACE('',(#886),#9508,.T.);
#10075=ADVANCED_FACE('',(#887),#9509,.T.);
#10076=ADVANCED_FACE('',(#888),#9510,.T.);
#10077=ADVANCED_FACE('',(#889),#568,.F.);
#10078=ADVANCED_FACE('',(#890),#569,.F.);
#10079=ADVANCED_FACE('',(#891),#570,.F.);
#10080=ADVANCED_FACE('',(#892),#571,.F.);
#10081=ADVANCED_FACE('',(#893),#9511,.F.);
#10082=ADVANCED_FACE('',(#894),#9512,.F.);
#10083=ADVANCED_FACE('',(#895),#9513,.F.);
#10084=ADVANCED_FACE('',(#896,#148),#9514,.F.);
#10085=ADVANCED_FACE('',(#897),#572,.T.);
#10086=ADVANCED_FACE('',(#898),#9515,.T.);
#10087=ADVANCED_FACE('',(#899),#9516,.F.);
#10088=ADVANCED_FACE('',(#900),#9517,.F.);
#10089=ADVANCED_FACE('',(#901),#9518,.T.);
#10090=ADVANCED_FACE('',(#902),#9519,.T.);
#10091=ADVANCED_FACE('',(#903),#9520,.T.);
#10092=ADVANCED_FACE('',(#904),#9521,.T.);
#10093=ADVANCED_FACE('',(#905,#149),#9522,.T.);
#10094=ADVANCED_FACE('',(#906),#573,.T.);
#10095=ADVANCED_FACE('',(#907),#574,.T.);
#10096=ADVANCED_FACE('',(#908),#575,.T.);
#10097=ADVANCED_FACE('',(#909),#576,.T.);
#10098=ADVANCED_FACE('',(#910),#9523,.T.);
#10099=ADVANCED_FACE('',(#911),#9524,.T.);
#10100=ADVANCED_FACE('',(#912),#9525,.T.);
#10101=ADVANCED_FACE('',(#913),#577,.F.);
#10102=ADVANCED_FACE('',(#914),#578,.F.);
#10103=ADVANCED_FACE('',(#915),#579,.F.);
#10104=ADVANCED_FACE('',(#916),#580,.F.);
#10105=ADVANCED_FACE('',(#917),#9526,.F.);
#10106=ADVANCED_FACE('',(#918),#9527,.F.);
#10107=ADVANCED_FACE('',(#919),#9528,.F.);
#10108=ADVANCED_FACE('',(#920,#150),#9529,.F.);
#10109=ADVANCED_FACE('',(#921),#581,.T.);
#10110=ADVANCED_FACE('',(#922),#9530,.T.);
#10111=ADVANCED_FACE('',(#923),#9531,.F.);
#10112=ADVANCED_FACE('',(#924),#9532,.F.);
#10113=ADVANCED_FACE('',(#925),#9533,.T.);
#10114=ADVANCED_FACE('',(#926),#9534,.T.);
#10115=ADVANCED_FACE('',(#927),#9535,.T.);
#10116=ADVANCED_FACE('',(#928),#9536,.T.);
#10117=ADVANCED_FACE('',(#929,#151),#9537,.T.);
#10118=ADVANCED_FACE('',(#930),#582,.T.);
#10119=ADVANCED_FACE('',(#931),#583,.T.);
#10120=ADVANCED_FACE('',(#932),#584,.T.);
#10121=ADVANCED_FACE('',(#933),#585,.T.);
#10122=ADVANCED_FACE('',(#934),#9538,.T.);
#10123=ADVANCED_FACE('',(#935),#9539,.T.);
#10124=ADVANCED_FACE('',(#936),#9540,.T.);
#10125=ADVANCED_FACE('',(#937),#586,.F.);
#10126=ADVANCED_FACE('',(#938),#587,.F.);
#10127=ADVANCED_FACE('',(#939),#588,.F.);
#10128=ADVANCED_FACE('',(#940),#589,.F.);
#10129=ADVANCED_FACE('',(#941),#9541,.F.);
#10130=ADVANCED_FACE('',(#942),#9542,.F.);
#10131=ADVANCED_FACE('',(#943),#9543,.F.);
#10132=ADVANCED_FACE('',(#944,#152),#9544,.F.);
#10133=ADVANCED_FACE('',(#945),#590,.T.);
#10134=ADVANCED_FACE('',(#946),#9545,.T.);
#10135=ADVANCED_FACE('',(#947),#9546,.F.);
#10136=ADVANCED_FACE('',(#948),#9547,.F.);
#10137=ADVANCED_FACE('',(#949),#9548,.T.);
#10138=ADVANCED_FACE('',(#950),#9549,.T.);
#10139=ADVANCED_FACE('',(#951),#9550,.T.);
#10140=ADVANCED_FACE('',(#952),#9551,.T.);
#10141=ADVANCED_FACE('',(#953,#153),#9552,.T.);
#10142=ADVANCED_FACE('',(#954),#591,.T.);
#10143=ADVANCED_FACE('',(#955),#592,.T.);
#10144=ADVANCED_FACE('',(#956),#593,.T.);
#10145=ADVANCED_FACE('',(#957),#594,.T.);
#10146=ADVANCED_FACE('',(#958),#9553,.T.);
#10147=ADVANCED_FACE('',(#959),#9554,.T.);
#10148=ADVANCED_FACE('',(#960),#9555,.T.);
#10149=ADVANCED_FACE('',(#961),#595,.F.);
#10150=ADVANCED_FACE('',(#962),#596,.F.);
#10151=ADVANCED_FACE('',(#963),#597,.F.);
#10152=ADVANCED_FACE('',(#964),#598,.F.);
#10153=ADVANCED_FACE('',(#965),#9556,.F.);
#10154=ADVANCED_FACE('',(#966),#9557,.F.);
#10155=ADVANCED_FACE('',(#967),#9558,.F.);
#10156=ADVANCED_FACE('',(#968,#154),#9559,.F.);
#10157=ADVANCED_FACE('',(#969),#599,.T.);
#10158=ADVANCED_FACE('',(#970),#9560,.T.);
#10159=ADVANCED_FACE('',(#971),#9561,.F.);
#10160=ADVANCED_FACE('',(#972),#9562,.F.);
#10161=ADVANCED_FACE('',(#973),#9563,.T.);
#10162=ADVANCED_FACE('',(#974),#9564,.T.);
#10163=ADVANCED_FACE('',(#975),#9565,.T.);
#10164=ADVANCED_FACE('',(#976),#9566,.T.);
#10165=ADVANCED_FACE('',(#977,#155),#9567,.T.);
#10166=ADVANCED_FACE('',(#978),#9568,.F.);
#10167=ADVANCED_FACE('',(#979),#9569,.F.);
#10168=ADVANCED_FACE('',(#980),#9570,.F.);
#10169=ADVANCED_FACE('',(#981),#9571,.F.);
#10170=ADVANCED_FACE('',(#982),#9572,.F.);
#10171=ADVANCED_FACE('',(#983),#9573,.F.);
#10172=ADVANCED_FACE('',(#984),#9574,.F.);
#10173=ADVANCED_FACE('',(#985),#9575,.F.);
#10174=ADVANCED_FACE('',(#986),#9576,.F.);
#10175=ADVANCED_FACE('',(#987),#9577,.F.);
#10176=ADVANCED_FACE('',(#988),#9578,.F.);
#10177=ADVANCED_FACE('',(#989),#9579,.F.);
#10178=ADVANCED_FACE('',(#990),#9580,.F.);
#10179=ADVANCED_FACE('',(#991),#9581,.F.);
#10180=ADVANCED_FACE('',(#992),#9582,.F.);
#10181=ADVANCED_FACE('',(#993),#9583,.F.);
#10182=ADVANCED_FACE('',(#994),#9584,.F.);
#10183=ADVANCED_FACE('',(#995),#9585,.F.);
#10184=ADVANCED_FACE('',(#996),#9586,.F.);
#10185=ADVANCED_FACE('',(#997),#9587,.F.);
#10186=ADVANCED_FACE('',(#998),#9588,.F.);
#10187=ADVANCED_FACE('',(#999),#9589,.F.);
#10188=ADVANCED_FACE('',(#1000),#9590,.F.);
#10189=ADVANCED_FACE('',(#1001),#9591,.F.);
#10190=ADVANCED_FACE('',(#1002),#9592,.F.);
#10191=ADVANCED_FACE('',(#1003),#9593,.F.);
#10192=ADVANCED_FACE('',(#1004),#9594,.F.);
#10193=ADVANCED_FACE('',(#1005),#9595,.F.);
#10194=ADVANCED_FACE('',(#1006),#9596,.F.);
#10195=ADVANCED_FACE('',(#1007),#9597,.F.);
#10196=ADVANCED_FACE('',(#1008),#9598,.F.);
#10197=ADVANCED_FACE('',(#1009),#9599,.F.);
#10198=ADVANCED_FACE('',(#1010),#9600,.F.);
#10199=ADVANCED_FACE('',(#1011),#9601,.F.);
#10200=ADVANCED_FACE('',(#1012),#9602,.F.);
#10201=ADVANCED_FACE('',(#1013),#9603,.F.);
#10202=ADVANCED_FACE('',(#1014),#9604,.F.);
#10203=ADVANCED_FACE('',(#1015),#9605,.F.);
#10204=ADVANCED_FACE('',(#1016),#9606,.F.);
#10205=ADVANCED_FACE('',(#1017),#9607,.F.);
#10206=ADVANCED_FACE('',(#1018),#9608,.F.);
#10207=ADVANCED_FACE('',(#1019),#9609,.F.);
#10208=ADVANCED_FACE('',(#1020),#9610,.F.);
#10209=ADVANCED_FACE('',(#1021),#9611,.F.);
#10210=ADVANCED_FACE('',(#1022),#9612,.F.);
#10211=ADVANCED_FACE('',(#1023),#9613,.F.);
#10212=ADVANCED_FACE('',(#1024),#9614,.F.);
#10213=ADVANCED_FACE('',(#1025),#9615,.F.);
#10214=ADVANCED_FACE('',(#1026),#9616,.F.);
#10215=ADVANCED_FACE('',(#1027),#9617,.F.);
#10216=ADVANCED_FACE('',(#1028),#9618,.F.);
#10217=ADVANCED_FACE('',(#1029),#9619,.F.);
#10218=ADVANCED_FACE('',(#1030),#9620,.F.);
#10219=ADVANCED_FACE('',(#1031),#9621,.F.);
#10220=ADVANCED_FACE('',(#1032),#9622,.F.);
#10221=ADVANCED_FACE('',(#1033),#9623,.F.);
#10222=ADVANCED_FACE('',(#1034),#9624,.F.);
#10223=ADVANCED_FACE('',(#1035),#9625,.F.);
#10224=ADVANCED_FACE('',(#1036),#9626,.F.);
#10225=ADVANCED_FACE('',(#1037),#9627,.F.);
#10226=ADVANCED_FACE('',(#1038),#9628,.F.);
#10227=ADVANCED_FACE('',(#1039),#9629,.F.);
#10228=ADVANCED_FACE('',(#1040),#9630,.F.);
#10229=ADVANCED_FACE('',(#1041),#9631,.F.);
#10230=ADVANCED_FACE('',(#1042),#9632,.F.);
#10231=ADVANCED_FACE('',(#1043),#9633,.F.);
#10232=ADVANCED_FACE('',(#1044),#9634,.F.);
#10233=ADVANCED_FACE('',(#1045),#9635,.F.);
#10234=ADVANCED_FACE('',(#1046),#9636,.F.);
#10235=ADVANCED_FACE('',(#1047),#9637,.F.);
#10236=ADVANCED_FACE('',(#1048),#9638,.F.);
#10237=ADVANCED_FACE('',(#1049),#9639,.F.);
#10238=ADVANCED_FACE('',(#1050),#9640,.F.);
#10239=ADVANCED_FACE('',(#1051),#9641,.F.);
#10240=ADVANCED_FACE('',(#1052),#9642,.F.);
#10241=ADVANCED_FACE('',(#1053),#9643,.F.);
#10242=ADVANCED_FACE('',(#1054),#9644,.F.);
#10243=ADVANCED_FACE('',(#1055),#9645,.F.);
#10244=ADVANCED_FACE('',(#1056),#9646,.F.);
#10245=ADVANCED_FACE('',(#1057),#9647,.F.);
#10246=ADVANCED_FACE('',(#1058),#9648,.F.);
#10247=ADVANCED_FACE('',(#1059),#9649,.F.);
#10248=ADVANCED_FACE('',(#1060),#9650,.F.);
#10249=ADVANCED_FACE('',(#1061),#9651,.F.);
#10250=ADVANCED_FACE('',(#1062),#9652,.F.);
#10251=ADVANCED_FACE('',(#1063),#9653,.F.);
#10252=ADVANCED_FACE('',(#1064),#9654,.F.);
#10253=ADVANCED_FACE('',(#1065),#9655,.F.);
#10254=ADVANCED_FACE('',(#1066),#9656,.F.);
#10255=ADVANCED_FACE('',(#1067),#9657,.F.);
#10256=ADVANCED_FACE('',(#1068),#9658,.F.);
#10257=ADVANCED_FACE('',(#1069),#9659,.F.);
#10258=ADVANCED_FACE('',(#1070),#9660,.F.);
#10259=ADVANCED_FACE('',(#1071),#9661,.F.);
#10260=ADVANCED_FACE('',(#1072),#9662,.F.);
#10261=ADVANCED_FACE('',(#1073),#9663,.F.);
#10262=ADVANCED_FACE('',(#1074),#9664,.F.);
#10263=ADVANCED_FACE('',(#1075),#9665,.F.);
#10264=ADVANCED_FACE('',(#1076),#9666,.F.);
#10265=ADVANCED_FACE('',(#1077),#9667,.F.);
#10266=ADVANCED_FACE('',(#1078),#9668,.F.);
#10267=ADVANCED_FACE('',(#1079),#9669,.F.);
#10268=ADVANCED_FACE('',(#1080),#9670,.F.);
#10269=ADVANCED_FACE('',(#1081),#9671,.F.);
#10270=ADVANCED_FACE('',(#1082),#9672,.F.);
#10271=ADVANCED_FACE('',(#1083),#9673,.F.);
#10272=ADVANCED_FACE('',(#1084),#9674,.F.);
#10273=ADVANCED_FACE('',(#1085),#9675,.F.);
#10274=ADVANCED_FACE('',(#1086),#9676,.F.);
#10275=ADVANCED_FACE('',(#1087),#9677,.F.);
#10276=ADVANCED_FACE('',(#1088),#9678,.F.);
#10277=ADVANCED_FACE('',(#1089),#9679,.F.);
#10278=ADVANCED_FACE('',(#1090),#9680,.F.);
#10279=ADVANCED_FACE('',(#1091),#9681,.F.);
#10280=ADVANCED_FACE('',(#1092),#9682,.F.);
#10281=ADVANCED_FACE('',(#1093),#9683,.F.);
#10282=ADVANCED_FACE('',(#1094),#9684,.F.);
#10283=ADVANCED_FACE('',(#1095),#9685,.F.);
#10284=ADVANCED_FACE('',(#1096),#9686,.F.);
#10285=ADVANCED_FACE('',(#1097),#9687,.F.);
#10286=ADVANCED_FACE('',(#1098),#9688,.F.);
#10287=ADVANCED_FACE('',(#1099),#9689,.F.);
#10288=ADVANCED_FACE('',(#1100),#9690,.F.);
#10289=ADVANCED_FACE('',(#1101),#9691,.F.);
#10290=ADVANCED_FACE('',(#1102),#9692,.F.);
#10291=ADVANCED_FACE('',(#1103),#9693,.F.);
#10292=ADVANCED_FACE('',(#1104),#9694,.F.);
#10293=ADVANCED_FACE('',(#1105),#9695,.T.);
#10294=ADVANCED_FACE('',(#1106),#9696,.F.);
#10295=ADVANCED_FACE('',(#1107),#9697,.F.);
#10296=ADVANCED_FACE('',(#1108),#9698,.F.);
#10297=ADVANCED_FACE('',(#1109),#9699,.F.);
#10298=ADVANCED_FACE('',(#1110),#9700,.F.);
#10299=ADVANCED_FACE('',(#1111),#9701,.F.);
#10300=ADVANCED_FACE('',(#1112),#9702,.F.);
#10301=ADVANCED_FACE('',(#1113),#9703,.F.);
#10302=ADVANCED_FACE('',(#1114),#9704,.F.);
#10303=ADVANCED_FACE('',(#1115),#9705,.F.);
#10304=ADVANCED_FACE('',(#1116),#9706,.F.);
#10305=ADVANCED_FACE('',(#1117),#9707,.F.);
#10306=ADVANCED_FACE('',(#1118),#9708,.F.);
#10307=ADVANCED_FACE('',(#1119),#9709,.F.);
#10308=ADVANCED_FACE('',(#1120),#9710,.F.);
#10309=ADVANCED_FACE('',(#1121),#9711,.F.);
#10310=ADVANCED_FACE('',(#1122),#9712,.F.);
#10311=ADVANCED_FACE('',(#1123),#9713,.F.);
#10312=ADVANCED_FACE('',(#1124),#9714,.F.);
#10313=ADVANCED_FACE('',(#1125),#9715,.F.);
#10314=ADVANCED_FACE('',(#1126),#9716,.F.);
#10315=ADVANCED_FACE('',(#1127),#9717,.F.);
#10316=ADVANCED_FACE('',(#1128),#9718,.F.);
#10317=ADVANCED_FACE('',(#1129),#9719,.F.);
#10318=ADVANCED_FACE('',(#1130),#9720,.F.);
#10319=ADVANCED_FACE('',(#1131),#9721,.F.);
#10320=ADVANCED_FACE('',(#1132),#9722,.F.);
#10321=ADVANCED_FACE('',(#1133),#9723,.F.);
#10322=ADVANCED_FACE('',(#1134),#9724,.F.);
#10323=ADVANCED_FACE('',(#1135),#9725,.F.);
#10324=ADVANCED_FACE('',(#1136),#9726,.F.);
#10325=ADVANCED_FACE('',(#1137),#9727,.F.);
#10326=ADVANCED_FACE('',(#1138),#9728,.F.);
#10327=ADVANCED_FACE('',(#1139),#9729,.F.);
#10328=ADVANCED_FACE('',(#1140),#9730,.F.);
#10329=ADVANCED_FACE('',(#1141),#9731,.F.);
#10330=ADVANCED_FACE('',(#1142),#9732,.F.);
#10331=ADVANCED_FACE('',(#1143),#9733,.F.);
#10332=ADVANCED_FACE('',(#1144),#9734,.F.);
#10333=ADVANCED_FACE('',(#1145),#9735,.F.);
#10334=ADVANCED_FACE('',(#1146),#9736,.F.);
#10335=ADVANCED_FACE('',(#1147),#9737,.F.);
#10336=ADVANCED_FACE('',(#1148),#9738,.F.);
#10337=ADVANCED_FACE('',(#1149),#9739,.F.);
#10338=ADVANCED_FACE('',(#1150),#9740,.F.);
#10339=ADVANCED_FACE('',(#1151),#9741,.F.);
#10340=ADVANCED_FACE('',(#1152),#9742,.F.);
#10341=ADVANCED_FACE('',(#1153),#9743,.F.);
#10342=ADVANCED_FACE('',(#1154),#9744,.F.);
#10343=ADVANCED_FACE('',(#1155),#129,.T.);
#10344=ADVANCED_FACE('',(#1156),#130,.T.);
#10345=ADVANCED_FACE('',(#1157),#131,.T.);
#10346=ADVANCED_FACE('',(#1158),#9745,.T.);
#10347=ADVANCED_FACE('',(#1159),#9746,.T.);
#10348=ADVANCED_FACE('',(#1160),#9747,.T.);
#10349=ADVANCED_FACE('',(#1161),#9748,.T.);
#10350=ADVANCED_FACE('',(#1162),#9749,.T.);
#10351=ADVANCED_FACE('',(#1163),#9750,.T.);
#10352=ADVANCED_FACE('',(#1164),#9751,.T.);
#10353=ADVANCED_FACE('',(#1165),#9752,.T.);
#10354=ADVANCED_FACE('',(#1166),#9753,.T.);
#10355=ADVANCED_FACE('',(#1167),#9754,.T.);
#10356=ADVANCED_FACE('',(#1168),#9755,.T.);
#10357=ADVANCED_FACE('',(#1169),#9756,.T.);
#10358=ADVANCED_FACE('',(#1170),#9757,.T.);
#10359=ADVANCED_FACE('',(#1171),#9758,.T.);
#10360=ADVANCED_FACE('',(#1172),#9759,.T.);
#10361=ADVANCED_FACE('',(#1173),#9760,.T.);
#10362=ADVANCED_FACE('',(#1174),#9761,.T.);
#10363=ADVANCED_FACE('',(#1175),#9762,.T.);
#10364=ADVANCED_FACE('',(#1176),#9763,.T.);
#10365=ADVANCED_FACE('',(#1177),#9764,.T.);
#10366=ADVANCED_FACE('',(#1178),#9765,.T.);
#10367=ADVANCED_FACE('',(#1179),#9766,.T.);
#10368=ADVANCED_FACE('',(#1180),#9767,.T.);
#10369=ADVANCED_FACE('',(#1181),#9768,.T.);
#10370=ADVANCED_FACE('',(#1182),#9769,.T.);
#10371=ADVANCED_FACE('',(#1183),#9770,.T.);
#10372=ADVANCED_FACE('',(#1184),#9771,.T.);
#10373=ADVANCED_FACE('',(#1185),#9772,.T.);
#10374=ADVANCED_FACE('',(#1186),#9773,.T.);
#10375=ADVANCED_FACE('',(#1187),#9774,.T.);
#10376=ADVANCED_FACE('',(#1188),#9775,.T.);
#10377=ADVANCED_FACE('',(#1189),#9776,.T.);
#10378=ADVANCED_FACE('',(#1190),#9777,.T.);
#10379=ADVANCED_FACE('',(#1191),#9778,.T.);
#10380=ADVANCED_FACE('',(#1192),#9779,.T.);
#10381=ADVANCED_FACE('',(#1193),#9780,.T.);
#10382=ADVANCED_FACE('',(#1194),#9781,.T.);
#10383=ADVANCED_FACE('',(#1195),#9782,.T.);
#10384=ADVANCED_FACE('',(#1196),#9783,.T.);
#10385=ADVANCED_FACE('',(#1197),#9784,.T.);
#10386=ADVANCED_FACE('',(#1198),#9785,.T.);
#10387=ADVANCED_FACE('',(#1199),#9786,.T.);
#10388=ADVANCED_FACE('',(#1200),#9787,.T.);
#10389=ADVANCED_FACE('',(#1201),#600,.T.);
#10390=ADVANCED_FACE('',(#1202),#9788,.T.);
#10391=ADVANCED_FACE('',(#1203),#132,.F.);
#10392=ADVANCED_FACE('',(#1204),#601,.F.);
#10393=ADVANCED_FACE('',(#1205),#133,.F.);
#10394=ADVANCED_FACE('',(#1206),#602,.F.);
#10395=ADVANCED_FACE('',(#1207),#9789,.T.);
#10396=ADVANCED_FACE('',(#1208),#603,.F.);
#10397=ADVANCED_FACE('',(#1209),#9790,.F.);
#10398=ADVANCED_FACE('',(#1210),#9791,.T.);
#10399=ADVANCED_FACE('',(#1211),#604,.F.);
#10400=ADVANCED_FACE('',(#1212,#156),#9792,.F.);
#10401=ADVANCED_FACE('',(#1213),#605,.T.);
#10402=ADVANCED_FACE('',(#1214),#606,.T.);
#10403=ADVANCED_FACE('',(#1215,#157),#9793,.T.);
#10404=ADVANCED_FACE('',(#1216,#158),#9794,.F.);
#10405=CLOSED_SHELL('',(#9795,#9796,#9797,#9798,#9799,#9800,#9801,#9802,
#9803,#9804,#9805,#9806,#9807,#9808,#9809,#9810,#9811,#9812,#9813,#9814,
#9815,#9816,#9817,#9818,#9819,#9820,#9821,#9822));
#10406=CLOSED_SHELL('',(#9823,#9824,#9825,#9826,#9827,#9828,#9829,#9830,
#9831,#9832,#9833,#9834));
#10407=CLOSED_SHELL('',(#9835,#9836,#9837,#9838,#9839,#9840,#9841,#9842,
#9843,#9844,#9845,#9846,#9847,#9848,#9849,#9850,#9851,#9852,#9853,#9854,
#9855,#9856,#9857,#9858,#9859,#9860,#9861,#9862,#9863,#9864,#9865,#9866,
#9867,#9868,#9869,#9870,#9871,#9872,#9873,#9874,#9875,#9876,#9877,#9878,
#9879,#9880,#9881,#9882,#9883,#9884,#9885,#9886,#9887,#9888,#9889,#9890,
#9891,#9892,#9893,#9894,#9895,#9896,#9897,#9898,#9899,#9900,#9901,#9902,
#9903,#9904,#9905,#9906,#9907,#9908,#9909,#9910,#9911,#9912,#9913,#9914,
#9915,#9916,#9917,#9918,#9919,#9920,#9921,#9922,#9923,#9924,#9925,#9926,
#9927,#9928,#9929,#9930,#9931,#9932,#9933,#9934,#9935,#9936,#9937,#9938,
#9939,#9940,#9941,#9942,#9943,#9944,#9945,#9946,#9947,#9948,#9949,#9950,
#9951,#9952,#9953,#9954,#9955,#9956,#9957,#9958,#9959,#9960,#9961,#9962,
#9963,#9964,#9965,#9966,#9967,#9968,#9969,#9970,#9971,#9972,#9973,#9974,
#9975,#9976,#9977,#9978,#9979,#9980,#9981,#9982,#9983,#9984,#9985,#9986,
#9987,#9988,#9989,#9990,#9991,#9992,#9993,#9994,#9995,#9996,#9997,#9998,
#9999,#10000,#10001,#10002,#10003,#10004,#10005,#10006,#10007,#10008,#10009,
#10010,#10011,#10012,#10013,#10014,#10015,#10016,#10017,#10018,#10019,#10020,
#10021));
#10408=CLOSED_SHELL('',(#10022,#10023,#10024,#10025,#10026,#10027,#10028,
#10029,#10030,#10031,#10032,#10033,#10034,#10035,#10036,#10037,#10038,#10039,
#10040,#10041,#10042,#10043,#10044,#10045));
#10409=CLOSED_SHELL('',(#10046,#10047,#10048,#10049,#10050,#10051,#10052,
#10053,#10054,#10055,#10056,#10057,#10058,#10059,#10060,#10061,#10062,#10063,
#10064,#10065,#10066,#10067,#10068,#10069));
#10410=CLOSED_SHELL('',(#10070,#10071,#10072,#10073,#10074,#10075,#10076,
#10077,#10078,#10079,#10080,#10081,#10082,#10083,#10084,#10085,#10086,#10087,
#10088,#10089,#10090,#10091,#10092,#10093));
#10411=CLOSED_SHELL('',(#10094,#10095,#10096,#10097,#10098,#10099,#10100,
#10101,#10102,#10103,#10104,#10105,#10106,#10107,#10108,#10109,#10110,#10111,
#10112,#10113,#10114,#10115,#10116,#10117));
#10412=CLOSED_SHELL('',(#10118,#10119,#10120,#10121,#10122,#10123,#10124,
#10125,#10126,#10127,#10128,#10129,#10130,#10131,#10132,#10133,#10134,#10135,
#10136,#10137,#10138,#10139,#10140,#10141));
#10413=CLOSED_SHELL('',(#10142,#10143,#10144,#10145,#10146,#10147,#10148,
#10149,#10150,#10151,#10152,#10153,#10154,#10155,#10156,#10157,#10158,#10159,
#10160,#10161,#10162,#10163,#10164,#10165));
#10414=CLOSED_SHELL('',(#10166,#10167,#10168,#10169,#10170,#10171,#10172,
#10173,#10174,#10175,#10176,#10177,#10178,#10179,#10180,#10181,#10182,#10183,
#10184,#10185,#10186,#10187,#10188,#10189,#10190,#10191,#10192,#10193,#10194,
#10195,#10196,#10197,#10198,#10199,#10200,#10201,#10202,#10203,#10204,#10205,
#10206,#10207,#10208,#10209,#10210,#10211,#10212,#10213,#10214,#10215,#10216,
#10217,#10218,#10219,#10220,#10221,#10222,#10223,#10224,#10225,#10226,#10227,
#10228,#10229,#10230,#10231,#10232,#10233,#10234,#10235,#10236,#10237,#10238,
#10239,#10240,#10241,#10242,#10243,#10244,#10245,#10246,#10247,#10248,#10249,
#10250,#10251,#10252,#10253,#10254,#10255,#10256,#10257,#10258,#10259,#10260,
#10261,#10262,#10263,#10264,#10265,#10266,#10267,#10268,#10269,#10270,#10271,
#10272,#10273,#10274,#10275,#10276,#10277,#10278,#10279,#10280,#10281,#10282,
#10283,#10284,#10285,#10286,#10287,#10288,#10289,#10290,#10291,#10292,#10293,
#10294,#10295,#10296,#10297,#10298,#10299,#10300,#10301,#10302,#10303,#10304,
#10305,#10306,#10307,#10308,#10309,#10310,#10311,#10312,#10313,#10314,#10315,
#10316,#10317,#10318,#10319,#10320,#10321,#10322,#10323,#10324,#10325,#10326,
#10327,#10328,#10329,#10330,#10331,#10332,#10333,#10334,#10335,#10336,#10337,
#10338,#10339,#10340,#10341,#10342,#10343,#10344,#10345,#10346,#10347,#10348,
#10349,#10350,#10351,#10352,#10353,#10354,#10355,#10356,#10357,#10358,#10359,
#10360,#10361,#10362,#10363,#10364,#10365,#10366,#10367,#10368,#10369,#10370,
#10371,#10372,#10373,#10374,#10375,#10376,#10377,#10378,#10379,#10380,#10381,
#10382,#10383,#10384,#10385,#10386,#10387,#10388,#10389,#10390,#10391,#10392,
#10393,#10394,#10395,#10396,#10397,#10398,#10399,#10400,#10401,#10402,#10403,
#10404));
#10415=DERIVED_UNIT_ELEMENT(#10417,1.);
#10416=DERIVED_UNIT_ELEMENT(#17921,-3.);
#10417=(
MASS_UNIT()
NAMED_UNIT(*)
SI_UNIT(.KILO.,.GRAM.)
);
#10418=DERIVED_UNIT((#10415,#10416));
#10419=MEASURE_REPRESENTATION_ITEM('density measure',
POSITIVE_RATIO_MEASURE(7850.),#10418);
#10420=PROPERTY_DEFINITION_REPRESENTATION(#10425,#10422);
#10421=PROPERTY_DEFINITION_REPRESENTATION(#10426,#10423);
#10422=REPRESENTATION('material name',(#10424),#17918);
#10423=REPRESENTATION('density',(#10419),#17918);
#10424=DESCRIPTIVE_REPRESENTATION_ITEM('Steel','Steel');
#10425=PROPERTY_DEFINITION('material property','material name',#17928);
#10426=PROPERTY_DEFINITION('material property','density of part',#17928);
#10427=AXIS2_PLACEMENT_3D('',#14230,#11331,#11332);
#10428=AXIS2_PLACEMENT_3D('',#14231,#11333,#11334);
#10429=AXIS2_PLACEMENT_3D('',#14240,#11339,#11340);
#10430=AXIS2_PLACEMENT_3D('',#14246,#11344,#11345);
#10431=AXIS2_PLACEMENT_3D('',#14252,#11349,#11350);
#10432=AXIS2_PLACEMENT_3D('',#14255,#11353,#11354);
#10433=AXIS2_PLACEMENT_3D('',#14256,#11355,#11356);
#10434=AXIS2_PLACEMENT_3D('',#14259,#11357,#11358);
#10435=AXIS2_PLACEMENT_3D('',#14263,#11360,#11361);
#10436=AXIS2_PLACEMENT_3D('',#14265,#11363,#11364);
#10437=AXIS2_PLACEMENT_3D('',#14280,#11372,#11373);
#10438=AXIS2_PLACEMENT_3D('',#14281,#11374,#11375);
#10439=AXIS2_PLACEMENT_3D('',#14288,#11379,#11380);
#10440=AXIS2_PLACEMENT_3D('',#14289,#11381,#11382);
#10441=AXIS2_PLACEMENT_3D('',#14291,#11383,#11384);
#10442=AXIS2_PLACEMENT_3D('',#14293,#11386,#11387);
#10443=AXIS2_PLACEMENT_3D('',#14295,#11388,#11389);
#10444=AXIS2_PLACEMENT_3D('',#14297,#11390,#11391);
#10445=AXIS2_PLACEMENT_3D('',#14299,#11393,#11394);
#10446=AXIS2_PLACEMENT_3D('',#14306,#11398,#11399);
#10447=AXIS2_PLACEMENT_3D('',#14307,#11400,#11401);
#10448=AXIS2_PLACEMENT_3D('',#14309,#11402,#11403);
#10449=AXIS2_PLACEMENT_3D('',#14311,#11405,#11406);
#10450=AXIS2_PLACEMENT_3D('',#14314,#11408,#11409);
#10451=AXIS2_PLACEMENT_3D('',#14315,#11410,#11411);
#10452=AXIS2_PLACEMENT_3D('',#14318,#11413,#11414);
#10453=AXIS2_PLACEMENT_3D('',#14319,#11415,#11416);
#10454=AXIS2_PLACEMENT_3D('',#14321,#11417,#11418);
#10455=AXIS2_PLACEMENT_3D('',#14323,#11419,#11420);
#10456=AXIS2_PLACEMENT_3D('',#14325,#11421,#11422);
#10457=AXIS2_PLACEMENT_3D('',#14326,#11423,#11424);
#10458=AXIS2_PLACEMENT_3D('',#14327,#11425,#11426);
#10459=AXIS2_PLACEMENT_3D('',#14330,#11428,#11429);
#10460=AXIS2_PLACEMENT_3D('',#14331,#11430,#11431);
#10461=AXIS2_PLACEMENT_3D('',#14332,#11432,#11433);
#10462=AXIS2_PLACEMENT_3D('',#14334,#11434,#11435);
#10463=AXIS2_PLACEMENT_3D('',#14336,#11436,#11437);
#10464=AXIS2_PLACEMENT_3D('',#14338,#11438,#11439);
#10465=AXIS2_PLACEMENT_3D('',#14339,#11440,#11441);
#10466=AXIS2_PLACEMENT_3D('',#14340,#11442,#11443);
#10467=AXIS2_PLACEMENT_3D('',#14343,#11445,#11446);
#10468=AXIS2_PLACEMENT_3D('',#14344,#11447,#11448);
#10469=AXIS2_PLACEMENT_3D('',#14345,#11449,#11450);
#10470=AXIS2_PLACEMENT_3D('',#14346,#11451,#11452);
#10471=AXIS2_PLACEMENT_3D('',#14352,#11456,#11457);
#10472=AXIS2_PLACEMENT_3D('',#14358,#11461,#11462);
#10473=AXIS2_PLACEMENT_3D('',#14360,#11464,#11465);
#10474=AXIS2_PLACEMENT_3D('',#14362,#11467,#11468);
#10475=AXIS2_PLACEMENT_3D('',#14364,#11470,#11471);
#10476=AXIS2_PLACEMENT_3D('',#14366,#11473,#11474);
#10477=AXIS2_PLACEMENT_3D('',#14367,#11475,#11476);
#10478=AXIS2_PLACEMENT_3D('',#14370,#11477,#11478);
#10479=AXIS2_PLACEMENT_3D('',#14387,#11479,#11480);
#10480=AXIS2_PLACEMENT_3D('',#14402,#11481,#11482);
#10481=AXIS2_PLACEMENT_3D('',#14421,#11485,#11486);
#10482=AXIS2_PLACEMENT_3D('',#14423,#11487,#11488);
#10483=AXIS2_PLACEMENT_3D('',#14439,#11489,#11490);
#10484=AXIS2_PLACEMENT_3D('',#14440,#11491,#11492);
#10485=AXIS2_PLACEMENT_3D('',#14443,#11495,#11496);
#10486=AXIS2_PLACEMENT_3D('',#14449,#11500,#11501);
#10487=AXIS2_PLACEMENT_3D('',#14452,#11503,#11504);
#10488=AXIS2_PLACEMENT_3D('',#14453,#11505,#11506);
#10489=AXIS2_PLACEMENT_3D('',#14454,#11507,#11508);
#10490=AXIS2_PLACEMENT_3D('',#14458,#11511,#11512);
#10491=AXIS2_PLACEMENT_3D('',#14459,#11513,#11514);
#10492=AXIS2_PLACEMENT_3D('',#14460,#11515,#11516);
#10493=AXIS2_PLACEMENT_3D('',#14462,#11517,#11518);
#10494=AXIS2_PLACEMENT_3D('',#14465,#11520,#11521);
#10495=AXIS2_PLACEMENT_3D('',#14466,#11522,#11523);
#10496=AXIS2_PLACEMENT_3D('',#14467,#11524,#11525);
#10497=AXIS2_PLACEMENT_3D('',#14468,#11526,#11527);
#10498=AXIS2_PLACEMENT_3D('',#14471,#11528,#11529);
#10499=AXIS2_PLACEMENT_3D('',#14475,#11531,#11532);
#10500=AXIS2_PLACEMENT_3D('',#14479,#11534,#11535);
#10501=AXIS2_PLACEMENT_3D('',#14481,#11537,#11538);
#10502=AXIS2_PLACEMENT_3D('',#14485,#11540,#11541);
#10503=AXIS2_PLACEMENT_3D('',#14489,#11543,#11544);
#10504=AXIS2_PLACEMENT_3D('',#14497,#11548,#11549);
#10505=AXIS2_PLACEMENT_3D('',#14501,#11551,#11552);
#10506=AXIS2_PLACEMENT_3D('',#14503,#11554,#11555);
#10507=AXIS2_PLACEMENT_3D('',#14517,#11559,#11560);
#10508=AXIS2_PLACEMENT_3D('',#14521,#11563,#11564);
#10509=AXIS2_PLACEMENT_3D('',#14524,#11565,#11566);
#10510=AXIS2_PLACEMENT_3D('',#14527,#11568,#11569);
#10511=AXIS2_PLACEMENT_3D('',#14528,#11570,#11571);
#10512=AXIS2_PLACEMENT_3D('',#14529,#11572,#11573);
#10513=AXIS2_PLACEMENT_3D('',#14543,#11577,#11578);
#10514=AXIS2_PLACEMENT_3D('',#14619,#11617,#11618);
#10515=AXIS2_PLACEMENT_3D('',#14620,#11619,#11620);
#10516=AXIS2_PLACEMENT_3D('',#14622,#11621,#11622);
#10517=AXIS2_PLACEMENT_3D('',#14624,#11623,#11624);
#10518=AXIS2_PLACEMENT_3D('',#14626,#11625,#11626);
#10519=AXIS2_PLACEMENT_3D('',#14629,#11628,#11629);
#10520=AXIS2_PLACEMENT_3D('',#14630,#11630,#11631);
#10521=AXIS2_PLACEMENT_3D('',#14644,#11635,#11636);
#10522=AXIS2_PLACEMENT_3D('',#14650,#11640,#11641);
#10523=AXIS2_PLACEMENT_3D('',#14654,#11643,#11644);
#10524=AXIS2_PLACEMENT_3D('',#14657,#11646,#11647);
#10525=AXIS2_PLACEMENT_3D('',#14658,#11648,#11649);
#10526=AXIS2_PLACEMENT_3D('',#14660,#11650,#11651);
#10527=AXIS2_PLACEMENT_3D('',#14662,#11652,#11653);
#10528=AXIS2_PLACEMENT_3D('',#14664,#11654,#11655);
#10529=AXIS2_PLACEMENT_3D('',#14666,#11657,#11658);
#10530=AXIS2_PLACEMENT_3D('',#14676,#11664,#11665);
#10531=AXIS2_PLACEMENT_3D('',#14686,#11667,#11668);
#10532=AXIS2_PLACEMENT_3D('',#14688,#11669,#11670);
#10533=AXIS2_PLACEMENT_3D('',#14690,#11671,#11672);
#10534=AXIS2_PLACEMENT_3D('',#14694,#11674,#11675);
#10535=AXIS2_PLACEMENT_3D('',#14696,#11677,#11678);
#10536=AXIS2_PLACEMENT_3D('',#14727,#11694,#11695);
#10537=AXIS2_PLACEMENT_3D('',#14728,#11696,#11697);
#10538=AXIS2_PLACEMENT_3D('',#14735,#11701,#11702);
#10539=AXIS2_PLACEMENT_3D('',#14736,#11703,#11704);
#10540=AXIS2_PLACEMENT_3D('',#14738,#11705,#11706);
#10541=AXIS2_PLACEMENT_3D('',#14741,#11708,#11709);
#10542=AXIS2_PLACEMENT_3D('',#14745,#11711,#11712);
#10543=AXIS2_PLACEMENT_3D('',#14749,#11714,#11715);
#10544=AXIS2_PLACEMENT_3D('',#14751,#11717,#11718);
#10545=AXIS2_PLACEMENT_3D('',#14752,#11719,#11720);
#10546=AXIS2_PLACEMENT_3D('',#14754,#11721,#11722);
#10547=AXIS2_PLACEMENT_3D('',#14757,#11724,#11725);
#10548=AXIS2_PLACEMENT_3D('',#14758,#11726,#11727);
#10549=AXIS2_PLACEMENT_3D('',#14765,#11731,#11732);
#10550=AXIS2_PLACEMENT_3D('',#14766,#11733,#11734);
#10551=AXIS2_PLACEMENT_3D('',#14770,#11736,#11737);
#10552=AXIS2_PLACEMENT_3D('',#14774,#11739,#11740);
#10553=AXIS2_PLACEMENT_3D('',#14782,#11744,#11745);
#10554=AXIS2_PLACEMENT_3D('',#14785,#11747,#11748);
#10555=AXIS2_PLACEMENT_3D('',#14786,#11749,#11750);
#10556=AXIS2_PLACEMENT_3D('',#14787,#11751,#11752);
#10557=AXIS2_PLACEMENT_3D('',#14788,#11753,#11754);
#10558=AXIS2_PLACEMENT_3D('',#14789,#11755,#11756);
#10559=AXIS2_PLACEMENT_3D('',#14793,#11758,#11759);
#10560=AXIS2_PLACEMENT_3D('',#14797,#11762,#11763);
#10561=AXIS2_PLACEMENT_3D('',#14799,#11764,#11765);
#10562=AXIS2_PLACEMENT_3D('',#14801,#11766,#11767);
#10563=AXIS2_PLACEMENT_3D('',#14803,#11769,#11770);
#10564=AXIS2_PLACEMENT_3D('',#14811,#11774,#11775);
#10565=AXIS2_PLACEMENT_3D('',#14813,#11777,#11778);
#10566=AXIS2_PLACEMENT_3D('',#14817,#11780,#11781);
#10567=AXIS2_PLACEMENT_3D('',#14820,#11783,#11784);
#10568=AXIS2_PLACEMENT_3D('',#14821,#11785,#11786);
#10569=AXIS2_PLACEMENT_3D('',#14823,#11787,#11788);
#10570=AXIS2_PLACEMENT_3D('',#14825,#11789,#11790);
#10571=AXIS2_PLACEMENT_3D('',#14827,#11792,#11793);
#10572=AXIS2_PLACEMENT_3D('',#14831,#11795,#11796);
#10573=AXIS2_PLACEMENT_3D('',#14837,#11800,#11801);
#10574=AXIS2_PLACEMENT_3D('',#14840,#11802,#11803);
#10575=AXIS2_PLACEMENT_3D('',#14843,#11805,#11806);
#10576=AXIS2_PLACEMENT_3D('',#14845,#11807,#11808);
#10577=AXIS2_PLACEMENT_3D('',#14847,#11810,#11811);
#10578=AXIS2_PLACEMENT_3D('',#14849,#11812,#11813);
#10579=AXIS2_PLACEMENT_3D('',#14853,#11815,#11816);
#10580=AXIS2_PLACEMENT_3D('',#14858,#11819,#11820);
#10581=AXIS2_PLACEMENT_3D('',#14862,#11822,#11823);
#10582=AXIS2_PLACEMENT_3D('',#14864,#11825,#11826);
#10583=AXIS2_PLACEMENT_3D('',#14868,#11828,#11829);
#10584=AXIS2_PLACEMENT_3D('',#14872,#11832,#11833);
#10585=AXIS2_PLACEMENT_3D('',#14876,#11836,#11837);
#10586=AXIS2_PLACEMENT_3D('',#14878,#11838,#11839);
#10587=AXIS2_PLACEMENT_3D('',#14880,#11840,#11841);
#10588=AXIS2_PLACEMENT_3D('',#14884,#11843,#11844);
#10589=AXIS2_PLACEMENT_3D('',#14886,#11846,#11847);
#10590=AXIS2_PLACEMENT_3D('',#14892,#11851,#11852);
#10591=AXIS2_PLACEMENT_3D('',#14899,#11856,#11857);
#10592=AXIS2_PLACEMENT_3D('',#14900,#11858,#11859);
#10593=AXIS2_PLACEMENT_3D('',#14904,#11861,#11862);
#10594=AXIS2_PLACEMENT_3D('',#14908,#11864,#11865);
#10595=AXIS2_PLACEMENT_3D('',#14916,#11869,#11870);
#10596=AXIS2_PLACEMENT_3D('',#14919,#11872,#11873);
#10597=AXIS2_PLACEMENT_3D('',#14920,#11874,#11875);
#10598=AXIS2_PLACEMENT_3D('',#14921,#11876,#11877);
#10599=AXIS2_PLACEMENT_3D('',#14922,#11878,#11879);
#10600=AXIS2_PLACEMENT_3D('',#14923,#11880,#11881);
#10601=AXIS2_PLACEMENT_3D('',#14927,#11883,#11884);
#10602=AXIS2_PLACEMENT_3D('',#14931,#11887,#11888);
#10603=AXIS2_PLACEMENT_3D('',#14934,#11889,#11890);
#10604=AXIS2_PLACEMENT_3D('',#14937,#11892,#11893);
#10605=AXIS2_PLACEMENT_3D('',#14938,#11894,#11895);
#10606=AXIS2_PLACEMENT_3D('',#14939,#11896,#11897);
#10607=AXIS2_PLACEMENT_3D('',#14943,#11899,#11900);
#10608=AXIS2_PLACEMENT_3D('',#14947,#11902,#11903);
#10609=AXIS2_PLACEMENT_3D('',#14949,#11905,#11906);
#10610=AXIS2_PLACEMENT_3D('',#14955,#11910,#11911);
#10611=AXIS2_PLACEMENT_3D('',#14957,#11912,#11913);
#10612=AXIS2_PLACEMENT_3D('',#14959,#11914,#11915);
#10613=AXIS2_PLACEMENT_3D('',#14961,#11917,#11918);
#10614=AXIS2_PLACEMENT_3D('',#14965,#11920,#11921);
#10615=AXIS2_PLACEMENT_3D('',#14971,#11925,#11926);
#10616=AXIS2_PLACEMENT_3D('',#14973,#11927,#11928);
#10617=AXIS2_PLACEMENT_3D('',#14976,#11930,#11931);
#10618=AXIS2_PLACEMENT_3D('',#14977,#11932,#11933);
#10619=AXIS2_PLACEMENT_3D('',#14978,#11934,#11935);
#10620=AXIS2_PLACEMENT_3D('',#14980,#11936,#11937);
#10621=AXIS2_PLACEMENT_3D('',#14984,#11939,#11940);
#10622=AXIS2_PLACEMENT_3D('',#14989,#11943,#11944);
#10623=AXIS2_PLACEMENT_3D('',#14993,#11946,#11947);
#10624=AXIS2_PLACEMENT_3D('',#14995,#11949,#11950);
#10625=AXIS2_PLACEMENT_3D('',#14997,#11951,#11952);
#10626=AXIS2_PLACEMENT_3D('',#15001,#11955,#11956);
#10627=AXIS2_PLACEMENT_3D('',#15003,#11957,#11958);
#10628=AXIS2_PLACEMENT_3D('',#15005,#11959,#11960);
#10629=AXIS2_PLACEMENT_3D('',#15009,#11962,#11963);
#10630=AXIS2_PLACEMENT_3D('',#15011,#11965,#11966);
#10631=AXIS2_PLACEMENT_3D('',#15017,#11970,#11971);
#10632=AXIS2_PLACEMENT_3D('',#15024,#11975,#11976);
#10633=AXIS2_PLACEMENT_3D('',#15025,#11977,#11978);
#10634=AXIS2_PLACEMENT_3D('',#15029,#11980,#11981);
#10635=AXIS2_PLACEMENT_3D('',#15033,#11983,#11984);
#10636=AXIS2_PLACEMENT_3D('',#15041,#11988,#11989);
#10637=AXIS2_PLACEMENT_3D('',#15044,#11991,#11992);
#10638=AXIS2_PLACEMENT_3D('',#15045,#11993,#11994);
#10639=AXIS2_PLACEMENT_3D('',#15046,#11995,#11996);
#10640=AXIS2_PLACEMENT_3D('',#15047,#11997,#11998);
#10641=AXIS2_PLACEMENT_3D('',#15048,#11999,#12000);
#10642=AXIS2_PLACEMENT_3D('',#15052,#12002,#12003);
#10643=AXIS2_PLACEMENT_3D('',#15056,#12006,#12007);
#10644=AXIS2_PLACEMENT_3D('',#15058,#12008,#12009);
#10645=AXIS2_PLACEMENT_3D('',#15061,#12011,#12012);
#10646=AXIS2_PLACEMENT_3D('',#15062,#12013,#12014);
#10647=AXIS2_PLACEMENT_3D('',#15063,#12015,#12016);
#10648=AXIS2_PLACEMENT_3D('',#15064,#12017,#12018);
#10649=AXIS2_PLACEMENT_3D('',#15066,#12019,#12020);
#10650=AXIS2_PLACEMENT_3D('',#15068,#12021,#12022);
#10651=AXIS2_PLACEMENT_3D('',#15070,#12024,#12025);
#10652=AXIS2_PLACEMENT_3D('',#15078,#12029,#12030);
#10653=AXIS2_PLACEMENT_3D('',#15080,#12032,#12033);
#10654=AXIS2_PLACEMENT_3D('',#15084,#12035,#12036);
#10655=AXIS2_PLACEMENT_3D('',#15087,#12038,#12039);
#10656=AXIS2_PLACEMENT_3D('',#15091,#12041,#12042);
#10657=AXIS2_PLACEMENT_3D('',#15095,#12044,#12045);
#10658=AXIS2_PLACEMENT_3D('',#15097,#12047,#12048);
#10659=AXIS2_PLACEMENT_3D('',#15099,#12049,#12050);
#10660=AXIS2_PLACEMENT_3D('',#15101,#12051,#12052);
#10661=AXIS2_PLACEMENT_3D('',#15103,#12054,#12055);
#10662=AXIS2_PLACEMENT_3D('',#15111,#12059,#12060);
#10663=AXIS2_PLACEMENT_3D('',#15113,#12062,#12063);
#10664=AXIS2_PLACEMENT_3D('',#15117,#12065,#12066);
#10665=AXIS2_PLACEMENT_3D('',#15120,#12068,#12069);
#10666=AXIS2_PLACEMENT_3D('',#15121,#12070,#12071);
#10667=AXIS2_PLACEMENT_3D('',#15125,#12073,#12074);
#10668=AXIS2_PLACEMENT_3D('',#15127,#12076,#12077);
#10669=AXIS2_PLACEMENT_3D('',#15130,#12078,#12079);
#10670=AXIS2_PLACEMENT_3D('',#15133,#12082,#12083);
#10671=AXIS2_PLACEMENT_3D('',#15136,#12084,#12085);
#10672=AXIS2_PLACEMENT_3D('',#15140,#12087,#12088);
#10673=AXIS2_PLACEMENT_3D('',#15142,#12090,#12091);
#10674=AXIS2_PLACEMENT_3D('',#15145,#12092,#12093);
#10675=AXIS2_PLACEMENT_3D('',#15148,#12096,#12097);
#10676=AXIS2_PLACEMENT_3D('',#15151,#12098,#12099);
#10677=AXIS2_PLACEMENT_3D('',#15154,#12101,#12102);
#10678=AXIS2_PLACEMENT_3D('',#15156,#12104,#12105);
#10679=AXIS2_PLACEMENT_3D('',#15160,#12107,#12108);
#10680=AXIS2_PLACEMENT_3D('',#15163,#12110,#12111);
#10681=AXIS2_PLACEMENT_3D('',#15167,#12113,#12114);
#10682=AXIS2_PLACEMENT_3D('',#15170,#12116,#12117);
#10683=AXIS2_PLACEMENT_3D('',#15171,#12118,#12119);
#10684=AXIS2_PLACEMENT_3D('',#15175,#12121,#12122);
#10685=AXIS2_PLACEMENT_3D('',#15177,#12124,#12125);
#10686=AXIS2_PLACEMENT_3D('',#15180,#12126,#12127);
#10687=AXIS2_PLACEMENT_3D('',#15183,#12130,#12131);
#10688=AXIS2_PLACEMENT_3D('',#15187,#12133,#12134);
#10689=AXIS2_PLACEMENT_3D('',#15189,#12136,#12137);
#10690=AXIS2_PLACEMENT_3D('',#15193,#12139,#12140);
#10691=AXIS2_PLACEMENT_3D('',#15195,#12142,#12143);
#10692=AXIS2_PLACEMENT_3D('',#15198,#12144,#12145);
#10693=AXIS2_PLACEMENT_3D('',#15201,#12147,#12148);
#10694=AXIS2_PLACEMENT_3D('',#15203,#12149,#12150);
#10695=AXIS2_PLACEMENT_3D('',#15205,#12152,#12153);
#10696=AXIS2_PLACEMENT_3D('',#15207,#12154,#12155);
#10697=AXIS2_PLACEMENT_3D('',#15211,#12157,#12158);
#10698=AXIS2_PLACEMENT_3D('',#15216,#12161,#12162);
#10699=AXIS2_PLACEMENT_3D('',#15220,#12164,#12165);
#10700=AXIS2_PLACEMENT_3D('',#15256,#12168,#12169);
#10701=AXIS2_PLACEMENT_3D('',#15260,#12171,#12172);
#10702=AXIS2_PLACEMENT_3D('',#15263,#12174,#12175);
#10703=AXIS2_PLACEMENT_3D('',#15272,#12177,#12178);
#10704=AXIS2_PLACEMENT_3D('',#15275,#12180,#12181);
#10705=AXIS2_PLACEMENT_3D('',#15339,#12184,#12185);
#10706=AXIS2_PLACEMENT_3D('',#15341,#12186,#12187);
#10707=AXIS2_PLACEMENT_3D('',#15345,#12189,#12190);
#10708=AXIS2_PLACEMENT_3D('',#15381,#12193,#12194);
#10709=AXIS2_PLACEMENT_3D('',#15385,#12196,#12197);
#10710=AXIS2_PLACEMENT_3D('',#15389,#12199,#12200);
#10711=AXIS2_PLACEMENT_3D('',#15394,#12203,#12204);
#10712=AXIS2_PLACEMENT_3D('',#15397,#12206,#12207);
#10713=AXIS2_PLACEMENT_3D('',#15398,#12208,#12209);
#10714=AXIS2_PLACEMENT_3D('',#15400,#12210,#12211);
#10715=AXIS2_PLACEMENT_3D('',#15403,#12213,#12214);
#10716=AXIS2_PLACEMENT_3D('',#15404,#12215,#12216);
#10717=AXIS2_PLACEMENT_3D('',#15407,#12217,#12218);
#10718=AXIS2_PLACEMENT_3D('',#15410,#12221,#12222);
#10719=AXIS2_PLACEMENT_3D('',#15413,#12223,#12224);
#10720=AXIS2_PLACEMENT_3D('',#15416,#12227,#12228);
#10721=AXIS2_PLACEMENT_3D('',#15420,#12230,#12231);
#10722=AXIS2_PLACEMENT_3D('',#15422,#12233,#12234);
#10723=AXIS2_PLACEMENT_3D('',#15425,#12235,#12236);
#10724=AXIS2_PLACEMENT_3D('',#15428,#12239,#12240);
#10725=AXIS2_PLACEMENT_3D('',#15431,#12241,#12242);
#10726=AXIS2_PLACEMENT_3D('',#15434,#12244,#12245);
#10727=AXIS2_PLACEMENT_3D('',#15436,#12247,#12248);
#10728=AXIS2_PLACEMENT_3D('',#15440,#12250,#12251);
#10729=AXIS2_PLACEMENT_3D('',#15444,#12253,#12254);
#10730=AXIS2_PLACEMENT_3D('',#15447,#12256,#12257);
#10731=AXIS2_PLACEMENT_3D('',#15450,#12259,#12260);
#10732=AXIS2_PLACEMENT_3D('',#15451,#12261,#12262);
#10733=AXIS2_PLACEMENT_3D('',#15454,#12264,#12265);
#10734=AXIS2_PLACEMENT_3D('',#15455,#12266,#12267);
#10735=AXIS2_PLACEMENT_3D('',#15458,#12269,#12270);
#10736=AXIS2_PLACEMENT_3D('',#15459,#12271,#12272);
#10737=AXIS2_PLACEMENT_3D('',#15461,#12273,#12274);
#10738=AXIS2_PLACEMENT_3D('',#15463,#12276,#12277);
#10739=AXIS2_PLACEMENT_3D('',#15464,#12278,#12279);
#10740=AXIS2_PLACEMENT_3D('',#15466,#12281,#12282);
#10741=AXIS2_PLACEMENT_3D('',#15468,#12283,#12284);
#10742=AXIS2_PLACEMENT_3D('',#15470,#12286,#12287);
#10743=AXIS2_PLACEMENT_3D('',#15474,#12290,#12291);
#10744=AXIS2_PLACEMENT_3D('',#15476,#12292,#12293);
#10745=AXIS2_PLACEMENT_3D('',#15478,#12295,#12296);
#10746=AXIS2_PLACEMENT_3D('',#15481,#12299,#12300);
#10747=AXIS2_PLACEMENT_3D('',#15483,#12302,#12303);
#10748=AXIS2_PLACEMENT_3D('',#15485,#12304,#12305);
#10749=AXIS2_PLACEMENT_3D('',#15487,#12307,#12308);
#10750=AXIS2_PLACEMENT_3D('',#15490,#12310,#12311);
#10751=AXIS2_PLACEMENT_3D('',#15491,#12312,#12313);
#10752=AXIS2_PLACEMENT_3D('',#15496,#12316,#12317);
#10753=AXIS2_PLACEMENT_3D('',#15500,#12319,#12320);
#10754=AXIS2_PLACEMENT_3D('',#15502,#12322,#12323);
#10755=AXIS2_PLACEMENT_3D('',#15505,#12326,#12327);
#10756=AXIS2_PLACEMENT_3D('',#15507,#12329,#12330);
#10757=AXIS2_PLACEMENT_3D('',#15510,#12333,#12334);
#10758=AXIS2_PLACEMENT_3D('',#15512,#12336,#12337);
#10759=AXIS2_PLACEMENT_3D('',#15513,#12338,#12339);
#10760=AXIS2_PLACEMENT_3D('',#15515,#12341,#12342);
#10761=AXIS2_PLACEMENT_3D('',#15517,#12344,#12345);
#10762=AXIS2_PLACEMENT_3D('',#15520,#12348,#12349);
#10763=AXIS2_PLACEMENT_3D('',#15521,#12350,#12351);
#10764=AXIS2_PLACEMENT_3D('',#15524,#12352,#12353);
#10765=AXIS2_PLACEMENT_3D('',#15527,#12356,#12357);
#10766=AXIS2_PLACEMENT_3D('',#15531,#12360,#12361);
#10767=AXIS2_PLACEMENT_3D('',#15533,#12362,#12363);
#10768=AXIS2_PLACEMENT_3D('',#15535,#12365,#12366);
#10769=AXIS2_PLACEMENT_3D('',#15537,#12368,#12369);
#10770=AXIS2_PLACEMENT_3D('',#15538,#12370,#12371);
#10771=AXIS2_PLACEMENT_3D('',#15539,#12372,#12373);
#10772=AXIS2_PLACEMENT_3D('',#15542,#12375,#12376);
#10773=AXIS2_PLACEMENT_3D('',#15543,#12377,#12378);
#10774=AXIS2_PLACEMENT_3D('',#15548,#12381,#12382);
#10775=AXIS2_PLACEMENT_3D('',#15552,#12384,#12385);
#10776=AXIS2_PLACEMENT_3D('',#15554,#12387,#12388);
#10777=AXIS2_PLACEMENT_3D('',#15557,#12391,#12392);
#10778=AXIS2_PLACEMENT_3D('',#15559,#12394,#12395);
#10779=AXIS2_PLACEMENT_3D('',#15562,#12398,#12399);
#10780=AXIS2_PLACEMENT_3D('',#15564,#12401,#12402);
#10781=AXIS2_PLACEMENT_3D('',#15566,#12404,#12405);
#10782=AXIS2_PLACEMENT_3D('',#15568,#12407,#12408);
#10783=AXIS2_PLACEMENT_3D('',#15570,#12410,#12411);
#10784=AXIS2_PLACEMENT_3D('',#15572,#12413,#12414);
#10785=AXIS2_PLACEMENT_3D('',#15574,#12415,#12416);
#10786=AXIS2_PLACEMENT_3D('',#15576,#12418,#12419);
#10787=AXIS2_PLACEMENT_3D('',#15579,#12420,#12421);
#10788=AXIS2_PLACEMENT_3D('',#15582,#12424,#12425);
#10789=AXIS2_PLACEMENT_3D('',#15586,#12428,#12429);
#10790=AXIS2_PLACEMENT_3D('',#15588,#12431,#12432);
#10791=AXIS2_PLACEMENT_3D('',#15592,#12434,#12435);
#10792=AXIS2_PLACEMENT_3D('',#15594,#12437,#12438);
#10793=AXIS2_PLACEMENT_3D('',#15597,#12441,#12442);
#10794=AXIS2_PLACEMENT_3D('',#15601,#12444,#12445);
#10795=AXIS2_PLACEMENT_3D('',#15604,#12447,#12448);
#10796=AXIS2_PLACEMENT_3D('',#15606,#12450,#12451);
#10797=AXIS2_PLACEMENT_3D('',#15607,#12452,#12453);
#10798=AXIS2_PLACEMENT_3D('',#15608,#12454,#12455);
#10799=AXIS2_PLACEMENT_3D('',#15610,#12457,#12458);
#10800=AXIS2_PLACEMENT_3D('',#15613,#12461,#12462);
#10801=AXIS2_PLACEMENT_3D('',#15615,#12464,#12465);
#10802=AXIS2_PLACEMENT_3D('',#15618,#12468,#12469);
#10803=AXIS2_PLACEMENT_3D('',#15620,#12471,#12472);
#10804=AXIS2_PLACEMENT_3D('',#15621,#12473,#12474);
#10805=AXIS2_PLACEMENT_3D('',#15623,#12476,#12477);
#10806=AXIS2_PLACEMENT_3D('',#15625,#12479,#12480);
#10807=AXIS2_PLACEMENT_3D('',#15627,#12482,#12483);
#10808=AXIS2_PLACEMENT_3D('',#15630,#12486,#12487);
#10809=AXIS2_PLACEMENT_3D('',#15632,#12489,#12490);
#10810=AXIS2_PLACEMENT_3D('',#15634,#12492,#12493);
#10811=AXIS2_PLACEMENT_3D('',#15637,#12496,#12497);
#10812=AXIS2_PLACEMENT_3D('',#15638,#12498,#12499);
#10813=AXIS2_PLACEMENT_3D('',#15641,#12502,#12503);
#10814=AXIS2_PLACEMENT_3D('',#15643,#12505,#12506);
#10815=AXIS2_PLACEMENT_3D('',#15646,#12509,#12510);
#10816=AXIS2_PLACEMENT_3D('',#15648,#12512,#12513);
#10817=AXIS2_PLACEMENT_3D('',#15650,#12515,#12516);
#10818=AXIS2_PLACEMENT_3D('',#15652,#12518,#12519);
#10819=AXIS2_PLACEMENT_3D('',#15653,#12520,#12521);
#10820=AXIS2_PLACEMENT_3D('',#15655,#12523,#12524);
#10821=AXIS2_PLACEMENT_3D('',#15656,#12525,#12526);
#10822=AXIS2_PLACEMENT_3D('',#15661,#12530,#12531);
#10823=AXIS2_PLACEMENT_3D('',#15666,#12535,#12536);
#10824=AXIS2_PLACEMENT_3D('',#15670,#12540,#12541);
#10825=AXIS2_PLACEMENT_3D('',#15675,#12546,#12547);
#10826=AXIS2_PLACEMENT_3D('',#15678,#12550,#12551);
#10827=AXIS2_PLACEMENT_3D('',#15679,#12552,#12553);
#10828=AXIS2_PLACEMENT_3D('',#15680,#12554,#12555);
#10829=AXIS2_PLACEMENT_3D('',#15682,#12557,#12558);
#10830=AXIS2_PLACEMENT_3D('',#15684,#12560,#12561);
#10831=AXIS2_PLACEMENT_3D('',#15687,#12564,#12565);
#10832=AXIS2_PLACEMENT_3D('',#15688,#12566,#12567);
#10833=AXIS2_PLACEMENT_3D('',#15689,#12568,#12569);
#10834=AXIS2_PLACEMENT_3D('',#15691,#12571,#12572);
#10835=AXIS2_PLACEMENT_3D('',#15695,#12576,#12577);
#10836=AXIS2_PLACEMENT_3D('',#15696,#12578,#12579);
#10837=AXIS2_PLACEMENT_3D('',#15697,#12580,#12581);
#10838=AXIS2_PLACEMENT_3D('',#15699,#12583,#12584);
#10839=AXIS2_PLACEMENT_3D('',#15700,#12585,#12586);
#10840=AXIS2_PLACEMENT_3D('',#15701,#12587,#12588);
#10841=AXIS2_PLACEMENT_3D('',#15703,#12590,#12591);
#10842=AXIS2_PLACEMENT_3D('',#15704,#12592,#12593);
#10843=AXIS2_PLACEMENT_3D('',#15706,#12595,#12596);
#10844=AXIS2_PLACEMENT_3D('',#15707,#12597,#12598);
#10845=AXIS2_PLACEMENT_3D('',#15708,#12599,#12600);
#10846=AXIS2_PLACEMENT_3D('',#15709,#12601,#12602);
#10847=AXIS2_PLACEMENT_3D('',#15710,#12603,#12604);
#10848=AXIS2_PLACEMENT_3D('',#15711,#12605,#12606);
#10849=AXIS2_PLACEMENT_3D('',#15712,#12607,#12608);
#10850=AXIS2_PLACEMENT_3D('',#15713,#12609,#12610);
#10851=AXIS2_PLACEMENT_3D('',#15714,#12611,#12612);
#10852=AXIS2_PLACEMENT_3D('',#15715,#12613,#12614);
#10853=AXIS2_PLACEMENT_3D('',#15716,#12615,#12616);
#10854=AXIS2_PLACEMENT_3D('',#15717,#12617,#12618);
#10855=AXIS2_PLACEMENT_3D('',#15722,#12620,#12621);
#10856=AXIS2_PLACEMENT_3D('',#15725,#12623,#12624);
#10857=AXIS2_PLACEMENT_3D('',#15726,#12625,#12626);
#10858=AXIS2_PLACEMENT_3D('',#15730,#12628,#12629);
#10859=AXIS2_PLACEMENT_3D('',#15732,#12631,#12632);
#10860=AXIS2_PLACEMENT_3D('',#15736,#12634,#12635);
#10861=AXIS2_PLACEMENT_3D('',#15738,#12637,#12638);
#10862=AXIS2_PLACEMENT_3D('',#15741,#12641,#12642);
#10863=AXIS2_PLACEMENT_3D('',#15747,#12646,#12647);
#10864=AXIS2_PLACEMENT_3D('',#15751,#12650,#12651);
#10865=AXIS2_PLACEMENT_3D('',#15752,#12652,#12653);
#10866=AXIS2_PLACEMENT_3D('',#15757,#12655,#12656);
#10867=AXIS2_PLACEMENT_3D('',#15760,#12658,#12659);
#10868=AXIS2_PLACEMENT_3D('',#15761,#12660,#12661);
#10869=AXIS2_PLACEMENT_3D('',#15766,#12664,#12665);
#10870=AXIS2_PLACEMENT_3D('',#15767,#12666,#12667);
#10871=AXIS2_PLACEMENT_3D('',#15772,#12670,#12671);
#10872=AXIS2_PLACEMENT_3D('',#15773,#12672,#12673);
#10873=AXIS2_PLACEMENT_3D('',#15776,#12676,#12677);
#10874=AXIS2_PLACEMENT_3D('',#15782,#12681,#12682);
#10875=AXIS2_PLACEMENT_3D('',#15786,#12685,#12686);
#10876=AXIS2_PLACEMENT_3D('',#15787,#12687,#12688);
#10877=AXIS2_PLACEMENT_3D('',#15790,#12689,#12690);
#10878=AXIS2_PLACEMENT_3D('',#15799,#12696,#12697);
#10879=AXIS2_PLACEMENT_3D('',#15802,#12698,#12699);
#10880=AXIS2_PLACEMENT_3D('',#15805,#12702,#12703);
#10881=AXIS2_PLACEMENT_3D('',#15809,#12706,#12707);
#10882=AXIS2_PLACEMENT_3D('',#15811,#12709,#12710);
#10883=AXIS2_PLACEMENT_3D('',#15812,#12711,#12712);
#10884=AXIS2_PLACEMENT_3D('',#15816,#12715,#12716);
#10885=AXIS2_PLACEMENT_3D('',#15818,#12718,#12719);
#10886=AXIS2_PLACEMENT_3D('',#15822,#12722,#12723);
#10887=AXIS2_PLACEMENT_3D('',#15824,#12725,#12726);
#10888=AXIS2_PLACEMENT_3D('',#15825,#12727,#12728);
#10889=AXIS2_PLACEMENT_3D('',#15830,#12730,#12731);
#10890=AXIS2_PLACEMENT_3D('',#15833,#12733,#12734);
#10891=AXIS2_PLACEMENT_3D('',#15834,#12735,#12736);
#10892=AXIS2_PLACEMENT_3D('',#15838,#12738,#12739);
#10893=AXIS2_PLACEMENT_3D('',#15840,#12741,#12742);
#10894=AXIS2_PLACEMENT_3D('',#15844,#12744,#12745);
#10895=AXIS2_PLACEMENT_3D('',#15846,#12747,#12748);
#10896=AXIS2_PLACEMENT_3D('',#15849,#12751,#12752);
#10897=AXIS2_PLACEMENT_3D('',#15855,#12756,#12757);
#10898=AXIS2_PLACEMENT_3D('',#15859,#12760,#12761);
#10899=AXIS2_PLACEMENT_3D('',#15860,#12762,#12763);
#10900=AXIS2_PLACEMENT_3D('',#15865,#12765,#12766);
#10901=AXIS2_PLACEMENT_3D('',#15868,#12768,#12769);
#10902=AXIS2_PLACEMENT_3D('',#15869,#12770,#12771);
#10903=AXIS2_PLACEMENT_3D('',#15874,#12774,#12775);
#10904=AXIS2_PLACEMENT_3D('',#15875,#12776,#12777);
#10905=AXIS2_PLACEMENT_3D('',#15880,#12780,#12781);
#10906=AXIS2_PLACEMENT_3D('',#15881,#12782,#12783);
#10907=AXIS2_PLACEMENT_3D('',#15884,#12786,#12787);
#10908=AXIS2_PLACEMENT_3D('',#15890,#12791,#12792);
#10909=AXIS2_PLACEMENT_3D('',#15894,#12795,#12796);
#10910=AXIS2_PLACEMENT_3D('',#15895,#12797,#12798);
#10911=AXIS2_PLACEMENT_3D('',#15898,#12799,#12800);
#10912=AXIS2_PLACEMENT_3D('',#15907,#12806,#12807);
#10913=AXIS2_PLACEMENT_3D('',#15910,#12808,#12809);
#10914=AXIS2_PLACEMENT_3D('',#15913,#12812,#12813);
#10915=AXIS2_PLACEMENT_3D('',#15917,#12816,#12817);
#10916=AXIS2_PLACEMENT_3D('',#15919,#12819,#12820);
#10917=AXIS2_PLACEMENT_3D('',#15920,#12821,#12822);
#10918=AXIS2_PLACEMENT_3D('',#15924,#12825,#12826);
#10919=AXIS2_PLACEMENT_3D('',#15926,#12828,#12829);
#10920=AXIS2_PLACEMENT_3D('',#15930,#12832,#12833);
#10921=AXIS2_PLACEMENT_3D('',#15932,#12835,#12836);
#10922=AXIS2_PLACEMENT_3D('',#15933,#12837,#12838);
#10923=AXIS2_PLACEMENT_3D('',#15938,#12840,#12841);
#10924=AXIS2_PLACEMENT_3D('',#15941,#12843,#12844);
#10925=AXIS2_PLACEMENT_3D('',#15942,#12845,#12846);
#10926=AXIS2_PLACEMENT_3D('',#15946,#12848,#12849);
#10927=AXIS2_PLACEMENT_3D('',#15948,#12851,#12852);
#10928=AXIS2_PLACEMENT_3D('',#15952,#12854,#12855);
#10929=AXIS2_PLACEMENT_3D('',#15954,#12857,#12858);
#10930=AXIS2_PLACEMENT_3D('',#15957,#12861,#12862);
#10931=AXIS2_PLACEMENT_3D('',#15963,#12866,#12867);
#10932=AXIS2_PLACEMENT_3D('',#15967,#12870,#12871);
#10933=AXIS2_PLACEMENT_3D('',#15968,#12872,#12873);
#10934=AXIS2_PLACEMENT_3D('',#15973,#12875,#12876);
#10935=AXIS2_PLACEMENT_3D('',#15976,#12878,#12879);
#10936=AXIS2_PLACEMENT_3D('',#15977,#12880,#12881);
#10937=AXIS2_PLACEMENT_3D('',#15982,#12884,#12885);
#10938=AXIS2_PLACEMENT_3D('',#15983,#12886,#12887);
#10939=AXIS2_PLACEMENT_3D('',#15988,#12890,#12891);
#10940=AXIS2_PLACEMENT_3D('',#15989,#12892,#12893);
#10941=AXIS2_PLACEMENT_3D('',#15992,#12896,#12897);
#10942=AXIS2_PLACEMENT_3D('',#15998,#12901,#12902);
#10943=AXIS2_PLACEMENT_3D('',#16002,#12905,#12906);
#10944=AXIS2_PLACEMENT_3D('',#16003,#12907,#12908);
#10945=AXIS2_PLACEMENT_3D('',#16006,#12909,#12910);
#10946=AXIS2_PLACEMENT_3D('',#16015,#12916,#12917);
#10947=AXIS2_PLACEMENT_3D('',#16018,#12918,#12919);
#10948=AXIS2_PLACEMENT_3D('',#16021,#12922,#12923);
#10949=AXIS2_PLACEMENT_3D('',#16025,#12926,#12927);
#10950=AXIS2_PLACEMENT_3D('',#16027,#12929,#12930);
#10951=AXIS2_PLACEMENT_3D('',#16028,#12931,#12932);
#10952=AXIS2_PLACEMENT_3D('',#16032,#12935,#12936);
#10953=AXIS2_PLACEMENT_3D('',#16034,#12938,#12939);
#10954=AXIS2_PLACEMENT_3D('',#16038,#12942,#12943);
#10955=AXIS2_PLACEMENT_3D('',#16040,#12945,#12946);
#10956=AXIS2_PLACEMENT_3D('',#16041,#12947,#12948);
#10957=AXIS2_PLACEMENT_3D('',#16046,#12950,#12951);
#10958=AXIS2_PLACEMENT_3D('',#16049,#12953,#12954);
#10959=AXIS2_PLACEMENT_3D('',#16050,#12955,#12956);
#10960=AXIS2_PLACEMENT_3D('',#16054,#12958,#12959);
#10961=AXIS2_PLACEMENT_3D('',#16056,#12961,#12962);
#10962=AXIS2_PLACEMENT_3D('',#16060,#12964,#12965);
#10963=AXIS2_PLACEMENT_3D('',#16062,#12967,#12968);
#10964=AXIS2_PLACEMENT_3D('',#16065,#12971,#12972);
#10965=AXIS2_PLACEMENT_3D('',#16071,#12976,#12977);
#10966=AXIS2_PLACEMENT_3D('',#16075,#12980,#12981);
#10967=AXIS2_PLACEMENT_3D('',#16076,#12982,#12983);
#10968=AXIS2_PLACEMENT_3D('',#16081,#12985,#12986);
#10969=AXIS2_PLACEMENT_3D('',#16084,#12988,#12989);
#10970=AXIS2_PLACEMENT_3D('',#16085,#12990,#12991);
#10971=AXIS2_PLACEMENT_3D('',#16090,#12994,#12995);
#10972=AXIS2_PLACEMENT_3D('',#16091,#12996,#12997);
#10973=AXIS2_PLACEMENT_3D('',#16096,#13000,#13001);
#10974=AXIS2_PLACEMENT_3D('',#16097,#13002,#13003);
#10975=AXIS2_PLACEMENT_3D('',#16100,#13006,#13007);
#10976=AXIS2_PLACEMENT_3D('',#16106,#13011,#13012);
#10977=AXIS2_PLACEMENT_3D('',#16110,#13015,#13016);
#10978=AXIS2_PLACEMENT_3D('',#16111,#13017,#13018);
#10979=AXIS2_PLACEMENT_3D('',#16114,#13019,#13020);
#10980=AXIS2_PLACEMENT_3D('',#16123,#13026,#13027);
#10981=AXIS2_PLACEMENT_3D('',#16126,#13028,#13029);
#10982=AXIS2_PLACEMENT_3D('',#16129,#13032,#13033);
#10983=AXIS2_PLACEMENT_3D('',#16133,#13036,#13037);
#10984=AXIS2_PLACEMENT_3D('',#16135,#13039,#13040);
#10985=AXIS2_PLACEMENT_3D('',#16136,#13041,#13042);
#10986=AXIS2_PLACEMENT_3D('',#16140,#13045,#13046);
#10987=AXIS2_PLACEMENT_3D('',#16142,#13048,#13049);
#10988=AXIS2_PLACEMENT_3D('',#16146,#13052,#13053);
#10989=AXIS2_PLACEMENT_3D('',#16148,#13055,#13056);
#10990=AXIS2_PLACEMENT_3D('',#16149,#13057,#13058);
#10991=AXIS2_PLACEMENT_3D('',#16154,#13060,#13061);
#10992=AXIS2_PLACEMENT_3D('',#16157,#13063,#13064);
#10993=AXIS2_PLACEMENT_3D('',#16158,#13065,#13066);
#10994=AXIS2_PLACEMENT_3D('',#16162,#13068,#13069);
#10995=AXIS2_PLACEMENT_3D('',#16164,#13071,#13072);
#10996=AXIS2_PLACEMENT_3D('',#16168,#13074,#13075);
#10997=AXIS2_PLACEMENT_3D('',#16170,#13077,#13078);
#10998=AXIS2_PLACEMENT_3D('',#16173,#13081,#13082);
#10999=AXIS2_PLACEMENT_3D('',#16179,#13086,#13087);
#11000=AXIS2_PLACEMENT_3D('',#16183,#13090,#13091);
#11001=AXIS2_PLACEMENT_3D('',#16184,#13092,#13093);
#11002=AXIS2_PLACEMENT_3D('',#16189,#13095,#13096);
#11003=AXIS2_PLACEMENT_3D('',#16192,#13098,#13099);
#11004=AXIS2_PLACEMENT_3D('',#16193,#13100,#13101);
#11005=AXIS2_PLACEMENT_3D('',#16198,#13104,#13105);
#11006=AXIS2_PLACEMENT_3D('',#16199,#13106,#13107);
#11007=AXIS2_PLACEMENT_3D('',#16204,#13110,#13111);
#11008=AXIS2_PLACEMENT_3D('',#16205,#13112,#13113);
#11009=AXIS2_PLACEMENT_3D('',#16208,#13116,#13117);
#11010=AXIS2_PLACEMENT_3D('',#16214,#13121,#13122);
#11011=AXIS2_PLACEMENT_3D('',#16218,#13125,#13126);
#11012=AXIS2_PLACEMENT_3D('',#16219,#13127,#13128);
#11013=AXIS2_PLACEMENT_3D('',#16222,#13129,#13130);
#11014=AXIS2_PLACEMENT_3D('',#16231,#13136,#13137);
#11015=AXIS2_PLACEMENT_3D('',#16234,#13138,#13139);
#11016=AXIS2_PLACEMENT_3D('',#16237,#13142,#13143);
#11017=AXIS2_PLACEMENT_3D('',#16241,#13146,#13147);
#11018=AXIS2_PLACEMENT_3D('',#16243,#13149,#13150);
#11019=AXIS2_PLACEMENT_3D('',#16244,#13151,#13152);
#11020=AXIS2_PLACEMENT_3D('',#16248,#13155,#13156);
#11021=AXIS2_PLACEMENT_3D('',#16250,#13158,#13159);
#11022=AXIS2_PLACEMENT_3D('',#16254,#13162,#13163);
#11023=AXIS2_PLACEMENT_3D('',#16256,#13165,#13166);
#11024=AXIS2_PLACEMENT_3D('',#16257,#13167,#13168);
#11025=AXIS2_PLACEMENT_3D('',#16262,#13170,#13171);
#11026=AXIS2_PLACEMENT_3D('',#16265,#13173,#13174);
#11027=AXIS2_PLACEMENT_3D('',#16266,#13175,#13176);
#11028=AXIS2_PLACEMENT_3D('',#16270,#13178,#13179);
#11029=AXIS2_PLACEMENT_3D('',#16272,#13181,#13182);
#11030=AXIS2_PLACEMENT_3D('',#16276,#13184,#13185);
#11031=AXIS2_PLACEMENT_3D('',#16278,#13187,#13188);
#11032=AXIS2_PLACEMENT_3D('',#16281,#13191,#13192);
#11033=AXIS2_PLACEMENT_3D('',#16287,#13196,#13197);
#11034=AXIS2_PLACEMENT_3D('',#16291,#13200,#13201);
#11035=AXIS2_PLACEMENT_3D('',#16292,#13202,#13203);
#11036=AXIS2_PLACEMENT_3D('',#16297,#13205,#13206);
#11037=AXIS2_PLACEMENT_3D('',#16300,#13208,#13209);
#11038=AXIS2_PLACEMENT_3D('',#16301,#13210,#13211);
#11039=AXIS2_PLACEMENT_3D('',#16306,#13214,#13215);
#11040=AXIS2_PLACEMENT_3D('',#16307,#13216,#13217);
#11041=AXIS2_PLACEMENT_3D('',#16312,#13220,#13221);
#11042=AXIS2_PLACEMENT_3D('',#16313,#13222,#13223);
#11043=AXIS2_PLACEMENT_3D('',#16316,#13226,#13227);
#11044=AXIS2_PLACEMENT_3D('',#16322,#13231,#13232);
#11045=AXIS2_PLACEMENT_3D('',#16326,#13235,#13236);
#11046=AXIS2_PLACEMENT_3D('',#16327,#13237,#13238);
#11047=AXIS2_PLACEMENT_3D('',#16330,#13239,#13240);
#11048=AXIS2_PLACEMENT_3D('',#16339,#13246,#13247);
#11049=AXIS2_PLACEMENT_3D('',#16342,#13248,#13249);
#11050=AXIS2_PLACEMENT_3D('',#16345,#13252,#13253);
#11051=AXIS2_PLACEMENT_3D('',#16349,#13256,#13257);
#11052=AXIS2_PLACEMENT_3D('',#16351,#13259,#13260);
#11053=AXIS2_PLACEMENT_3D('',#16352,#13261,#13262);
#11054=AXIS2_PLACEMENT_3D('',#16356,#13265,#13266);
#11055=AXIS2_PLACEMENT_3D('',#16358,#13268,#13269);
#11056=AXIS2_PLACEMENT_3D('',#16362,#13272,#13273);
#11057=AXIS2_PLACEMENT_3D('',#16364,#13275,#13276);
#11058=AXIS2_PLACEMENT_3D('',#16365,#13277,#13278);
#11059=AXIS2_PLACEMENT_3D('',#16374,#13283,#13284);
#11060=AXIS2_PLACEMENT_3D('',#16380,#13288,#13289);
#11061=AXIS2_PLACEMENT_3D('',#16388,#13294,#13295);
#11062=AXIS2_PLACEMENT_3D('',#16394,#13299,#13300);
#11063=AXIS2_PLACEMENT_3D('',#16402,#13305,#13306);
#11064=AXIS2_PLACEMENT_3D('',#16408,#13310,#13311);
#11065=AXIS2_PLACEMENT_3D('',#16416,#13316,#13317);
#11066=AXIS2_PLACEMENT_3D('',#16422,#13321,#13322);
#11067=AXIS2_PLACEMENT_3D('',#16430,#13327,#13328);
#11068=AXIS2_PLACEMENT_3D('',#16436,#13332,#13333);
#11069=AXIS2_PLACEMENT_3D('',#16444,#13338,#13339);
#11070=AXIS2_PLACEMENT_3D('',#16450,#13343,#13344);
#11071=AXIS2_PLACEMENT_3D('',#16459,#13349,#13350);
#11072=AXIS2_PLACEMENT_3D('',#16464,#13354,#13355);
#11073=AXIS2_PLACEMENT_3D('',#16472,#13360,#13361);
#11074=AXIS2_PLACEMENT_3D('',#16477,#13365,#13366);
#11075=AXIS2_PLACEMENT_3D('',#16485,#13371,#13372);
#11076=AXIS2_PLACEMENT_3D('',#16490,#13376,#13377);
#11077=AXIS2_PLACEMENT_3D('',#16498,#13382,#13383);
#11078=AXIS2_PLACEMENT_3D('',#16503,#13387,#13388);
#11079=AXIS2_PLACEMENT_3D('',#16511,#13393,#13394);
#11080=AXIS2_PLACEMENT_3D('',#16517,#13398,#13399);
#11081=AXIS2_PLACEMENT_3D('',#16525,#13404,#13405);
#11082=AXIS2_PLACEMENT_3D('',#16529,#13408,#13409);
#11083=AXIS2_PLACEMENT_3D('',#16537,#13414,#13415);
#11084=AXIS2_PLACEMENT_3D('',#16542,#13419,#13420);
#11085=AXIS2_PLACEMENT_3D('',#16551,#13425,#13426);
#11086=AXIS2_PLACEMENT_3D('',#16557,#13430,#13431);
#11087=AXIS2_PLACEMENT_3D('',#16565,#13436,#13437);
#11088=AXIS2_PLACEMENT_3D('',#16571,#13441,#13442);
#11089=AXIS2_PLACEMENT_3D('',#16578,#13447,#13448);
#11090=AXIS2_PLACEMENT_3D('',#16584,#13452,#13453);
#11091=AXIS2_PLACEMENT_3D('',#16592,#13458,#13459);
#11092=AXIS2_PLACEMENT_3D('',#16596,#13462,#13463);
#11093=AXIS2_PLACEMENT_3D('',#16604,#13468,#13469);
#11094=AXIS2_PLACEMENT_3D('',#16608,#13472,#13473);
#11095=AXIS2_PLACEMENT_3D('',#16616,#13478,#13479);
#11096=AXIS2_PLACEMENT_3D('',#16621,#13483,#13484);
#11097=AXIS2_PLACEMENT_3D('',#16627,#13488,#13489);
#11098=AXIS2_PLACEMENT_3D('',#16634,#13494,#13495);
#11099=AXIS2_PLACEMENT_3D('',#16640,#13499,#13500);
#11100=AXIS2_PLACEMENT_3D('',#16646,#13504,#13505);
#11101=AXIS2_PLACEMENT_3D('',#16652,#13509,#13510);
#11102=AXIS2_PLACEMENT_3D('',#16657,#13514,#13515);
#11103=AXIS2_PLACEMENT_3D('',#16663,#13519,#13520);
#11104=AXIS2_PLACEMENT_3D('',#16667,#13523,#13524);
#11105=AXIS2_PLACEMENT_3D('',#16673,#13528,#13529);
#11106=AXIS2_PLACEMENT_3D('',#16679,#13533,#13534);
#11107=AXIS2_PLACEMENT_3D('',#16685,#13538,#13539);
#11108=AXIS2_PLACEMENT_3D('',#16691,#13543,#13544);
#11109=AXIS2_PLACEMENT_3D('',#16711,#13548,#13549);
#11110=AXIS2_PLACEMENT_3D('',#16726,#13552,#13553);
#11111=AXIS2_PLACEMENT_3D('',#16736,#13557,#13558);
#11112=AXIS2_PLACEMENT_3D('',#16749,#13560,#13561);
#11113=AXIS2_PLACEMENT_3D('',#16760,#13563,#13564);
#11114=AXIS2_PLACEMENT_3D('',#16769,#13566,#13567);
#11115=AXIS2_PLACEMENT_3D('',#16788,#13570,#13571);
#11116=AXIS2_PLACEMENT_3D('',#16792,#13574,#13575);
#11117=AXIS2_PLACEMENT_3D('',#16796,#13578,#13579);
#11118=AXIS2_PLACEMENT_3D('',#16809,#13582,#13583);
#11119=AXIS2_PLACEMENT_3D('',#16822,#13586,#13587);
#11120=AXIS2_PLACEMENT_3D('',#16842,#13591,#13592);
#11121=AXIS2_PLACEMENT_3D('',#16855,#13595,#13596);
#11122=AXIS2_PLACEMENT_3D('',#16870,#13599,#13600);
#11123=AXIS2_PLACEMENT_3D('',#16875,#13604,#13605);
#11124=AXIS2_PLACEMENT_3D('',#16880,#13609,#13610);
#11125=AXIS2_PLACEMENT_3D('',#16897,#13613,#13614);
#11126=AXIS2_PLACEMENT_3D('',#16906,#13616,#13617);
#11127=AXIS2_PLACEMENT_3D('',#16915,#13619,#13620);
#11128=AXIS2_PLACEMENT_3D('',#16928,#13622,#13623);
#11129=AXIS2_PLACEMENT_3D('',#16937,#13626,#13627);
#11130=AXIS2_PLACEMENT_3D('',#16950,#13630,#13631);
#11131=AXIS2_PLACEMENT_3D('',#16965,#13634,#13635);
#11132=AXIS2_PLACEMENT_3D('',#16975,#13639,#13640);
#11133=AXIS2_PLACEMENT_3D('',#16993,#13644,#13645);
#11134=AXIS2_PLACEMENT_3D('',#17006,#13647,#13648);
#11135=AXIS2_PLACEMENT_3D('',#17015,#13650,#13651);
#11136=AXIS2_PLACEMENT_3D('',#17024,#13653,#13654);
#11137=AXIS2_PLACEMENT_3D('',#17041,#13657,#13658);
#11138=AXIS2_PLACEMENT_3D('',#17045,#13661,#13662);
#11139=AXIS2_PLACEMENT_3D('',#17051,#13666,#13667);
#11140=AXIS2_PLACEMENT_3D('',#17064,#13670,#13671);
#11141=AXIS2_PLACEMENT_3D('',#17077,#13674,#13675);
#11142=AXIS2_PLACEMENT_3D('',#17090,#13678,#13679);
#11143=AXIS2_PLACEMENT_3D('',#17103,#13682,#13683);
#11144=AXIS2_PLACEMENT_3D('',#17108,#13687,#13688);
#11145=AXIS2_PLACEMENT_3D('',#17112,#13691,#13692);
#11146=AXIS2_PLACEMENT_3D('',#17131,#13695,#13696);
#11147=AXIS2_PLACEMENT_3D('',#17140,#13698,#13699);
#11148=AXIS2_PLACEMENT_3D('',#17151,#13701,#13702);
#11149=AXIS2_PLACEMENT_3D('',#17156,#13706,#13707);
#11150=AXIS2_PLACEMENT_3D('',#17161,#13711,#13712);
#11151=AXIS2_PLACEMENT_3D('',#17166,#13716,#13717);
#11152=AXIS2_PLACEMENT_3D('',#17171,#13721,#13722);
#11153=AXIS2_PLACEMENT_3D('',#17176,#13726,#13727);
#11154=AXIS2_PLACEMENT_3D('',#17182,#13731,#13732);
#11155=AXIS2_PLACEMENT_3D('',#17197,#13735,#13736);
#11156=AXIS2_PLACEMENT_3D('',#17212,#13739,#13740);
#11157=AXIS2_PLACEMENT_3D('',#17223,#13742,#13743);
#11158=AXIS2_PLACEMENT_3D('',#17229,#13747,#13748);
#11159=AXIS2_PLACEMENT_3D('',#17233,#13751,#13752);
#11160=AXIS2_PLACEMENT_3D('',#17237,#13755,#13756);
#11161=AXIS2_PLACEMENT_3D('',#17241,#13759,#13760);
#11162=AXIS2_PLACEMENT_3D('',#17245,#13763,#13764);
#11163=AXIS2_PLACEMENT_3D('',#17251,#13768,#13769);
#11164=AXIS2_PLACEMENT_3D('',#17262,#13771,#13772);
#11165=AXIS2_PLACEMENT_3D('',#17269,#13774,#13775);
#11166=AXIS2_PLACEMENT_3D('',#17278,#13777,#13778);
#11167=AXIS2_PLACEMENT_3D('',#17295,#13780,#13781);
#11168=AXIS2_PLACEMENT_3D('',#17300,#13785,#13786);
#11169=AXIS2_PLACEMENT_3D('',#17302,#13788,#13789);
#11170=AXIS2_PLACEMENT_3D('',#17304,#13791,#13792);
#11171=AXIS2_PLACEMENT_3D('',#17306,#13794,#13795);
#11172=AXIS2_PLACEMENT_3D('',#17308,#13797,#13798);
#11173=AXIS2_PLACEMENT_3D('',#17310,#13800,#13801);
#11174=AXIS2_PLACEMENT_3D('',#17312,#13803,#13804);
#11175=AXIS2_PLACEMENT_3D('',#17327,#13808,#13809);
#11176=AXIS2_PLACEMENT_3D('',#17331,#13812,#13813);
#11177=AXIS2_PLACEMENT_3D('',#17334,#13816,#13817);
#11178=AXIS2_PLACEMENT_3D('',#17353,#13820,#13821);
#11179=AXIS2_PLACEMENT_3D('',#17360,#13822,#13823);
#11180=AXIS2_PLACEMENT_3D('',#17367,#13825,#13826);
#11181=AXIS2_PLACEMENT_3D('',#17372,#13830,#13831);
#11182=AXIS2_PLACEMENT_3D('',#17385,#13834,#13835);
#11183=AXIS2_PLACEMENT_3D('',#17387,#13837,#13838);
#11184=AXIS2_PLACEMENT_3D('',#17391,#13841,#13842);
#11185=AXIS2_PLACEMENT_3D('',#17395,#13845,#13846);
#11186=AXIS2_PLACEMENT_3D('',#17407,#13849,#13850);
#11187=AXIS2_PLACEMENT_3D('',#17418,#13853,#13854);
#11188=AXIS2_PLACEMENT_3D('',#17420,#13856,#13857);
#11189=AXIS2_PLACEMENT_3D('',#17433,#13860,#13861);
#11190=AXIS2_PLACEMENT_3D('',#17435,#13863,#13864);
#11191=AXIS2_PLACEMENT_3D('',#17439,#13867,#13868);
#11192=AXIS2_PLACEMENT_3D('',#17444,#13872,#13873);
#11193=AXIS2_PLACEMENT_3D('',#17449,#13877,#13878);
#11194=AXIS2_PLACEMENT_3D('',#17455,#13882,#13883);
#11195=AXIS2_PLACEMENT_3D('',#17472,#13887,#13888);
#11196=AXIS2_PLACEMENT_3D('',#17483,#13890,#13891);
#11197=AXIS2_PLACEMENT_3D('',#17487,#13894,#13895);
#11198=AXIS2_PLACEMENT_3D('',#17489,#13897,#13898);
#11199=AXIS2_PLACEMENT_3D('',#17493,#13901,#13902);
#11200=AXIS2_PLACEMENT_3D('',#17497,#13905,#13906);
#11201=AXIS2_PLACEMENT_3D('',#17499,#13908,#13909);
#11202=AXIS2_PLACEMENT_3D('',#17501,#13911,#13912);
#11203=AXIS2_PLACEMENT_3D('',#17503,#13914,#13915);
#11204=AXIS2_PLACEMENT_3D('',#17517,#13919,#13920);
#11205=AXIS2_PLACEMENT_3D('',#17534,#13923,#13924);
#11206=AXIS2_PLACEMENT_3D('',#17541,#13925,#13926);
#11207=AXIS2_PLACEMENT_3D('',#17544,#13929,#13930);
#11208=AXIS2_PLACEMENT_3D('',#17548,#13933,#13934);
#11209=AXIS2_PLACEMENT_3D('',#17550,#13936,#13937);
#11210=AXIS2_PLACEMENT_3D('',#17561,#13939,#13940);
#11211=AXIS2_PLACEMENT_3D('',#17566,#13944,#13945);
#11212=AXIS2_PLACEMENT_3D('',#17570,#13948,#13949);
#11213=AXIS2_PLACEMENT_3D('',#17585,#13952,#13953);
#11214=AXIS2_PLACEMENT_3D('',#17589,#13956,#13957);
#11215=AXIS2_PLACEMENT_3D('',#17593,#13960,#13961);
#11216=AXIS2_PLACEMENT_3D('',#17606,#13963,#13964);
#11217=AXIS2_PLACEMENT_3D('',#17608,#13966,#13967);
#11218=AXIS2_PLACEMENT_3D('',#17610,#13969,#13970);
#11219=AXIS2_PLACEMENT_3D('',#17612,#13972,#13973);
#11220=AXIS2_PLACEMENT_3D('',#17616,#13976,#13977);
#11221=AXIS2_PLACEMENT_3D('',#17627,#13979,#13980);
#11222=AXIS2_PLACEMENT_3D('',#17629,#13982,#13983);
#11223=AXIS2_PLACEMENT_3D('',#17633,#13986,#13987);
#11224=AXIS2_PLACEMENT_3D('',#17648,#13991,#13992);
#11225=AXIS2_PLACEMENT_3D('',#17650,#13994,#13995);
#11226=AXIS2_PLACEMENT_3D('',#17652,#13997,#13998);
#11227=AXIS2_PLACEMENT_3D('',#17663,#14000,#14001);
#11228=AXIS2_PLACEMENT_3D('',#17665,#14003,#14004);
#11229=AXIS2_PLACEMENT_3D('',#17678,#14006,#14007);
#11230=AXIS2_PLACEMENT_3D('',#17680,#14009,#14010);
#11231=AXIS2_PLACEMENT_3D('',#17695,#14013,#14014);
#11232=AXIS2_PLACEMENT_3D('',#17708,#14016,#14017);
#11233=AXIS2_PLACEMENT_3D('',#17715,#14019,#14020);
#11234=AXIS2_PLACEMENT_3D('',#17717,#14022,#14023);
#11235=AXIS2_PLACEMENT_3D('',#17732,#14025,#14026);
#11236=AXIS2_PLACEMENT_3D('',#17734,#14027,#14028);
#11237=AXIS2_PLACEMENT_3D('',#17736,#14029,#14030);
#11238=AXIS2_PLACEMENT_3D('',#17737,#14031,#14032);
#11239=AXIS2_PLACEMENT_3D('',#17738,#14033,#14034);
#11240=AXIS2_PLACEMENT_3D('',#17739,#14035,#14036);
#11241=AXIS2_PLACEMENT_3D('',#17740,#14037,#14038);
#11242=AXIS2_PLACEMENT_3D('',#17741,#14039,#14040);
#11243=AXIS2_PLACEMENT_3D('',#17742,#14041,#14042);
#11244=AXIS2_PLACEMENT_3D('',#17743,#14043,#14044);
#11245=AXIS2_PLACEMENT_3D('',#17744,#14045,#14046);
#11246=AXIS2_PLACEMENT_3D('',#17745,#14047,#14048);
#11247=AXIS2_PLACEMENT_3D('',#17746,#14049,#14050);
#11248=AXIS2_PLACEMENT_3D('',#17747,#14051,#14052);
#11249=AXIS2_PLACEMENT_3D('',#17748,#14053,#14054);
#11250=AXIS2_PLACEMENT_3D('',#17749,#14055,#14056);
#11251=AXIS2_PLACEMENT_3D('',#17750,#14057,#14058);
#11252=AXIS2_PLACEMENT_3D('',#17751,#14059,#14060);
#11253=AXIS2_PLACEMENT_3D('',#17752,#14061,#14062);
#11254=AXIS2_PLACEMENT_3D('',#17753,#14063,#14064);
#11255=AXIS2_PLACEMENT_3D('',#17754,#14065,#14066);
#11256=AXIS2_PLACEMENT_3D('',#17755,#14067,#14068);
#11257=AXIS2_PLACEMENT_3D('',#17756,#14069,#14070);
#11258=AXIS2_PLACEMENT_3D('',#17757,#14071,#14072);
#11259=AXIS2_PLACEMENT_3D('',#17758,#14073,#14074);
#11260=AXIS2_PLACEMENT_3D('',#17759,#14075,#14076);
#11261=AXIS2_PLACEMENT_3D('',#17760,#14077,#14078);
#11262=AXIS2_PLACEMENT_3D('',#17761,#14079,#14080);
#11263=AXIS2_PLACEMENT_3D('',#17762,#14081,#14082);
#11264=AXIS2_PLACEMENT_3D('',#17763,#14083,#14084);
#11265=AXIS2_PLACEMENT_3D('',#17764,#14085,#14086);
#11266=AXIS2_PLACEMENT_3D('',#17765,#14087,#14088);
#11267=AXIS2_PLACEMENT_3D('',#17766,#14089,#14090);
#11268=AXIS2_PLACEMENT_3D('',#17767,#14091,#14092);
#11269=AXIS2_PLACEMENT_3D('',#17768,#14093,#14094);
#11270=AXIS2_PLACEMENT_3D('',#17769,#14095,#14096);
#11271=AXIS2_PLACEMENT_3D('',#17770,#14097,#14098);
#11272=AXIS2_PLACEMENT_3D('',#17771,#14099,#14100);
#11273=AXIS2_PLACEMENT_3D('',#17772,#14101,#14102);
#11274=AXIS2_PLACEMENT_3D('',#17773,#14103,#14104);
#11275=AXIS2_PLACEMENT_3D('',#17774,#14105,#14106);
#11276=AXIS2_PLACEMENT_3D('',#17775,#14107,#14108);
#11277=AXIS2_PLACEMENT_3D('',#17776,#14109,#14110);
#11278=AXIS2_PLACEMENT_3D('',#17777,#14111,#14112);
#11279=AXIS2_PLACEMENT_3D('',#17778,#14113,#14114);
#11280=AXIS2_PLACEMENT_3D('',#17779,#14115,#14116);
#11281=AXIS2_PLACEMENT_3D('',#17780,#14117,#14118);
#11282=AXIS2_PLACEMENT_3D('',#17781,#14119,#14120);
#11283=AXIS2_PLACEMENT_3D('',#17782,#14121,#14122);
#11284=AXIS2_PLACEMENT_3D('',#17783,#14123,#14124);
#11285=AXIS2_PLACEMENT_3D('',#17784,#14125,#14126);
#11286=AXIS2_PLACEMENT_3D('',#17785,#14127,#14128);
#11287=AXIS2_PLACEMENT_3D('',#17786,#14129,#14130);
#11288=AXIS2_PLACEMENT_3D('',#17787,#14131,#14132);
#11289=AXIS2_PLACEMENT_3D('',#17788,#14133,#14134);
#11290=AXIS2_PLACEMENT_3D('',#17789,#14135,#14136);
#11291=AXIS2_PLACEMENT_3D('',#17790,#14137,#14138);
#11292=AXIS2_PLACEMENT_3D('',#17791,#14139,#14140);
#11293=AXIS2_PLACEMENT_3D('',#17792,#14141,#14142);
#11294=AXIS2_PLACEMENT_3D('',#17793,#14143,#14144);
#11295=AXIS2_PLACEMENT_3D('',#17794,#14145,#14146);
#11296=AXIS2_PLACEMENT_3D('',#17795,#14147,#14148);
#11297=AXIS2_PLACEMENT_3D('',#17796,#14149,#14150);
#11298=AXIS2_PLACEMENT_3D('',#17797,#14151,#14152);
#11299=AXIS2_PLACEMENT_3D('',#17798,#14153,#14154);
#11300=AXIS2_PLACEMENT_3D('',#17799,#14155,#14156);
#11301=AXIS2_PLACEMENT_3D('',#17800,#14157,#14158);
#11302=AXIS2_PLACEMENT_3D('',#17801,#14159,#14160);
#11303=AXIS2_PLACEMENT_3D('',#17802,#14161,#14162);
#11304=AXIS2_PLACEMENT_3D('',#17803,#14163,#14164);
#11305=AXIS2_PLACEMENT_3D('',#17806,#14166,#14167);
#11306=AXIS2_PLACEMENT_3D('',#17807,#14168,#14169);
#11307=AXIS2_PLACEMENT_3D('',#17808,#14170,#14171);
#11308=AXIS2_PLACEMENT_3D('',#17811,#14172,#14173);
#11309=AXIS2_PLACEMENT_3D('',#17828,#14174,#14175);
#11310=AXIS2_PLACEMENT_3D('',#17843,#14176,#14177);
#11311=AXIS2_PLACEMENT_3D('',#17862,#14180,#14181);
#11312=AXIS2_PLACEMENT_3D('',#17864,#14182,#14183);
#11313=AXIS2_PLACEMENT_3D('',#17866,#14184,#14185);
#11314=AXIS2_PLACEMENT_3D('',#17881,#14186,#14187);
#11315=AXIS2_PLACEMENT_3D('',#17884,#14190,#14191);
#11316=AXIS2_PLACEMENT_3D('',#17890,#14195,#14196);
#11317=AXIS2_PLACEMENT_3D('',#17892,#14197,#14198);
#11318=AXIS2_PLACEMENT_3D('',#17894,#14200,#14201);
#11319=AXIS2_PLACEMENT_3D('',#17895,#14202,#14203);
#11320=AXIS2_PLACEMENT_3D('',#17899,#14206,#14207);
#11321=AXIS2_PLACEMENT_3D('',#17900,#14208,#14209);
#11322=AXIS2_PLACEMENT_3D('',#17901,#14210,#14211);
#11323=AXIS2_PLACEMENT_3D('',#17903,#14212,#14213);
#11324=AXIS2_PLACEMENT_3D('',#17904,#14214,#14215);
#11325=AXIS2_PLACEMENT_3D('',#17907,#14217,#14218);
#11326=AXIS2_PLACEMENT_3D('',#17908,#14219,#14220);
#11327=AXIS2_PLACEMENT_3D('',#17910,#14221,#14222);
#11328=AXIS2_PLACEMENT_3D('',#17913,#14224,#14225);
#11329=AXIS2_PLACEMENT_3D('',#17914,#14226,#14227);
#11330=AXIS2_PLACEMENT_3D('',#17915,#14228,#14229);
#11331=DIRECTION('axis',(0.,0.,1.));
#11332=DIRECTION('refdir',(1.,0.,0.));
#11333=DIRECTION('center_axis',(1.,0.,0.));
#11334=DIRECTION('ref_axis',(0.,1.,0.));
#11335=DIRECTION('',(0.,-1.,0.));
#11336=DIRECTION('',(0.,0.,1.));
#11337=DIRECTION('',(0.,1.,0.));
#11338=DIRECTION('',(0.,0.,1.));
#11339=DIRECTION('center_axis',(0.,-1.,0.));
#11340=DIRECTION('ref_axis',(1.,0.,-6.34413156928661E-17));
#11341=DIRECTION('',(-1.,0.,6.34413156928661E-17));
#11342=DIRECTION('',(1.,0.,-6.34413156928661E-17));
#11343=DIRECTION('',(0.,0.,1.));
#11344=DIRECTION('center_axis',(-1.,0.,0.));
#11345=DIRECTION('ref_axis',(0.,-1.,0.));
#11346=DIRECTION('',(0.,1.,0.));
#11347=DIRECTION('',(0.,-1.,0.));
#11348=DIRECTION('',(0.,0.,1.));
#11349=DIRECTION('center_axis',(0.,1.,0.));
#11350=DIRECTION('ref_axis',(-1.,0.,6.34413156928661E-17));
#11351=DIRECTION('',(1.,0.,-6.34413156928661E-17));
#11352=DIRECTION('',(-1.,0.,6.34413156928661E-17));
#11353=DIRECTION('center_axis',(0.,0.,1.));
#11354=DIRECTION('ref_axis',(1.,0.,0.));
#11355=DIRECTION('center_axis',(1.,0.,-6.34413156928661E-17));
#11356=DIRECTION('ref_axis',(0.,0.707106781186547,0.707106781186548));
#11357=DIRECTION('center_axis',(-0.707106781186548,0.,-0.707106781186548));
#11358=DIRECTION('ref_axis',(-0.707106781186547,0.,0.707106781186547));
#11359=DIRECTION('',(-1.,0.,6.34413156928661E-17));
#11360=DIRECTION('center_axis',(0.707106781186548,0.,-0.707106781186547));
#11361=DIRECTION('ref_axis',(0.707106781186547,0.,0.707106781186548));
#11362=DIRECTION('',(1.,0.,-6.34413156928661E-17));
#11363=DIRECTION('center_axis',(0.,1.,0.));
#11364=DIRECTION('ref_axis',(0.,0.,1.));
#11365=DIRECTION('',(0.707106781186548,0.,-0.707106781186548));
#11366=DIRECTION('',(-6.34413156928661E-17,0.,1.));
#11367=DIRECTION('',(-0.707106781186548,0.,-0.707106781186547));
#11368=DIRECTION('',(1.,0.,6.34413156928661E-17));
#11369=DIRECTION('',(-0.707106781186548,0.,0.707106781186548));
#11370=DIRECTION('',(0.,0.,-1.));
#11371=DIRECTION('',(0.707106781186547,0.,0.707106781186548));
#11372=DIRECTION('center_axis',(0.,1.,0.));
#11373=DIRECTION('ref_axis',(-1.,0.,0.));
#11374=DIRECTION('center_axis',(-0.707106781186548,0.,-0.707106781186548));
#11375=DIRECTION('ref_axis',(0.707106781186548,0.,-0.707106781186548));
#11376=DIRECTION('',(0.,-1.,0.));
#11377=DIRECTION('',(-0.707106781186548,0.,0.707106781186548));
#11378=DIRECTION('',(0.,1.,0.));
#11379=DIRECTION('center_axis',(-0.707106781186548,0.,-0.707106781186548));
#11380=DIRECTION('ref_axis',(0.707106781186547,0.,-0.707106781186547));
#11381=DIRECTION('center_axis',(6.34413156928661E-17,0.,-1.));
#11382=DIRECTION('ref_axis',(0.707106781186548,0.707106781186547,0.));
#11383=DIRECTION('center_axis',(-0.707106781186547,0.,0.707106781186548));
#11384=DIRECTION('ref_axis',(0.707106781186548,0.,0.707106781186547));
#11385=DIRECTION('',(6.34413156928661E-17,0.,-1.));
#11386=DIRECTION('center_axis',(-1.,0.,-6.34413156928661E-17));
#11387=DIRECTION('ref_axis',(0.,0.707106781186547,-0.707106781186548));
#11388=DIRECTION('center_axis',(0.707106781186548,0.,0.707106781186548));
#11389=DIRECTION('ref_axis',(0.707106781186547,0.,-0.707106781186547));
#11390=DIRECTION('center_axis',(-0.707106781186547,0.,0.707106781186548));
#11391=DIRECTION('ref_axis',(-0.707106781186548,0.,-0.707106781186547));
#11392=DIRECTION('',(-1.,0.,-6.34413156928661E-17));
#11393=DIRECTION('center_axis',(0.707106781186548,0.,0.707106781186548));
#11394=DIRECTION('ref_axis',(-0.707106781186548,0.,0.707106781186548));
#11395=DIRECTION('',(0.,-1.,0.));
#11396=DIRECTION('',(0.707106781186548,0.,-0.707106781186548));
#11397=DIRECTION('',(0.,1.,0.));
#11398=DIRECTION('center_axis',(0.707106781186548,0.,0.707106781186548));
#11399=DIRECTION('ref_axis',(-0.707106781186547,0.,0.707106781186547));
#11400=DIRECTION('center_axis',(0.,0.,1.));
#11401=DIRECTION('ref_axis',(-0.707106781186548,0.707106781186547,0.));
#11402=DIRECTION('center_axis',(0.707106781186548,0.,-0.707106781186547));
#11403=DIRECTION('ref_axis',(-0.707106781186547,0.,-0.707106781186548));
#11404=DIRECTION('',(0.,0.,1.));
#11405=DIRECTION('center_axis',(0.,1.,0.));
#11406=DIRECTION('ref_axis',(-1.,0.,0.));
#11407=DIRECTION('',(-0.707106781186548,-0.707106781186548,8.65956056235493E-17));
#11408=DIRECTION('center_axis',(0.,-1.,0.));
#11409=DIRECTION('ref_axis',(-1.,0.,0.));
#11410=DIRECTION('center_axis',(0.,-1.,0.));
#11411=DIRECTION('ref_axis',(-1.,0.,0.));
#11412=DIRECTION('',(0.,-1.,0.));
#11413=DIRECTION('center_axis',(0.,-1.,0.));
#11414=DIRECTION('ref_axis',(-1.,0.,0.));
#11415=DIRECTION('center_axis',(0.,-1.,0.));
#11416=DIRECTION('ref_axis',(0.,0.,-1.));
#11417=DIRECTION('center_axis',(0.,1.,0.));
#11418=DIRECTION('ref_axis',(1.,0.,0.));
#11419=DIRECTION('center_axis',(-1.,0.,0.));
#11420=DIRECTION('ref_axis',(0.,0.,1.));
#11421=DIRECTION('center_axis',(0.,-1.,0.));
#11422=DIRECTION('ref_axis',(1.,0.,0.));
#11423=DIRECTION('center_axis',(0.,-1.,0.));
#11424=DIRECTION('ref_axis',(1.,0.,0.));
#11425=DIRECTION('center_axis',(0.,-1.,0.));
#11426=DIRECTION('ref_axis',(1.,0.,0.));
#11427=DIRECTION('',(0.,1.,0.));
#11428=DIRECTION('center_axis',(0.,1.,0.));
#11429=DIRECTION('ref_axis',(1.,0.,0.));
#11430=DIRECTION('center_axis',(0.,-1.,0.));
#11431=DIRECTION('ref_axis',(1.,0.,0.));
#11432=DIRECTION('center_axis',(0.,-1.,0.));
#11433=DIRECTION('ref_axis',(0.,0.,-1.));
#11434=DIRECTION('center_axis',(0.,1.,0.));
#11435=DIRECTION('ref_axis',(1.,0.,0.));
#11436=DIRECTION('center_axis',(-1.,0.,0.));
#11437=DIRECTION('ref_axis',(0.,0.,1.));
#11438=DIRECTION('center_axis',(0.,-1.,0.));
#11439=DIRECTION('ref_axis',(1.,0.,0.));
#11440=DIRECTION('center_axis',(0.,-1.,0.));
#11441=DIRECTION('ref_axis',(1.,0.,0.));
#11442=DIRECTION('center_axis',(0.,-1.,0.));
#11443=DIRECTION('ref_axis',(1.,0.,0.));
#11444=DIRECTION('',(0.,1.,0.));
#11445=DIRECTION('center_axis',(0.,1.,0.));
#11446=DIRECTION('ref_axis',(1.,0.,0.));
#11447=DIRECTION('center_axis',(0.,-1.,0.));
#11448=DIRECTION('ref_axis',(1.,0.,0.));
#11449=DIRECTION('center_axis',(0.,1.,0.));
#11450=DIRECTION('ref_axis',(-1.,0.,0.));
#11451=DIRECTION('center_axis',(-0.707106781186547,0.,0.707106781186548));
#11452=DIRECTION('ref_axis',(-0.707106781186548,0.,-0.707106781186547));
#11453=DIRECTION('',(0.,-1.,0.));
#11454=DIRECTION('',(0.707106781186548,0.,0.707106781186547));
#11455=DIRECTION('',(0.,1.,0.));
#11456=DIRECTION('center_axis',(0.707106781186548,0.,-0.707106781186547));
#11457=DIRECTION('ref_axis',(0.707106781186547,0.,0.707106781186548));
#11458=DIRECTION('',(0.,-1.,0.));
#11459=DIRECTION('',(-0.707106781186547,0.,-0.707106781186548));
#11460=DIRECTION('',(0.,1.,0.));
#11461=DIRECTION('center_axis',(6.34413156928661E-17,0.,-1.));
#11462=DIRECTION('ref_axis',(-1.,0.,-6.34413156928661E-17));
#11463=DIRECTION('',(1.,0.,6.34413156928661E-17));
#11464=DIRECTION('center_axis',(1.,0.,6.34413156928661E-17));
#11465=DIRECTION('ref_axis',(6.34413156928661E-17,0.,-1.));
#11466=DIRECTION('',(-6.34413156928661E-17,0.,1.));
#11467=DIRECTION('center_axis',(6.34413156928661E-17,0.,1.));
#11468=DIRECTION('ref_axis',(1.,0.,-6.34413156928661E-17));
#11469=DIRECTION('',(-1.,0.,6.34413156928661E-17));
#11470=DIRECTION('center_axis',(-1.,0.,0.));
#11471=DIRECTION('ref_axis',(0.,0.,1.));
#11472=DIRECTION('',(0.,0.,-1.));
#11473=DIRECTION('center_axis',(0.,1.,0.));
#11474=DIRECTION('ref_axis',(1.,0.,0.));
#11475=DIRECTION('center_axis',(0.,1.,0.));
#11476=DIRECTION('ref_axis',(0.,0.,1.));
#11477=DIRECTION('center_axis',(0.,-1.,0.));
#11478=DIRECTION('ref_axis',(1.,0.,-1.22464679914735E-16));
#11479=DIRECTION('center_axis',(0.,1.,0.));
#11480=DIRECTION('ref_axis',(1.,0.,-1.22464679914735E-16));
#11481=DIRECTION('center_axis',(1.,0.,0.));
#11482=DIRECTION('ref_axis',(0.,0.707106781186548,0.707106781186547));
#11483=DIRECTION('',(-1.,0.,0.));
#11484=DIRECTION('',(1.,0.,0.));
#11485=DIRECTION('center_axis',(0.,1.,0.));
#11486=DIRECTION('ref_axis',(0.,0.,1.));
#11487=DIRECTION('center_axis',(0.,-1.,0.));
#11488=DIRECTION('ref_axis',(-1.,0.,2.44929359829471E-16));
#11489=DIRECTION('center_axis',(0.,1.,0.));
#11490=DIRECTION('ref_axis',(-1.,0.,2.44929359829471E-16));
#11491=DIRECTION('center_axis',(-1.,0.,0.));
#11492=DIRECTION('ref_axis',(0.,0.707106781186548,-0.707106781186547));
#11493=DIRECTION('',(-1.,0.,0.));
#11494=DIRECTION('',(1.,0.,0.));
#11495=DIRECTION('center_axis',(0.,0.,1.));
#11496=DIRECTION('ref_axis',(1.,0.,0.));
#11497=DIRECTION('',(0.,1.,0.));
#11498=DIRECTION('',(1.,0.,0.));
#11499=DIRECTION('',(0.,-1.,0.));
#11500=DIRECTION('center_axis',(0.,1.,0.));
#11501=DIRECTION('ref_axis',(1.,0.,1.22464679914735E-16));
#11502=DIRECTION('',(0.,-1.,0.));
#11503=DIRECTION('center_axis',(0.,-1.,0.));
#11504=DIRECTION('ref_axis',(-1.,0.,0.));
#11505=DIRECTION('center_axis',(0.,1.,0.));
#11506=DIRECTION('ref_axis',(-1.,0.,0.));
#11507=DIRECTION('center_axis',(0.,0.,-1.));
#11508=DIRECTION('ref_axis',(-1.,0.,0.));
#11509=DIRECTION('',(0.,1.,0.));
#11510=DIRECTION('',(-1.,0.,0.));
#11511=DIRECTION('center_axis',(0.,1.,0.));
#11512=DIRECTION('ref_axis',(-1.,0.,0.));
#11513=DIRECTION('center_axis',(0.,-1.,0.));
#11514=DIRECTION('ref_axis',(-1.,0.,0.));
#11515=DIRECTION('center_axis',(0.,1.,0.));
#11516=DIRECTION('ref_axis',(1.,0.,0.));
#11517=DIRECTION('center_axis',(0.,1.,0.));
#11518=DIRECTION('ref_axis',(1.,0.,0.));
#11519=DIRECTION('',(0.,-1.,0.));
#11520=DIRECTION('center_axis',(0.,1.,0.));
#11521=DIRECTION('ref_axis',(1.,0.,0.));
#11522=DIRECTION('center_axis',(0.,1.,0.));
#11523=DIRECTION('ref_axis',(1.,0.,0.));
#11524=DIRECTION('center_axis',(0.,1.,0.));
#11525=DIRECTION('ref_axis',(1.,0.,0.));
#11526=DIRECTION('center_axis',(-0.999999999999999,0.,-3.49245950742883E-8));
#11527=DIRECTION('ref_axis',(2.46954174792595E-8,0.707106781186547,-0.707106781186547));
#11528=DIRECTION('center_axis',(-1.,0.,0.));
#11529=DIRECTION('ref_axis',(0.,0.707106781186547,-0.707106781186548));
#11530=DIRECTION('',(-0.999999999999999,0.,-3.49245950742883E-8));
#11531=DIRECTION('center_axis',(0.999999999999999,0.,3.49245954378574E-8));
#11532=DIRECTION('ref_axis',(2.46954174792595E-8,0.707106781186547,-0.707106781186547));
#11533=DIRECTION('',(0.999999999999999,0.,3.49245950742883E-8));
#11534=DIRECTION('center_axis',(-0.707106781186547,0.,0.707106781186548));
#11535=DIRECTION('ref_axis',(-0.707106781186548,9.81307752405581E-17,-0.707106781186547));
#11536=DIRECTION('',(-0.999999999999999,0.,-3.49245950742883E-8));
#11537=DIRECTION('center_axis',(3.49245950742883E-8,0.,-0.999999999999999));
#11538=DIRECTION('ref_axis',(-0.999999999999999,0.,-3.49245950742883E-8));
#11539=DIRECTION('',(0.,-1.,0.));
#11540=DIRECTION('center_axis',(-3.49245950742883E-8,0.,0.999999999999999));
#11541=DIRECTION('ref_axis',(0.70710678118655,-0.707106781186544,2.46954180072237E-8));
#11542=DIRECTION('',(0.999999999999999,0.,3.49245950742883E-8));
#11543=DIRECTION('center_axis',(-3.49245950742883E-8,0.,0.999999999999999));
#11544=DIRECTION('ref_axis',(-0.707106781186548,-0.707106781186547,-2.46954180072236E-8));
#11545=DIRECTION('',(0.,-1.,0.));
#11546=DIRECTION('',(-0.999999999999999,0.,-3.49245950742883E-8));
#11547=DIRECTION('',(0.,-1.,0.));
#11548=DIRECTION('center_axis',(3.49245950742883E-8,0.,-0.999999999999999));
#11549=DIRECTION('ref_axis',(-0.707106781186546,-0.707106781186549,-2.4695419049352E-8));
#11550=DIRECTION('',(0.999999999999999,0.,3.49245950742883E-8));
#11551=DIRECTION('center_axis',(3.49245950742883E-8,0.,-0.999999999999999));
#11552=DIRECTION('ref_axis',(0.707106781186546,-0.707106781186549,2.4695419049352E-8));
#11553=DIRECTION('',(0.,1.,0.));
#11554=DIRECTION('center_axis',(1.,0.,0.));
#11555=DIRECTION('ref_axis',(0.,0.,1.));
#11556=DIRECTION('',(0.,0.,-1.));
#11557=DIRECTION('',(0.,-1.,0.));
#11558=DIRECTION('',(0.,0.,1.));
#11559=DIRECTION('center_axis',(0.,1.,0.));
#11560=DIRECTION('ref_axis',(1.,0.,0.));
#11561=DIRECTION('',(-0.707106781186548,0.,-0.707106781186547));
#11562=DIRECTION('',(-0.999999999999999,0.,-3.49245954378574E-8));
#11563=DIRECTION('center_axis',(-0.999999999999999,0.,-3.49245950742883E-8));
#11564=DIRECTION('ref_axis',(2.46954174792595E-8,0.707106781186547,-0.707106781186547));
#11565=DIRECTION('center_axis',(0.999999999999999,0.,3.49245948827459E-8));
#11566=DIRECTION('ref_axis',(2.46954174792595E-8,0.707106781186547,-0.707106781186547));
#11567=DIRECTION('',(0.999999999999999,0.,3.49245950742883E-8));
#11568=DIRECTION('center_axis',(-0.999999999999999,0.,-3.49245954378574E-8));
#11569=DIRECTION('ref_axis',(2.46954174792595E-8,0.707106781186547,-0.707106781186547));
#11570=DIRECTION('center_axis',(1.,0.,0.));
#11571=DIRECTION('ref_axis',(0.,0.707106781186547,-0.707106781186548));
#11572=DIRECTION('center_axis',(-0.999999999999999,0.,-3.49245954378574E-8));
#11573=DIRECTION('ref_axis',(0.,-1.,0.));
#11574=DIRECTION('',(0.,-1.,0.));
#11575=DIRECTION('',(0.,1.,0.));
#11576=DIRECTION('',(-3.49245954378574E-8,0.,0.999999999999999));
#11577=DIRECTION('center_axis',(0.,1.,0.));
#11578=DIRECTION('ref_axis',(0.,0.,1.));
#11579=DIRECTION('',(-0.999999999999999,0.,-3.49245954378574E-8));
#11580=DIRECTION('',(-0.999999999999999,0.,-3.49245948827459E-8));
#11581=DIRECTION('',(0.999999999999999,0.,3.49245950742883E-8));
#11582=DIRECTION('',(-0.999999999999999,0.,-3.49245951603017E-8));
#11583=DIRECTION('',(0.999999999999999,0.,3.49245950742883E-8));
#11584=DIRECTION('',(-0.999999999999999,0.,-3.49245954378574E-8));
#11585=DIRECTION('',(0.999999999999999,0.,3.49245950742883E-8));
#11586=DIRECTION('',(-0.707106781186547,0.,0.707106781186547));
#11587=DIRECTION('',(0.,0.,-1.));
#11588=DIRECTION('',(0.,0.,1.));
#11589=DIRECTION('',(0.,0.,-1.));
#11590=DIRECTION('',(0.,0.,1.));
#11591=DIRECTION('',(0.,0.,-1.));
#11592=DIRECTION('',(0.,0.,1.));
#11593=DIRECTION('',(0.,0.,-1.));
#11594=DIRECTION('',(0.,0.,1.));
#11595=DIRECTION('',(0.,0.,-1.));
#11596=DIRECTION('',(0.707106781186547,0.,0.707106781186547));
#11597=DIRECTION('',(-1.,0.,0.));
#11598=DIRECTION('',(1.,0.,0.));
#11599=DIRECTION('',(-1.,0.,0.));
#11600=DIRECTION('',(1.,0.,0.));
#11601=DIRECTION('',(-1.,0.,0.));
#11602=DIRECTION('',(1.,0.,0.));
#11603=DIRECTION('',(-1.,0.,0.));
#11604=DIRECTION('',(1.,0.,0.));
#11605=DIRECTION('',(-1.,0.,0.));
#11606=DIRECTION('',(0.707106781186547,0.,-0.707106781186547));
#11607=DIRECTION('',(0.,0.,1.));
#11608=DIRECTION('',(0.,0.,-1.));
#11609=DIRECTION('',(0.,0.,1.));
#11610=DIRECTION('',(0.,0.,-1.));
#11611=DIRECTION('',(0.,0.,1.));
#11612=DIRECTION('',(0.,0.,-1.));
#11613=DIRECTION('',(0.,0.,1.));
#11614=DIRECTION('',(0.,0.,-1.));
#11615=DIRECTION('',(0.,0.,1.));
#11616=DIRECTION('',(-0.707106781186548,0.,-0.707106781186547));
#11617=DIRECTION('center_axis',(0.,1.,0.));
#11618=DIRECTION('ref_axis',(-1.,0.,0.));
#11619=DIRECTION('center_axis',(-0.999999999999999,0.,-3.49245950742883E-8));
#11620=DIRECTION('ref_axis',(2.46954174792595E-8,0.707106781186547,-0.707106781186547));
#11621=DIRECTION('center_axis',(0.999999999999999,0.,3.49245951603017E-8));
#11622=DIRECTION('ref_axis',(2.46954174792595E-8,0.707106781186547,-0.707106781186547));
#11623=DIRECTION('center_axis',(-0.999999999999999,0.,-3.49245948827459E-8));
#11624=DIRECTION('ref_axis',(2.46954174792595E-8,0.707106781186547,-0.707106781186547));
#11625=DIRECTION('center_axis',(-1.,0.,0.));
#11626=DIRECTION('ref_axis',(0.,0.707106781186547,-0.707106781186548));
#11627=DIRECTION('',(-0.999999999999999,0.,-3.49245950742883E-8));
#11628=DIRECTION('center_axis',(1.,0.,0.));
#11629=DIRECTION('ref_axis',(0.,0.707106781186547,-0.707106781186548));
#11630=DIRECTION('center_axis',(0.999999999999999,0.,3.49245951603017E-8));
#11631=DIRECTION('ref_axis',(0.,1.,0.));
#11632=DIRECTION('',(0.,0.,1.));
#11633=DIRECTION('',(0.,-1.,0.));
#11634=DIRECTION('',(0.,1.,0.));
#11635=DIRECTION('center_axis',(-1.,0.,0.));
#11636=DIRECTION('ref_axis',(0.,0.,-1.));
#11637=DIRECTION('',(0.,-1.,0.));
#11638=DIRECTION('',(0.,0.,-1.));
#11639=DIRECTION('',(0.,-1.,0.));
#11640=DIRECTION('center_axis',(3.49245950742883E-8,0.,-0.999999999999999));
#11641=DIRECTION('ref_axis',(-0.999999999999999,0.,-3.49245950742883E-8));
#11642=DIRECTION('',(0.,-1.,0.));
#11643=DIRECTION('center_axis',(-3.49245950742883E-8,0.,0.999999999999999));
#11644=DIRECTION('ref_axis',(0.707106781186548,-0.707106781186546,2.46954180072236E-8));
#11645=DIRECTION('',(0.999999999999999,0.,3.49245950742883E-8));
#11646=DIRECTION('center_axis',(-3.49245950742883E-8,0.,0.999999999999999));
#11647=DIRECTION('ref_axis',(-0.707106781186548,-0.707106781186546,-2.46954180072236E-8));
#11648=DIRECTION('center_axis',(-0.999999999999999,0.,-3.49245950742883E-8));
#11649=DIRECTION('ref_axis',(2.46954174792595E-8,0.707106781186547,-0.707106781186547));
#11650=DIRECTION('center_axis',(0.999999999999999,0.,3.49245954378574E-8));
#11651=DIRECTION('ref_axis',(2.46954174792595E-8,0.707106781186547,-0.707106781186547));
#11652=DIRECTION('center_axis',(-0.999999999999999,0.,-3.49245951603017E-8));
#11653=DIRECTION('ref_axis',(2.46954174792595E-8,0.707106781186547,-0.707106781186547));
#11654=DIRECTION('center_axis',(-1.,0.,0.));
#11655=DIRECTION('ref_axis',(0.,0.707106781186547,-0.707106781186548));
#11656=DIRECTION('',(-0.999999999999999,0.,-3.49245950742883E-8));
#11657=DIRECTION('center_axis',(1.,0.,0.));
#11658=DIRECTION('ref_axis',(0.,0.,1.));
#11659=DIRECTION('',(0.,0.,-1.));
#11660=DIRECTION('',(0.,-1.,0.));
#11661=DIRECTION('',(0.,-1.,0.));
#11662=DIRECTION('',(0.,0.,1.));
#11663=DIRECTION('',(0.,-1.,0.));
#11664=DIRECTION('center_axis',(-0.999999999999999,0.,-3.49245951603017E-8));
#11665=DIRECTION('ref_axis',(0.,-1.,0.));
#11666=DIRECTION('',(0.,-1.,0.));
#11667=DIRECTION('center_axis',(-0.999999999999999,0.,-3.49245950742883E-8));
#11668=DIRECTION('ref_axis',(2.46954174792595E-8,0.707106781186547,-0.707106781186547));
#11669=DIRECTION('center_axis',(0.707106781186548,0.,0.707106781186548));
#11670=DIRECTION('ref_axis',(0.707106781186547,9.81307820949136E-17,-0.707106781186547));
#11671=DIRECTION('center_axis',(-0.999999999999999,0.,-3.49245954378574E-8));
#11672=DIRECTION('ref_axis',(2.46954174792595E-8,0.707106781186547,-0.707106781186547));
#11673=DIRECTION('',(-0.999999999999999,0.,-3.49245950742883E-8));
#11674=DIRECTION('center_axis',(1.,0.,0.));
#11675=DIRECTION('ref_axis',(0.,0.707106781186547,-0.707106781186548));
#11676=DIRECTION('',(-0.999999999999999,0.,-3.49245950742883E-8));
#11677=DIRECTION('center_axis',(0.,1.,0.));
#11678=DIRECTION('ref_axis',(1.,0.,0.));
#11679=DIRECTION('',(0.,0.,1.));
#11680=DIRECTION('',(-1.,0.,0.));
#11681=DIRECTION('',(-0.707106781186548,0.,-0.707106781186547));
#11682=DIRECTION('',(0.,0.,-1.));
#11683=DIRECTION('',(1.,0.,0.));
#11684=DIRECTION('',(0.,0.,-1.));
#11685=DIRECTION('',(0.707106781186547,0.,-0.707106781186547));
#11686=DIRECTION('',(1.,0.,0.));
#11687=DIRECTION('',(0.,0.,1.));
#11688=DIRECTION('',(1.,0.,0.));
#11689=DIRECTION('',(0.707106781186547,0.,0.707106781186547));
#11690=DIRECTION('',(0.,0.,1.));
#11691=DIRECTION('',(1.,0.,0.));
#11692=DIRECTION('',(0.,0.,1.));
#11693=DIRECTION('',(-0.707106781186547,0.,0.707106781186547));
#11694=DIRECTION('center_axis',(0.,1.,0.));
#11695=DIRECTION('ref_axis',(1.,0.,0.));
#11696=DIRECTION('center_axis',(-1.,0.,0.));
#11697=DIRECTION('ref_axis',(0.,0.,-1.));
#11698=DIRECTION('',(0.,-1.,0.));
#11699=DIRECTION('',(0.,0.,-1.));
#11700=DIRECTION('',(0.,-1.,0.));
#11701=DIRECTION('center_axis',(-1.,0.,0.));
#11702=DIRECTION('ref_axis',(0.,0.707106781186548,-0.707106781186548));
#11703=DIRECTION('center_axis',(3.49245950742883E-8,0.,-0.999999999999999));
#11704=DIRECTION('ref_axis',(-0.999999999999999,0.,-3.49245950742883E-8));
#11705=DIRECTION('center_axis',(-3.49245950742883E-8,0.,0.999999999999999));
#11706=DIRECTION('ref_axis',(0.707106781186548,-0.707106781186547,2.46954180072236E-8));
#11707=DIRECTION('',(0.999999999999999,0.,3.49245950742883E-8));
#11708=DIRECTION('center_axis',(-3.49245950742883E-8,0.,0.999999999999999));
#11709=DIRECTION('ref_axis',(-0.70710678118655,-0.707106781186544,-2.46954180072237E-8));
#11710=DIRECTION('',(0.,-1.,0.));
#11711=DIRECTION('center_axis',(3.49245950742883E-8,0.,-0.999999999999999));
#11712=DIRECTION('ref_axis',(-0.707106781186546,-0.707106781186549,-2.4695419049352E-8));
#11713=DIRECTION('',(0.999999999999999,0.,3.49245950742883E-8));
#11714=DIRECTION('center_axis',(3.49245950742883E-8,0.,-0.999999999999999));
#11715=DIRECTION('ref_axis',(0.707106781186546,-0.707106781186549,2.4695419049352E-8));
#11716=DIRECTION('',(0.,1.,0.));
#11717=DIRECTION('center_axis',(0.,0.,1.));
#11718=DIRECTION('ref_axis',(-0.707106781186548,0.707106781186548,0.));
#11719=DIRECTION('center_axis',(0.707106781186548,0.,-0.707106781186548));
#11720=DIRECTION('ref_axis',(-0.707106781186547,4.9065389333868E-17,-0.707106781186547));
#11721=DIRECTION('center_axis',(0.,0.,1.));
#11722=DIRECTION('ref_axis',(-0.707106781186548,0.707106781186548,0.));
#11723=DIRECTION('',(0.,0.,1.));
#11724=DIRECTION('center_axis',(0.,0.,-1.));
#11725=DIRECTION('ref_axis',(-0.707106781186548,0.707106781186548,0.));
#11726=DIRECTION('center_axis',(0.,0.,1.));
#11727=DIRECTION('ref_axis',(-1.,0.,0.));
#11728=DIRECTION('',(0.,-1.,0.));
#11729=DIRECTION('',(-1.,0.,0.));
#11730=DIRECTION('',(0.,-1.,0.));
#11731=DIRECTION('center_axis',(0.,0.,1.));
#11732=DIRECTION('ref_axis',(-0.707106781186548,0.707106781186548,0.));
#11733=DIRECTION('center_axis',(-1.,0.,0.));
#11734=DIRECTION('ref_axis',(0.,0.,1.));
#11735=DIRECTION('',(0.,-1.,0.));
#11736=DIRECTION('center_axis',(-1.,0.,0.));
#11737=DIRECTION('ref_axis',(0.,-0.707106781186548,0.707106781186548));
#11738=DIRECTION('',(0.,0.,-1.));
#11739=DIRECTION('center_axis',(-1.,0.,0.));
#11740=DIRECTION('ref_axis',(0.,-0.707106781186548,-0.707106781186548));
#11741=DIRECTION('',(0.,1.,0.));
#11742=DIRECTION('',(0.,0.,1.));
#11743=DIRECTION('',(0.,-1.,0.));
#11744=DIRECTION('center_axis',(1.,0.,0.));
#11745=DIRECTION('ref_axis',(0.,-0.707106781186548,-0.707106781186547));
#11746=DIRECTION('',(0.,0.,-1.));
#11747=DIRECTION('center_axis',(1.,0.,0.));
#11748=DIRECTION('ref_axis',(0.,-0.707106781186546,0.707106781186549));
#11749=DIRECTION('center_axis',(0.,0.,1.));
#11750=DIRECTION('ref_axis',(-0.707106781186548,0.707106781186548,0.));
#11751=DIRECTION('center_axis',(0.,0.,-1.));
#11752=DIRECTION('ref_axis',(-0.707106781186548,0.707106781186548,0.));
#11753=DIRECTION('center_axis',(0.,0.,1.));
#11754=DIRECTION('ref_axis',(-0.707106781186548,0.707106781186548,0.));
#11755=DIRECTION('center_axis',(0.,0.,-1.));
#11756=DIRECTION('ref_axis',(1.,0.,0.));
#11757=DIRECTION('',(0.,-1.,0.));
#11758=DIRECTION('center_axis',(0.,0.,-1.));
#11759=DIRECTION('ref_axis',(-0.500001211185008,0.866024704505319,0.));
#11760=DIRECTION('',(0.,-1.,0.));
#11761=DIRECTION('',(1.,0.,0.));
#11762=DIRECTION('center_axis',(0.,0.,1.));
#11763=DIRECTION('ref_axis',(-0.707106781186548,0.707106781186548,0.));
#11764=DIRECTION('center_axis',(0.,0.,-1.));
#11765=DIRECTION('ref_axis',(-0.707106781186548,0.707106781186548,0.));
#11766=DIRECTION('center_axis',(0.,0.,1.));
#11767=DIRECTION('ref_axis',(-0.707106781186548,0.707106781186548,0.));
#11768=DIRECTION('',(0.,0.,1.));
#11769=DIRECTION('center_axis',(0.,0.,1.));
#11770=DIRECTION('ref_axis',(-1.,0.,0.));
#11771=DIRECTION('',(0.,1.,0.));
#11772=DIRECTION('',(-1.,0.,0.));
#11773=DIRECTION('',(0.,-1.,0.));
#11774=DIRECTION('center_axis',(0.,0.,1.));
#11775=DIRECTION('ref_axis',(-0.5,0.866025403784438,0.));
#11776=DIRECTION('',(0.,1.,0.));
#11777=DIRECTION('center_axis',(-1.,0.,0.));
#11778=DIRECTION('ref_axis',(0.,0.,1.));
#11779=DIRECTION('',(0.,-1.,0.));
#11780=DIRECTION('center_axis',(1.,0.,0.));
#11781=DIRECTION('ref_axis',(0.,-0.707106781186548,-0.707106781186548));
#11782=DIRECTION('',(0.,0.,-1.));
#11783=DIRECTION('center_axis',(1.,0.,0.));
#11784=DIRECTION('ref_axis',(0.,-0.707106781186548,0.707106781186548));
#11785=DIRECTION('center_axis',(0.,0.,1.));
#11786=DIRECTION('ref_axis',(-0.707106781186548,0.707106781186548,0.));
#11787=DIRECTION('center_axis',(0.,0.,-1.));
#11788=DIRECTION('ref_axis',(-0.707106781186548,0.707106781186548,0.));
#11789=DIRECTION('center_axis',(0.,0.,1.));
#11790=DIRECTION('ref_axis',(-0.707106781186548,0.707106781186548,0.));
#11791=DIRECTION('',(0.,0.,1.));
#11792=DIRECTION('center_axis',(0.,0.,1.));
#11793=DIRECTION('ref_axis',(0.,-1.,0.));
#11794=DIRECTION('',(0.,-1.,0.));
#11795=DIRECTION('center_axis',(0.,0.,-1.));
#11796=DIRECTION('ref_axis',(-0.500001211185008,0.866024704505319,0.));
#11797=DIRECTION('',(0.,1.,0.));
#11798=DIRECTION('',(1.,0.,0.));
#11799=DIRECTION('',(0.,-1.,0.));
#11800=DIRECTION('center_axis',(0.,0.,1.));
#11801=DIRECTION('ref_axis',(-0.707106781186548,0.707106781186548,0.));
#11802=DIRECTION('center_axis',(0.,0.,1.));
#11803=DIRECTION('ref_axis',(-0.707106781186548,0.707106781186548,0.));
#11804=DIRECTION('',(0.,0.,1.));
#11805=DIRECTION('center_axis',(0.,0.,-1.));
#11806=DIRECTION('ref_axis',(-0.707106781186548,0.707106781186548,0.));
#11807=DIRECTION('center_axis',(0.707106781186548,0.,0.707106781186548));
#11808=DIRECTION('ref_axis',(-0.707106781186547,4.9065389333868E-17,0.707106781186547));
#11809=DIRECTION('',(0.,0.,1.));
#11810=DIRECTION('center_axis',(-1.,0.,0.));
#11811=DIRECTION('ref_axis',(0.,0.,1.));
#11812=DIRECTION('center_axis',(-1.,0.,0.));
#11813=DIRECTION('ref_axis',(0.,-0.707106781186548,0.707106781186548));
#11814=DIRECTION('',(0.,0.,-1.));
#11815=DIRECTION('center_axis',(-1.,0.,0.));
#11816=DIRECTION('ref_axis',(0.,-0.707106781186548,-0.707106781186548));
#11817=DIRECTION('',(0.,1.,0.));
#11818=DIRECTION('',(0.,-1.,0.));
#11819=DIRECTION('center_axis',(1.,0.,0.));
#11820=DIRECTION('ref_axis',(0.,-0.707106781186546,-0.707106781186549));
#11821=DIRECTION('',(0.,0.,-1.));
#11822=DIRECTION('center_axis',(1.,0.,0.));
#11823=DIRECTION('ref_axis',(0.,-0.707106781186548,0.707106781186547));
#11824=DIRECTION('',(0.,1.,0.));
#11825=DIRECTION('center_axis',(0.,0.,-1.));
#11826=DIRECTION('ref_axis',(1.,0.,0.));
#11827=DIRECTION('',(-1.,0.,0.));
#11828=DIRECTION('center_axis',(0.,0.,-1.));
#11829=DIRECTION('ref_axis',(-0.500001211185008,0.866024704505319,0.));
#11830=DIRECTION('',(0.,-1.,0.));
#11831=DIRECTION('',(1.,0.,0.));
#11832=DIRECTION('center_axis',(0.,1.,0.));
#11833=DIRECTION('ref_axis',(1.,0.,0.));
#11834=DIRECTION('',(-0.707106781186547,0.,0.707106781186547));
#11835=DIRECTION('',(0.,0.,1.));
#11836=DIRECTION('center_axis',(0.,0.,-1.));
#11837=DIRECTION('ref_axis',(0.707106781186548,0.707106781186548,0.));
#11838=DIRECTION('center_axis',(-0.707106781186547,0.,0.707106781186548));
#11839=DIRECTION('ref_axis',(0.707106781186548,4.9065389333868E-17,0.707106781186547));
#11840=DIRECTION('center_axis',(0.,0.,-1.));
#11841=DIRECTION('ref_axis',(0.707106781186548,0.707106781186548,0.));
#11842=DIRECTION('',(0.,0.,-1.));
#11843=DIRECTION('center_axis',(0.,0.,1.));
#11844=DIRECTION('ref_axis',(0.707106781186548,0.707106781186548,0.));
#11845=DIRECTION('',(0.,0.,-1.));
#11846=DIRECTION('center_axis',(0.,1.,0.));
#11847=DIRECTION('ref_axis',(1.,0.,0.));
#11848=DIRECTION('',(-1.,0.,0.));
#11849=DIRECTION('',(0.,0.,-1.));
#11850=DIRECTION('',(-0.707106781186548,0.,-0.707106781186547));
#11851=DIRECTION('center_axis',(0.,0.,-1.));
#11852=DIRECTION('ref_axis',(1.,0.,0.));
#11853=DIRECTION('',(0.,-1.,0.));
#11854=DIRECTION('',(1.,0.,0.));
#11855=DIRECTION('',(0.,-1.,0.));
#11856=DIRECTION('center_axis',(0.,0.,-1.));
#11857=DIRECTION('ref_axis',(0.500001211185008,0.866024704505319,0.));
#11858=DIRECTION('center_axis',(1.,0.,0.));
#11859=DIRECTION('ref_axis',(0.,0.,-1.));
#11860=DIRECTION('',(0.,-1.,0.));
#11861=DIRECTION('center_axis',(1.,0.,0.));
#11862=DIRECTION('ref_axis',(0.,-0.707106781186548,-0.707106781186548));
#11863=DIRECTION('',(0.,0.,1.));
#11864=DIRECTION('center_axis',(1.,0.,0.));
#11865=DIRECTION('ref_axis',(0.,-0.707106781186548,0.707106781186548));
#11866=DIRECTION('',(0.,1.,0.));
#11867=DIRECTION('',(0.,0.,-1.));
#11868=DIRECTION('',(0.,-1.,0.));
#11869=DIRECTION('center_axis',(-1.,0.,0.));
#11870=DIRECTION('ref_axis',(0.,-0.707106781186548,0.707106781186547));
#11871=DIRECTION('',(0.,0.,1.));
#11872=DIRECTION('center_axis',(-1.,0.,0.));
#11873=DIRECTION('ref_axis',(0.,-0.707106781186546,-0.707106781186549));
#11874=DIRECTION('center_axis',(0.,0.,-1.));
#11875=DIRECTION('ref_axis',(0.707106781186548,0.707106781186548,0.));
#11876=DIRECTION('center_axis',(0.,0.,1.));
#11877=DIRECTION('ref_axis',(0.707106781186548,0.707106781186548,0.));
#11878=DIRECTION('center_axis',(0.,0.,-1.));
#11879=DIRECTION('ref_axis',(0.707106781186548,0.707106781186548,0.));
#11880=DIRECTION('center_axis',(0.,0.,1.));
#11881=DIRECTION('ref_axis',(-1.,0.,0.));
#11882=DIRECTION('',(0.,-1.,0.));
#11883=DIRECTION('center_axis',(0.,0.,1.));
#11884=DIRECTION('ref_axis',(0.500001211185008,0.866024704505319,0.));
#11885=DIRECTION('',(0.,-1.,0.));
#11886=DIRECTION('',(-1.,0.,0.));
#11887=DIRECTION('center_axis',(0.,0.,-1.));
#11888=DIRECTION('ref_axis',(0.707106781186548,0.707106781186548,0.));
#11889=DIRECTION('center_axis',(0.,0.,-1.));
#11890=DIRECTION('ref_axis',(0.707106781186548,0.707106781186548,0.));
#11891=DIRECTION('',(0.,0.,-1.));
#11892=DIRECTION('center_axis',(0.,0.,1.));
#11893=DIRECTION('ref_axis',(0.707106781186548,0.707106781186548,0.));
#11894=DIRECTION('center_axis',(0.,0.,-1.));
#11895=DIRECTION('ref_axis',(0.707106781186548,0.707106781186548,0.));
#11896=DIRECTION('center_axis',(1.,0.,0.));
#11897=DIRECTION('ref_axis',(0.,0.,-1.));
#11898=DIRECTION('',(0.,-1.,0.));
#11899=DIRECTION('center_axis',(-1.,0.,0.));
#11900=DIRECTION('ref_axis',(0.,-0.707106781186548,0.707106781186547));
#11901=DIRECTION('',(0.,0.,1.));
#11902=DIRECTION('center_axis',(-1.,0.,0.));
#11903=DIRECTION('ref_axis',(0.,-0.707106781186548,-0.707106781186547));
#11904=DIRECTION('',(0.,1.,0.));
#11905=DIRECTION('center_axis',(0.,0.,1.));
#11906=DIRECTION('ref_axis',(-1.,0.,0.));
#11907=DIRECTION('',(1.,0.,0.));
#11908=DIRECTION('',(0.,-1.,0.));
#11909=DIRECTION('',(-1.,0.,0.));
#11910=DIRECTION('center_axis',(0.,0.,-1.));
#11911=DIRECTION('ref_axis',(0.707106781186548,0.707106781186548,0.));
#11912=DIRECTION('center_axis',(0.,0.,1.));
#11913=DIRECTION('ref_axis',(0.707106781186548,0.707106781186548,0.));
#11914=DIRECTION('center_axis',(0.,0.,-1.));
#11915=DIRECTION('ref_axis',(0.707106781186548,0.707106781186548,0.));
#11916=DIRECTION('',(0.,0.,-1.));
#11917=DIRECTION('center_axis',(0.,0.,-1.));
#11918=DIRECTION('ref_axis',(0.,-1.,0.));
#11919=DIRECTION('',(0.,-1.,0.));
#11920=DIRECTION('center_axis',(0.,0.,1.));
#11921=DIRECTION('ref_axis',(0.500001211185008,0.866024704505319,0.));
#11922=DIRECTION('',(0.,1.,0.));
#11923=DIRECTION('',(-1.,0.,0.));
#11924=DIRECTION('',(0.,-1.,0.));
#11925=DIRECTION('center_axis',(0.,0.,-1.));
#11926=DIRECTION('ref_axis',(0.707106781186548,0.707106781186548,0.));
#11927=DIRECTION('center_axis',(0.,0.,-1.));
#11928=DIRECTION('ref_axis',(0.707106781186548,0.707106781186548,0.));
#11929=DIRECTION('',(0.,0.,-1.));
#11930=DIRECTION('center_axis',(0.,0.,1.));
#11931=DIRECTION('ref_axis',(0.707106781186548,0.707106781186548,0.));
#11932=DIRECTION('center_axis',(-0.707106781186548,0.,-0.707106781186548));
#11933=DIRECTION('ref_axis',(0.707106781186547,4.9065389333868E-17,-0.707106781186547));
#11934=DIRECTION('center_axis',(1.,0.,0.));
#11935=DIRECTION('ref_axis',(0.,0.,-1.));
#11936=DIRECTION('center_axis',(1.,0.,0.));
#11937=DIRECTION('ref_axis',(0.,-0.707106781186548,-0.707106781186548));
#11938=DIRECTION('',(0.,0.,1.));
#11939=DIRECTION('center_axis',(1.,0.,0.));
#11940=DIRECTION('ref_axis',(0.,-0.707106781186548,0.707106781186548));
#11941=DIRECTION('',(0.,1.,0.));
#11942=DIRECTION('',(0.,-1.,0.));
#11943=DIRECTION('center_axis',(-1.,0.,0.));
#11944=DIRECTION('ref_axis',(0.,-0.707106781186546,0.707106781186549));
#11945=DIRECTION('',(0.,0.,1.));
#11946=DIRECTION('center_axis',(-1.,0.,0.));
#11947=DIRECTION('ref_axis',(0.,-0.707106781186548,-0.707106781186547));
#11948=DIRECTION('',(0.,1.,0.));
#11949=DIRECTION('center_axis',(0.,0.,1.));
#11950=DIRECTION('ref_axis',(-1.,0.,0.));
#11951=DIRECTION('center_axis',(0.,0.,1.));
#11952=DIRECTION('ref_axis',(0.707106781186548,0.707106781186548,0.));
#11953=DIRECTION('',(0.,-1.,0.));
#11954=DIRECTION('',(-1.,0.,0.));
#11955=DIRECTION('center_axis',(1.,0.,0.));
#11956=DIRECTION('ref_axis',(0.,0.707106781186548,0.707106781186548));
#11957=DIRECTION('center_axis',(-0.707106781186548,0.,-0.707106781186548));
#11958=DIRECTION('ref_axis',(-0.707106781186547,4.9065389333868E-17,0.707106781186547));
#11959=DIRECTION('center_axis',(1.,0.,0.));
#11960=DIRECTION('ref_axis',(0.,0.707106781186548,0.707106781186548));
#11961=DIRECTION('',(1.,0.,0.));
#11962=DIRECTION('center_axis',(-1.,0.,0.));
#11963=DIRECTION('ref_axis',(0.,0.707106781186548,0.707106781186548));
#11964=DIRECTION('',(1.,0.,0.));
#11965=DIRECTION('center_axis',(0.,1.,0.));
#11966=DIRECTION('ref_axis',(1.,0.,0.));
#11967=DIRECTION('',(0.,0.,-1.));
#11968=DIRECTION('',(1.,0.,0.));
#11969=DIRECTION('',(0.707106781186547,0.,-0.707106781186547));
#11970=DIRECTION('center_axis',(1.,0.,0.));
#11971=DIRECTION('ref_axis',(0.,0.,1.));
#11972=DIRECTION('',(0.,-1.,0.));
#11973=DIRECTION('',(0.,0.,1.));
#11974=DIRECTION('',(0.,-1.,0.));
#11975=DIRECTION('center_axis',(1.,0.,0.));
#11976=DIRECTION('ref_axis',(0.,0.866024704505319,0.500001211185008));
#11977=DIRECTION('center_axis',(0.,0.,1.));
#11978=DIRECTION('ref_axis',(1.,0.,0.));
#11979=DIRECTION('',(0.,-1.,0.));
#11980=DIRECTION('center_axis',(0.,0.,1.));
#11981=DIRECTION('ref_axis',(0.707106781186548,-0.707106781186548,0.));
#11982=DIRECTION('',(-1.,0.,0.));
#11983=DIRECTION('center_axis',(0.,0.,1.));
#11984=DIRECTION('ref_axis',(-0.707106781186548,-0.707106781186548,0.));
#11985=DIRECTION('',(0.,1.,0.));
#11986=DIRECTION('',(1.,0.,0.));
#11987=DIRECTION('',(0.,-1.,0.));
#11988=DIRECTION('center_axis',(0.,0.,-1.));
#11989=DIRECTION('ref_axis',(-0.707106781186548,-0.707106781186547,0.));
#11990=DIRECTION('',(-1.,0.,0.));
#11991=DIRECTION('center_axis',(0.,0.,-1.));
#11992=DIRECTION('ref_axis',(0.707106781186551,-0.707106781186544,0.));
#11993=DIRECTION('center_axis',(1.,0.,0.));
#11994=DIRECTION('ref_axis',(0.,0.707106781186548,0.707106781186548));
#11995=DIRECTION('center_axis',(-1.,0.,0.));
#11996=DIRECTION('ref_axis',(0.,0.707106781186548,0.707106781186548));
#11997=DIRECTION('center_axis',(1.,0.,0.));
#11998=DIRECTION('ref_axis',(0.,0.707106781186548,0.707106781186548));
#11999=DIRECTION('center_axis',(-1.,0.,0.));
#12000=DIRECTION('ref_axis',(0.,0.,-1.));
#12001=DIRECTION('',(0.,-1.,0.));
#12002=DIRECTION('center_axis',(-1.,0.,0.));
#12003=DIRECTION('ref_axis',(0.,0.866024704505319,0.500001211185008));
#12004=DIRECTION('',(0.,-1.,0.));
#12005=DIRECTION('',(0.,0.,-1.));
#12006=DIRECTION('center_axis',(1.,0.,0.));
#12007=DIRECTION('ref_axis',(0.,0.707106781186548,0.707106781186548));
#12008=DIRECTION('center_axis',(1.,0.,0.));
#12009=DIRECTION('ref_axis',(0.,0.707106781186548,0.707106781186548));
#12010=DIRECTION('',(1.,0.,0.));
#12011=DIRECTION('center_axis',(-1.,0.,0.));
#12012=DIRECTION('ref_axis',(0.,0.707106781186548,0.707106781186548));
#12013=DIRECTION('center_axis',(0.707106781186548,0.,-0.707106781186548));
#12014=DIRECTION('ref_axis',(0.707106781186547,4.9065389333868E-17,0.707106781186547));
#12015=DIRECTION('center_axis',(-0.707106781186548,0.,0.707106781186548));
#12016=DIRECTION('ref_axis',(0.707106781186548,0.,0.707106781186548));
#12017=DIRECTION('center_axis',(1.,0.,0.));
#12018=DIRECTION('ref_axis',(0.,0.707106781186548,0.707106781186548));
#12019=DIRECTION('center_axis',(-1.,0.,0.));
#12020=DIRECTION('ref_axis',(0.,0.707106781186548,0.707106781186548));
#12021=DIRECTION('center_axis',(1.,0.,0.));
#12022=DIRECTION('ref_axis',(0.,0.707106781186548,0.707106781186548));
#12023=DIRECTION('',(1.,0.,0.));
#12024=DIRECTION('center_axis',(1.,0.,0.));
#12025=DIRECTION('ref_axis',(0.,0.,1.));
#12026=DIRECTION('',(0.,1.,0.));
#12027=DIRECTION('',(0.,0.,1.));
#12028=DIRECTION('',(0.,-1.,0.));
#12029=DIRECTION('center_axis',(1.,0.,0.));
#12030=DIRECTION('ref_axis',(0.,0.866024704505319,0.500001211185008));
#12031=DIRECTION('',(0.,1.,0.));
#12032=DIRECTION('center_axis',(0.,0.,1.));
#12033=DIRECTION('ref_axis',(1.,0.,0.));
#12034=DIRECTION('',(0.,-1.,0.));
#12035=DIRECTION('center_axis',(0.,0.,-1.));
#12036=DIRECTION('ref_axis',(-0.707106781186551,-0.707106781186544,0.));
#12037=DIRECTION('',(-1.,0.,0.));
#12038=DIRECTION('center_axis',(0.,0.,-1.));
#12039=DIRECTION('ref_axis',(0.707106781186548,-0.707106781186547,0.));
#12040=DIRECTION('',(0.,-1.,0.));
#12041=DIRECTION('center_axis',(0.,0.,1.));
#12042=DIRECTION('ref_axis',(0.707106781186548,-0.707106781186548,0.));
#12043=DIRECTION('',(-1.,0.,0.));
#12044=DIRECTION('center_axis',(0.,0.,1.));
#12045=DIRECTION('ref_axis',(-0.707106781186548,-0.707106781186548,0.));
#12046=DIRECTION('',(0.,1.,0.));
#12047=DIRECTION('center_axis',(1.,0.,0.));
#12048=DIRECTION('ref_axis',(0.,0.707106781186548,0.707106781186548));
#12049=DIRECTION('center_axis',(-1.,0.,0.));
#12050=DIRECTION('ref_axis',(0.,0.707106781186548,0.707106781186548));
#12051=DIRECTION('center_axis',(1.,0.,0.));
#12052=DIRECTION('ref_axis',(0.,0.707106781186548,0.707106781186548));
#12053=DIRECTION('',(1.,0.,0.));
#12054=DIRECTION('center_axis',(1.,0.,0.));
#12055=DIRECTION('ref_axis',(0.,0.,1.));
#12056=DIRECTION('',(0.,1.,0.));
#12057=DIRECTION('',(0.,0.,1.));
#12058=DIRECTION('',(0.,-1.,0.));
#12059=DIRECTION('center_axis',(1.,0.,0.));
#12060=DIRECTION('ref_axis',(0.,0.866025403784438,0.5));
#12061=DIRECTION('',(0.,1.,0.));
#12062=DIRECTION('center_axis',(0.,0.,1.));
#12063=DIRECTION('ref_axis',(1.,0.,0.));
#12064=DIRECTION('',(0.,-1.,0.));
#12065=DIRECTION('center_axis',(0.,0.,-1.));
#12066=DIRECTION('ref_axis',(-0.707106781186549,-0.707106781186546,0.));
#12067=DIRECTION('',(-1.,0.,0.));
#12068=DIRECTION('center_axis',(0.,0.,-1.));
#12069=DIRECTION('ref_axis',(0.707106781186549,-0.707106781186546,0.));
#12070=DIRECTION('center_axis',(0.,0.,-1.));
#12071=DIRECTION('ref_axis',(0.500001211185008,0.866024704505319,0.));
#12072=DIRECTION('',(0.,0.,1.));
#12073=DIRECTION('center_axis',(0.,0.,1.));
#12074=DIRECTION('ref_axis',(0.500001211185008,0.866024704505319,0.));
#12075=DIRECTION('',(0.,0.,-1.));
#12076=DIRECTION('center_axis',(0.,0.,-1.));
#12077=DIRECTION('ref_axis',(0.500001211185008,0.866024704505319,0.));
#12078=DIRECTION('center_axis',(0.,0.,-1.));
#12079=DIRECTION('ref_axis',(0.500001211185008,0.866024704505319,0.));
#12080=DIRECTION('',(0.,0.,1.));
#12081=DIRECTION('',(0.,0.,-1.));
#12082=DIRECTION('center_axis',(0.,0.,-1.));
#12083=DIRECTION('ref_axis',(0.500001211185008,0.866024704505319,0.));
#12084=DIRECTION('center_axis',(0.,0.,-1.));
#12085=DIRECTION('ref_axis',(0.500001211185008,0.866024704505319,0.));
#12086=DIRECTION('',(0.,0.,1.));
#12087=DIRECTION('center_axis',(0.,0.,1.));
#12088=DIRECTION('ref_axis',(0.500001211185008,0.866024704505319,0.));
#12089=DIRECTION('',(0.,0.,-1.));
#12090=DIRECTION('center_axis',(0.,0.,-1.));
#12091=DIRECTION('ref_axis',(0.500001211185008,0.866024704505319,0.));
#12092=DIRECTION('center_axis',(0.,0.,-1.));
#12093=DIRECTION('ref_axis',(0.500001211185008,0.866024704505319,0.));
#12094=DIRECTION('',(0.,0.,1.));
#12095=DIRECTION('',(0.,0.,-1.));
#12096=DIRECTION('center_axis',(0.,0.,1.));
#12097=DIRECTION('ref_axis',(0.707106781186548,0.707106781186548,0.));
#12098=DIRECTION('center_axis',(0.,0.,-1.));
#12099=DIRECTION('ref_axis',(0.707106781186548,0.707106781186548,0.));
#12100=DIRECTION('',(0.,0.,1.));
#12101=DIRECTION('center_axis',(0.707106781186547,0.,-0.707106781186548));
#12102=DIRECTION('ref_axis',(0.707106781186548,4.9065389333868E-17,0.707106781186547));
#12103=DIRECTION('',(0.,0.,1.));
#12104=DIRECTION('center_axis',(-1.,0.,0.));
#12105=DIRECTION('ref_axis',(0.,0.,-1.));
#12106=DIRECTION('',(0.,-1.,0.));
#12107=DIRECTION('center_axis',(1.,0.,0.));
#12108=DIRECTION('ref_axis',(0.,-0.707106781186548,-0.707106781186547));
#12109=DIRECTION('',(0.,0.,-1.));
#12110=DIRECTION('center_axis',(1.,0.,0.));
#12111=DIRECTION('ref_axis',(0.,-0.707106781186546,0.707106781186549));
#12112=DIRECTION('',(0.,-1.,0.));
#12113=DIRECTION('center_axis',(-1.,0.,0.));
#12114=DIRECTION('ref_axis',(0.,-0.707106781186548,0.707106781186548));
#12115=DIRECTION('',(0.,0.,-1.));
#12116=DIRECTION('center_axis',(-1.,0.,0.));
#12117=DIRECTION('ref_axis',(0.,-0.707106781186548,-0.707106781186548));
#12118=DIRECTION('center_axis',(1.,0.,0.));
#12119=DIRECTION('ref_axis',(0.,0.866024704505319,0.500001211185008));
#12120=DIRECTION('',(-1.,0.,0.));
#12121=DIRECTION('center_axis',(-1.,0.,0.));
#12122=DIRECTION('ref_axis',(0.,0.866024704505319,0.500001211185008));
#12123=DIRECTION('',(1.,0.,0.));
#12124=DIRECTION('center_axis',(1.,0.,0.));
#12125=DIRECTION('ref_axis',(0.,0.866024704505319,0.500001211185008));
#12126=DIRECTION('center_axis',(1.,0.,0.));
#12127=DIRECTION('ref_axis',(0.,0.866024704505319,0.500001211185008));
#12128=DIRECTION('',(-1.,0.,0.));
#12129=DIRECTION('',(1.,0.,0.));
#12130=DIRECTION('center_axis',(1.,0.,0.));
#12131=DIRECTION('ref_axis',(0.,0.866025403784438,0.5));
#12132=DIRECTION('',(-1.,0.,0.));
#12133=DIRECTION('center_axis',(-1.,0.,0.));
#12134=DIRECTION('ref_axis',(0.,0.866025403784438,0.5));
#12135=DIRECTION('',(1.,0.,0.));
#12136=DIRECTION('center_axis',(1.,0.,0.));
#12137=DIRECTION('ref_axis',(0.,0.866024704505319,0.500001211185008));
#12138=DIRECTION('',(-1.,0.,0.));
#12139=DIRECTION('center_axis',(-1.,0.,0.));
#12140=DIRECTION('ref_axis',(0.,0.866024704505319,0.500001211185008));
#12141=DIRECTION('',(1.,0.,0.));
#12142=DIRECTION('center_axis',(-1.,0.,0.));
#12143=DIRECTION('ref_axis',(0.,0.707106781186548,0.707106781186548));
#12144=DIRECTION('center_axis',(1.,0.,0.));
#12145=DIRECTION('ref_axis',(0.,0.707106781186548,0.707106781186548));
#12146=DIRECTION('',(-1.,0.,0.));
#12147=DIRECTION('center_axis',(-1.,0.,0.));
#12148=DIRECTION('ref_axis',(0.,0.707106781186548,0.707106781186548));
#12149=DIRECTION('center_axis',(0.707106781186548,0.,0.707106781186548));
#12150=DIRECTION('ref_axis',(-0.707106781186547,4.9065389333868E-17,0.707106781186547));
#12151=DIRECTION('',(-1.,0.,0.));
#12152=DIRECTION('center_axis',(0.,0.,-1.));
#12153=DIRECTION('ref_axis',(1.,0.,0.));
#12154=DIRECTION('center_axis',(0.,0.,1.));
#12155=DIRECTION('ref_axis',(0.707106781186548,-0.707106781186547,0.));
#12156=DIRECTION('',(1.,0.,0.));
#12157=DIRECTION('center_axis',(0.,0.,1.));
#12158=DIRECTION('ref_axis',(-0.707106781186551,-0.707106781186544,0.));
#12159=DIRECTION('',(0.,-1.,0.));
#12160=DIRECTION('',(0.,-1.,0.));
#12161=DIRECTION('center_axis',(0.,0.,-1.));
#12162=DIRECTION('ref_axis',(-0.707106781186548,-0.707106781186548,0.));
#12163=DIRECTION('',(1.,0.,0.));
#12164=DIRECTION('center_axis',(0.,0.,-1.));
#12165=DIRECTION('ref_axis',(0.707106781186548,-0.707106781186548,0.));
#12166=DIRECTION('',(0.,1.,0.));
#12167=DIRECTION('',(-0.999999999999999,0.,-3.49245954378574E-8));
#12168=DIRECTION('center_axis',(0.,0.,1.));
#12169=DIRECTION('ref_axis',(-1.,0.,0.));
#12170=DIRECTION('',(0.,-1.,0.));
#12171=DIRECTION('center_axis',(0.,0.,1.));
#12172=DIRECTION('ref_axis',(0.707106781186546,-0.707106781186549,0.));
#12173=DIRECTION('',(-1.,0.,0.));
#12174=DIRECTION('center_axis',(0.,0.,1.));
#12175=DIRECTION('ref_axis',(-0.707106781186546,-0.707106781186549,0.));
#12176=DIRECTION('',(0.,-1.,0.));
#12177=DIRECTION('center_axis',(0.,0.,-1.));
#12178=DIRECTION('ref_axis',(-0.707106781186548,-0.707106781186547,0.));
#12179=DIRECTION('',(-1.,0.,0.));
#12180=DIRECTION('center_axis',(0.,0.,-1.));
#12181=DIRECTION('ref_axis',(0.707106781186551,-0.707106781186544,0.));
#12182=DIRECTION('',(-0.999999999999999,0.,-3.49245954378574E-8));
#12183=DIRECTION('',(-0.999999999999999,0.,-3.49245954378574E-8));
#12184=DIRECTION('center_axis',(0.,0.,1.));
#12185=DIRECTION('ref_axis',(-1.,0.,0.));
#12186=DIRECTION('center_axis',(0.,0.,-1.));
#12187=DIRECTION('ref_axis',(-0.707106781186549,-0.707106781186546,0.));
#12188=DIRECTION('',(-1.,0.,0.));
#12189=DIRECTION('center_axis',(0.,0.,-1.));
#12190=DIRECTION('ref_axis',(0.707106781186549,-0.707106781186546,0.));
#12191=DIRECTION('',(0.,-1.,0.));
#12192=DIRECTION('',(-0.999999999999999,0.,-3.49245954378574E-8));
#12193=DIRECTION('center_axis',(0.,0.,1.));
#12194=DIRECTION('ref_axis',(-1.,0.,0.));
#12195=DIRECTION('',(0.,-1.,0.));
#12196=DIRECTION('center_axis',(0.,0.,1.));
#12197=DIRECTION('ref_axis',(0.707106781186546,-0.707106781186549,0.));
#12198=DIRECTION('',(-1.,0.,0.));
#12199=DIRECTION('center_axis',(0.,0.,1.));
#12200=DIRECTION('ref_axis',(-0.707106781186546,-0.707106781186549,0.));
#12201=DIRECTION('',(0.,1.,0.));
#12202=DIRECTION('',(1.,0.,0.));
#12203=DIRECTION('center_axis',(0.,0.,-1.));
#12204=DIRECTION('ref_axis',(-0.707106781186551,-0.707106781186544,0.));
#12205=DIRECTION('',(-1.,0.,0.));
#12206=DIRECTION('center_axis',(0.,0.,-1.));
#12207=DIRECTION('ref_axis',(0.707106781186548,-0.707106781186547,0.));
#12208=DIRECTION('center_axis',(1.,0.,0.));
#12209=DIRECTION('ref_axis',(0.,0.707106781186548,-0.707106781186548));
#12210=DIRECTION('center_axis',(0.999999999999999,0.,3.49245954378574E-8));
#12211=DIRECTION('ref_axis',(2.46954182643058E-8,0.707106781186547,-0.707106781186547));
#12212=DIRECTION('',(0.999999999999999,2.01637634268499E-8,3.4924595399771E-8));
#12213=DIRECTION('center_axis',(0.707106781186547,0.,-0.707106781186548));
#12214=DIRECTION('ref_axis',(-0.707106781186548,4.9065389333868E-17,-0.707106781186547));
#12215=DIRECTION('center_axis',(0.,0.,1.));
#12216=DIRECTION('ref_axis',(-0.500001211185008,0.866024704505319,0.));
#12217=DIRECTION('center_axis',(0.,0.,1.));
#12218=DIRECTION('ref_axis',(-0.500001211185008,0.866024704505319,0.));
#12219=DIRECTION('',(0.,0.,-1.));
#12220=DIRECTION('',(0.,0.,1.));
#12221=DIRECTION('center_axis',(0.,0.,1.));
#12222=DIRECTION('ref_axis',(-0.500001211185008,0.866024704505319,0.));
#12223=DIRECTION('center_axis',(0.,0.,1.));
#12224=DIRECTION('ref_axis',(-0.500001211185008,0.866024704505319,0.));
#12225=DIRECTION('',(0.,0.,-1.));
#12226=DIRECTION('',(0.,0.,1.));
#12227=DIRECTION('center_axis',(0.,0.,1.));
#12228=DIRECTION('ref_axis',(-0.5,0.866025403784438,0.));
#12229=DIRECTION('',(0.,0.,-1.));
#12230=DIRECTION('center_axis',(0.,0.,-1.));
#12231=DIRECTION('ref_axis',(-0.5,0.866025403784438,0.));
#12232=DIRECTION('',(0.,0.,1.));
#12233=DIRECTION('center_axis',(0.,0.,1.));
#12234=DIRECTION('ref_axis',(-0.500001211185008,0.866024704505319,0.));
#12235=DIRECTION('center_axis',(0.,0.,1.));
#12236=DIRECTION('ref_axis',(-0.500001211185008,0.866024704505319,0.));
#12237=DIRECTION('',(0.,0.,-1.));
#12238=DIRECTION('',(0.,0.,1.));
#12239=DIRECTION('center_axis',(0.,0.,-1.));
#12240=DIRECTION('ref_axis',(-0.707106781186548,0.707106781186548,0.));
#12241=DIRECTION('center_axis',(0.,0.,-1.));
#12242=DIRECTION('ref_axis',(-0.707106781186548,0.707106781186548,0.));
#12243=DIRECTION('',(0.,0.,-1.));
#12244=DIRECTION('center_axis',(-0.707106781186548,0.,-0.707106781186548));
#12245=DIRECTION('ref_axis',(-0.707106781186547,4.9065389333868E-17,0.707106781186547));
#12246=DIRECTION('',(0.,0.,-1.));
#12247=DIRECTION('center_axis',(1.,0.,0.));
#12248=DIRECTION('ref_axis',(0.,0.,1.));
#12249=DIRECTION('',(0.,-1.,0.));
#12250=DIRECTION('center_axis',(1.,0.,0.));
#12251=DIRECTION('ref_axis',(0.,-0.707106781186548,-0.707106781186548));
#12252=DIRECTION('',(0.,0.,1.));
#12253=DIRECTION('center_axis',(1.,0.,0.));
#12254=DIRECTION('ref_axis',(0.,-0.707106781186548,0.707106781186548));
#12255=DIRECTION('',(0.,1.,0.));
#12256=DIRECTION('center_axis',(-1.,0.,0.));
#12257=DIRECTION('ref_axis',(0.,-0.707106781186546,0.707106781186549));
#12258=DIRECTION('',(0.,0.,1.));
#12259=DIRECTION('center_axis',(-1.,0.,0.));
#12260=DIRECTION('ref_axis',(0.,-0.707106781186548,-0.707106781186547));
#12261=DIRECTION('center_axis',(0.,1.,0.));
#12262=DIRECTION('ref_axis',(-1.,0.,0.));
#12263=DIRECTION('',(-0.707106781186547,-0.707106781186548,8.65956056235493E-17));
#12264=DIRECTION('center_axis',(0.,-1.,0.));
#12265=DIRECTION('ref_axis',(-1.,0.,0.));
#12266=DIRECTION('center_axis',(0.,-1.,0.));
#12267=DIRECTION('ref_axis',(-1.,0.,0.));
#12268=DIRECTION('',(0.,-1.,0.));
#12269=DIRECTION('center_axis',(0.,1.,0.));
#12270=DIRECTION('ref_axis',(1.,0.,0.));
#12271=DIRECTION('center_axis',(0.,-1.,0.));
#12272=DIRECTION('ref_axis',(1.,0.,0.));
#12273=DIRECTION('center_axis',(0.,-1.,0.));
#12274=DIRECTION('ref_axis',(1.,0.,0.));
#12275=DIRECTION('',(0.,1.,0.));
#12276=DIRECTION('center_axis',(0.,-1.,0.));
#12277=DIRECTION('ref_axis',(1.,0.,0.));
#12278=DIRECTION('center_axis',(-1.,0.,0.));
#12279=DIRECTION('ref_axis',(0.,-0.707106781186546,0.707106781186549));
#12280=DIRECTION('',(1.,0.,0.));
#12281=DIRECTION('center_axis',(-1.,0.,0.));
#12282=DIRECTION('ref_axis',(0.,-0.707106781186548,0.707106781186547));
#12283=DIRECTION('center_axis',(1.,0.,0.));
#12284=DIRECTION('ref_axis',(0.,-0.707106781186548,0.707106781186547));
#12285=DIRECTION('',(1.,0.,0.));
#12286=DIRECTION('center_axis',(0.,-1.,0.));
#12287=DIRECTION('ref_axis',(0.,0.,-1.));
#12288=DIRECTION('',(0.,0.,-1.));
#12289=DIRECTION('',(-1.,0.,0.));
#12290=DIRECTION('center_axis',(-1.,0.,0.));
#12291=DIRECTION('ref_axis',(0.,-0.707106781186548,0.707106781186547));
#12292=DIRECTION('center_axis',(1.,0.,0.));
#12293=DIRECTION('ref_axis',(0.,-0.707106781186548,0.707106781186547));
#12294=DIRECTION('',(1.,0.,0.));
#12295=DIRECTION('center_axis',(1.,0.,0.));
#12296=DIRECTION('ref_axis',(0.,-0.707106781186548,-0.707106781186547));
#12297=DIRECTION('',(-1.,0.,0.));
#12298=DIRECTION('',(1.,0.,0.));
#12299=DIRECTION('center_axis',(0.,0.,-1.));
#12300=DIRECTION('ref_axis',(1.,0.,0.));
#12301=DIRECTION('',(0.,1.,0.));
#12302=DIRECTION('center_axis',(1.,0.,0.));
#12303=DIRECTION('ref_axis',(0.,-0.707106781186548,-0.707106781186547));
#12304=DIRECTION('center_axis',(1.,0.,0.));
#12305=DIRECTION('ref_axis',(0.,-0.707106781186548,-0.707106781186547));
#12306=DIRECTION('',(1.,0.,0.));
#12307=DIRECTION('center_axis',(1.,0.,0.));
#12308=DIRECTION('ref_axis',(0.,-0.707106781186546,-0.707106781186549));
#12309=DIRECTION('',(-1.,0.,0.));
#12310=DIRECTION('center_axis',(1.,0.,0.));
#12311=DIRECTION('ref_axis',(0.,-0.707106781186546,-0.707106781186549));
#12312=DIRECTION('center_axis',(-1.,0.,0.));
#12313=DIRECTION('ref_axis',(0.,0.,-1.));
#12314=DIRECTION('',(0.,0.,-1.));
#12315=DIRECTION('',(0.,-1.,0.));
#12316=DIRECTION('center_axis',(-1.,0.,0.));
#12317=DIRECTION('ref_axis',(0.,-0.707106781186548,0.707106781186548));
#12318=DIRECTION('',(0.,0.,-1.));
#12319=DIRECTION('center_axis',(-1.,0.,0.));
#12320=DIRECTION('ref_axis',(0.,-0.707106781186548,-0.707106781186548));
#12321=DIRECTION('',(0.,1.,0.));
#12322=DIRECTION('center_axis',(-1.,0.,0.));
#12323=DIRECTION('ref_axis',(0.,-0.707106781186548,0.707106781186548));
#12324=DIRECTION('',(-1.,0.,0.));
#12325=DIRECTION('',(1.,0.,0.));
#12326=DIRECTION('center_axis',(0.,-1.,0.));
#12327=DIRECTION('ref_axis',(0.,0.,1.));
#12328=DIRECTION('',(1.,0.,0.));
#12329=DIRECTION('center_axis',(-1.,0.,0.));
#12330=DIRECTION('ref_axis',(0.,-0.707106781186548,0.707106781186548));
#12331=DIRECTION('',(-1.,0.,0.));
#12332=DIRECTION('',(1.,0.,0.));
#12333=DIRECTION('center_axis',(0.,-1.,0.));
#12334=DIRECTION('ref_axis',(0.,0.,1.));
#12335=DIRECTION('',(1.,0.,0.));
#12336=DIRECTION('center_axis',(-1.,0.,0.));
#12337=DIRECTION('ref_axis',(0.,-0.707106781186548,-0.707106781186548));
#12338=DIRECTION('center_axis',(-1.,0.,0.));
#12339=DIRECTION('ref_axis',(0.,-0.707106781186548,-0.707106781186548));
#12340=DIRECTION('',(-1.,0.,0.));
#12341=DIRECTION('center_axis',(0.,0.,-1.));
#12342=DIRECTION('ref_axis',(0.,-1.,0.));
#12343=DIRECTION('',(0.,-1.,0.));
#12344=DIRECTION('center_axis',(0.,0.,-1.));
#12345=DIRECTION('ref_axis',(-0.707106781186551,-0.707106781186544,0.));
#12346=DIRECTION('',(0.,0.,1.));
#12347=DIRECTION('',(0.,0.,-1.));
#12348=DIRECTION('center_axis',(-1.,0.,0.));
#12349=DIRECTION('ref_axis',(0.,0.,-1.));
#12350=DIRECTION('center_axis',(0.,0.,-1.));
#12351=DIRECTION('ref_axis',(-0.707106781186549,-0.707106781186546,0.));
#12352=DIRECTION('center_axis',(0.,0.,1.));
#12353=DIRECTION('ref_axis',(-0.707106781186549,-0.707106781186546,0.));
#12354=DIRECTION('',(0.,0.,1.));
#12355=DIRECTION('',(0.,0.,-1.));
#12356=DIRECTION('center_axis',(0.,-1.,0.));
#12357=DIRECTION('ref_axis',(0.,0.,-1.));
#12358=DIRECTION('',(1.,0.,0.));
#12359=DIRECTION('',(0.,0.,-1.));
#12360=DIRECTION('center_axis',(0.,0.,-1.));
#12361=DIRECTION('ref_axis',(-0.707106781186548,-0.707106781186547,0.));
#12362=DIRECTION('center_axis',(0.,0.,1.));
#12363=DIRECTION('ref_axis',(-0.707106781186548,-0.707106781186547,0.));
#12364=DIRECTION('',(0.,0.,1.));
#12365=DIRECTION('center_axis',(0.,0.,1.));
#12366=DIRECTION('ref_axis',(0.707106781186548,-0.707106781186547,0.));
#12367=DIRECTION('',(0.,0.,-1.));
#12368=DIRECTION('center_axis',(0.,0.,1.));
#12369=DIRECTION('ref_axis',(0.707106781186549,-0.707106781186546,0.));
#12370=DIRECTION('center_axis',(0.,0.,1.));
#12371=DIRECTION('ref_axis',(0.707106781186549,-0.707106781186546,0.));
#12372=DIRECTION('center_axis',(0.,0.,1.));
#12373=DIRECTION('ref_axis',(0.707106781186551,-0.707106781186544,0.));
#12374=DIRECTION('',(0.,0.,-1.));
#12375=DIRECTION('center_axis',(0.,0.,1.));
#12376=DIRECTION('ref_axis',(0.707106781186551,-0.707106781186544,0.));
#12377=DIRECTION('center_axis',(0.,0.,-1.));
#12378=DIRECTION('ref_axis',(1.,0.,0.));
#12379=DIRECTION('',(1.,0.,0.));
#12380=DIRECTION('',(0.,-1.,0.));
#12381=DIRECTION('center_axis',(0.,0.,-1.));
#12382=DIRECTION('ref_axis',(-0.707106781186548,-0.707106781186548,0.));
#12383=DIRECTION('',(1.,0.,0.));
#12384=DIRECTION('center_axis',(0.,0.,-1.));
#12385=DIRECTION('ref_axis',(0.707106781186548,-0.707106781186548,0.));
#12386=DIRECTION('',(0.,1.,0.));
#12387=DIRECTION('center_axis',(0.,0.,-1.));
#12388=DIRECTION('ref_axis',(-0.707106781186548,-0.707106781186548,0.));
#12389=DIRECTION('',(0.,0.,-1.));
#12390=DIRECTION('',(0.,0.,1.));
#12391=DIRECTION('center_axis',(0.,-1.,0.));
#12392=DIRECTION('ref_axis',(-1.,0.,0.));
#12393=DIRECTION('',(0.,0.,1.));
#12394=DIRECTION('center_axis',(0.,0.,-1.));
#12395=DIRECTION('ref_axis',(-0.707106781186548,-0.707106781186548,0.));
#12396=DIRECTION('',(0.,0.,-1.));
#12397=DIRECTION('',(0.,0.,1.));
#12398=DIRECTION('center_axis',(0.,-1.,0.));
#12399=DIRECTION('ref_axis',(-1.,0.,0.));
#12400=DIRECTION('',(0.,0.,1.));
#12401=DIRECTION('center_axis',(0.,0.,-1.));
#12402=DIRECTION('ref_axis',(0.707106781186548,-0.707106781186548,0.));
#12403=DIRECTION('',(0.,0.,-1.));
#12404=DIRECTION('center_axis',(1.,0.,0.));
#12405=DIRECTION('ref_axis',(0.,-1.,0.));
#12406=DIRECTION('',(0.,-1.,0.));
#12407=DIRECTION('center_axis',(0.,0.,-1.));
#12408=DIRECTION('ref_axis',(0.707106781186548,-0.707106781186548,0.));
#12409=DIRECTION('',(0.,0.,-1.));
#12410=DIRECTION('center_axis',(1.,0.,0.));
#12411=DIRECTION('ref_axis',(0.,-1.,0.));
#12412=DIRECTION('',(0.,-1.,0.));
#12413=DIRECTION('center_axis',(1.,0.,0.));
#12414=DIRECTION('ref_axis',(0.,-0.707106781186546,-0.707106781186549));
#12415=DIRECTION('center_axis',(-1.,0.,0.));
#12416=DIRECTION('ref_axis',(0.,-0.707106781186546,-0.707106781186549));
#12417=DIRECTION('',(-1.,0.,0.));
#12418=DIRECTION('center_axis',(1.,0.,0.));
#12419=DIRECTION('ref_axis',(0.,-0.707106781186548,-0.707106781186548));
#12420=DIRECTION('center_axis',(-1.,0.,0.));
#12421=DIRECTION('ref_axis',(0.,-0.707106781186548,-0.707106781186548));
#12422=DIRECTION('',(-1.,0.,0.));
#12423=DIRECTION('',(1.,0.,0.));
#12424=DIRECTION('center_axis',(0.,-1.,0.));
#12425=DIRECTION('ref_axis',(0.,0.,-1.));
#12426=DIRECTION('',(0.,0.,1.));
#12427=DIRECTION('',(1.,0.,0.));
#12428=DIRECTION('center_axis',(1.,0.,0.));
#12429=DIRECTION('ref_axis',(0.,-0.707106781186548,-0.707106781186547));
#12430=DIRECTION('',(-1.,0.,0.));
#12431=DIRECTION('center_axis',(-1.,0.,0.));
#12432=DIRECTION('ref_axis',(0.,-0.707106781186548,0.707106781186547));
#12433=DIRECTION('',(1.,0.,0.));
#12434=DIRECTION('center_axis',(-1.,0.,0.));
#12435=DIRECTION('ref_axis',(0.,-0.707106781186548,0.707106781186547));
#12436=DIRECTION('',(-1.,0.,0.));
#12437=DIRECTION('center_axis',(0.,0.,1.));
#12438=DIRECTION('ref_axis',(-1.,0.,0.));
#12439=DIRECTION('',(0.,-1.,0.));
#12440=DIRECTION('',(0.,1.,0.));
#12441=DIRECTION('center_axis',(1.,0.,0.));
#12442=DIRECTION('ref_axis',(0.,0.,1.));
#12443=DIRECTION('',(0.,-1.,0.));
#12444=DIRECTION('center_axis',(1.,0.,0.));
#12445=DIRECTION('ref_axis',(0.,-0.707106781186548,-0.707106781186548));
#12446=DIRECTION('',(0.,0.,1.));
#12447=DIRECTION('center_axis',(1.,0.,0.));
#12448=DIRECTION('ref_axis',(0.,-0.707106781186548,0.707106781186548));
#12449=DIRECTION('',(0.,0.,1.));
#12450=DIRECTION('center_axis',(-1.,0.,0.));
#12451=DIRECTION('ref_axis',(0.,-0.707106781186548,0.707106781186548));
#12452=DIRECTION('center_axis',(-1.,0.,0.));
#12453=DIRECTION('ref_axis',(0.,-0.707106781186548,0.707106781186548));
#12454=DIRECTION('center_axis',(-1.,0.,0.));
#12455=DIRECTION('ref_axis',(0.,-0.707106781186546,0.707106781186549));
#12456=DIRECTION('',(1.,0.,0.));
#12457=DIRECTION('center_axis',(1.,0.,0.));
#12458=DIRECTION('ref_axis',(0.,-0.707106781186548,-0.707106781186548));
#12459=DIRECTION('',(1.,0.,0.));
#12460=DIRECTION('',(-1.,0.,0.));
#12461=DIRECTION('center_axis',(0.,-1.,0.));
#12462=DIRECTION('ref_axis',(0.,0.,-1.));
#12463=DIRECTION('',(-1.,0.,0.));
#12464=DIRECTION('center_axis',(1.,0.,0.));
#12465=DIRECTION('ref_axis',(0.,-0.707106781186548,-0.707106781186548));
#12466=DIRECTION('',(1.,0.,0.));
#12467=DIRECTION('',(-1.,0.,0.));
#12468=DIRECTION('center_axis',(0.,-1.,0.));
#12469=DIRECTION('ref_axis',(0.,0.,-1.));
#12470=DIRECTION('',(-1.,0.,0.));
#12471=DIRECTION('center_axis',(1.,0.,0.));
#12472=DIRECTION('ref_axis',(0.,-0.707106781186548,0.707106781186548));
#12473=DIRECTION('center_axis',(1.,0.,0.));
#12474=DIRECTION('ref_axis',(0.,-0.707106781186548,0.707106781186548));
#12475=DIRECTION('',(1.,0.,0.));
#12476=DIRECTION('center_axis',(0.,0.,1.));
#12477=DIRECTION('ref_axis',(0.,-1.,0.));
#12478=DIRECTION('',(0.,1.,0.));
#12479=DIRECTION('center_axis',(0.,0.,1.));
#12480=DIRECTION('ref_axis',(0.707106781186548,-0.707106781186547,0.));
#12481=DIRECTION('',(0.,0.,-1.));
#12482=DIRECTION('center_axis',(-3.49245954378574E-8,0.,0.999999999999999));
#12483=DIRECTION('ref_axis',(-0.707106781186546,-0.707106781186549,-2.4695419049352E-8));
#12484=DIRECTION('',(-3.49245954378574E-8,0.,0.999999999999999));
#12485=DIRECTION('',(3.49245954378574E-8,0.,-0.999999999999999));
#12486=DIRECTION('center_axis',(-0.999999999999999,0.,-3.49245954378574E-8));
#12487=DIRECTION('ref_axis',(0.,-1.,0.));
#12488=DIRECTION('',(0.,1.,0.));
#12489=DIRECTION('center_axis',(0.,0.,-1.));
#12490=DIRECTION('ref_axis',(-0.707106781186551,-0.707106781186544,0.));
#12491=DIRECTION('',(0.,0.,1.));
#12492=DIRECTION('center_axis',(-3.49245954378574E-8,0.,0.999999999999999));
#12493=DIRECTION('ref_axis',(0.707106781186546,-0.707106781186549,2.4695419049352E-8));
#12494=DIRECTION('',(-3.49245954378574E-8,0.,0.999999999999999));
#12495=DIRECTION('',(3.49245954378574E-8,0.,-0.999999999999999));
#12496=DIRECTION('center_axis',(0.,-1.,0.));
#12497=DIRECTION('ref_axis',(0.999999999999999,0.,3.49245950742883E-8));
#12498=DIRECTION('center_axis',(-3.49245954378574E-8,0.,0.999999999999999));
#12499=DIRECTION('ref_axis',(0.707106781186546,-0.707106781186549,2.4695419049352E-8));
#12500=DIRECTION('',(-3.49245954378574E-8,0.,0.999999999999999));
#12501=DIRECTION('',(3.49245954378574E-8,0.,-0.999999999999999));
#12502=DIRECTION('center_axis',(0.,-1.,0.));
#12503=DIRECTION('ref_axis',(0.999999999999999,0.,3.49245950742883E-8));
#12504=DIRECTION('',(3.49245954378574E-8,0.,-0.999999999999999));
#12505=DIRECTION('center_axis',(0.,0.,-1.));
#12506=DIRECTION('ref_axis',(-0.707106781186548,-0.707106781186547,0.));
#12507=DIRECTION('',(0.,0.,1.));
#12508=DIRECTION('',(0.,0.,-1.));
#12509=DIRECTION('center_axis',(0.,-1.,0.));
#12510=DIRECTION('ref_axis',(0.,0.,-1.));
#12511=DIRECTION('',(0.,0.,-1.));
#12512=DIRECTION('center_axis',(0.,0.,-1.));
#12513=DIRECTION('ref_axis',(-0.707106781186549,-0.707106781186546,0.));
#12514=DIRECTION('',(0.,0.,1.));
#12515=DIRECTION('center_axis',(0.,-1.,0.));
#12516=DIRECTION('ref_axis',(0.,0.,-1.));
#12517=DIRECTION('',(0.,0.,-1.));
#12518=DIRECTION('center_axis',(0.,0.,1.));
#12519=DIRECTION('ref_axis',(0.707106781186551,-0.707106781186544,0.));
#12520=DIRECTION('center_axis',(0.,0.,1.));
#12521=DIRECTION('ref_axis',(0.707106781186549,-0.707106781186546,0.));
#12522=DIRECTION('',(0.,0.,1.));
#12523=DIRECTION('center_axis',(-3.49245954378574E-8,0.,0.999999999999999));
#12524=DIRECTION('ref_axis',(-0.707106781186546,-0.707106781186549,-2.4695419049352E-8));
#12525=DIRECTION('center_axis',(-0.999999999999999,0.,-3.49245948827459E-8));
#12526=DIRECTION('ref_axis',(0.,-1.,0.));
#12527=DIRECTION('',(0.,-1.,0.));
#12528=DIRECTION('',(0.,-1.,0.));
#12529=DIRECTION('',(0.,0.,-1.));
#12530=DIRECTION('center_axis',(0.999999999999999,0.,3.49245948827459E-8));
#12531=DIRECTION('ref_axis',(0.,1.,0.));
#12532=DIRECTION('',(0.,0.,1.));
#12533=DIRECTION('',(0.,-1.,0.));
#12534=DIRECTION('',(0.,1.,0.));
#12535=DIRECTION('center_axis',(-3.49245951603017E-8,0.,0.999999999999999));
#12536=DIRECTION('ref_axis',(0.999999999999999,0.,3.49245951603017E-8));
#12537=DIRECTION('',(0.,1.,0.));
#12538=DIRECTION('',(0.,-1.,0.));
#12539=DIRECTION('',(0.,1.,0.));
#12540=DIRECTION('center_axis',(1.,0.,0.));
#12541=DIRECTION('ref_axis',(0.,0.,-1.));
#12542=DIRECTION('',(0.,1.,0.));
#12543=DIRECTION('',(0.,-1.,0.));
#12544=DIRECTION('',(0.,1.,0.));
#12545=DIRECTION('',(0.,-1.,0.));
#12546=DIRECTION('center_axis',(0.,0.,-1.));
#12547=DIRECTION('ref_axis',(0.,-1.,0.));
#12548=DIRECTION('',(0.,-1.,0.));
#12549=DIRECTION('',(0.,-1.,0.));
#12550=DIRECTION('center_axis',(0.,0.,-1.));
#12551=DIRECTION('ref_axis',(0.,1.,0.));
#12552=DIRECTION('center_axis',(0.,0.,-1.));
#12553=DIRECTION('ref_axis',(0.,1.,0.));
#12554=DIRECTION('center_axis',(0.,0.,1.));
#12555=DIRECTION('ref_axis',(0.,1.,0.));
#12556=DIRECTION('',(0.,1.,0.));
#12557=DIRECTION('center_axis',(0.,0.,1.));
#12558=DIRECTION('ref_axis',(0.,1.,0.));
#12559=DIRECTION('',(0.,1.,0.));
#12560=DIRECTION('center_axis',(-1.,0.,0.));
#12561=DIRECTION('ref_axis',(0.,0.,1.));
#12562=DIRECTION('',(0.,1.,0.));
#12563=DIRECTION('',(0.,1.,0.));
#12564=DIRECTION('center_axis',(0.999999999999999,0.,3.49245954378574E-8));
#12565=DIRECTION('ref_axis',(0.,1.,0.));
#12566=DIRECTION('center_axis',(0.999999999999999,0.,3.49245954378574E-8));
#12567=DIRECTION('ref_axis',(0.,1.,0.));
#12568=DIRECTION('center_axis',(-1.,0.,0.));
#12569=DIRECTION('ref_axis',(0.,1.,0.));
#12570=DIRECTION('',(0.,1.,0.));
#12571=DIRECTION('center_axis',(0.,0.,-1.));
#12572=DIRECTION('ref_axis',(-1.,0.,0.));
#12573=DIRECTION('',(0.,-1.,0.));
#12574=DIRECTION('',(0.,1.,0.));
#12575=DIRECTION('',(0.,1.,0.));
#12576=DIRECTION('center_axis',(-1.,0.,0.));
#12577=DIRECTION('ref_axis',(0.,1.,0.));
#12578=DIRECTION('center_axis',(-1.,0.,0.));
#12579=DIRECTION('ref_axis',(0.,0.,-1.));
#12580=DIRECTION('center_axis',(0.,0.,-1.));
#12581=DIRECTION('ref_axis',(1.,0.,0.));
#12582=DIRECTION('',(0.,-1.,0.));
#12583=DIRECTION('center_axis',(1.,0.,0.));
#12584=DIRECTION('ref_axis',(0.,0.,1.));
#12585=DIRECTION('center_axis',(0.,-1.,0.));
#12586=DIRECTION('ref_axis',(0.,0.,-1.));
#12587=DIRECTION('center_axis',(0.,0.,-1.));
#12588=DIRECTION('ref_axis',(1.,0.,0.));
#12589=DIRECTION('',(0.,-1.,0.));
#12590=DIRECTION('center_axis',(-1.,0.,0.));
#12591=DIRECTION('ref_axis',(0.,0.,-1.));
#12592=DIRECTION('center_axis',(0.,0.,-1.));
#12593=DIRECTION('ref_axis',(1.,0.,0.));
#12594=DIRECTION('',(0.,-1.,0.));
#12595=DIRECTION('center_axis',(-1.,0.,0.));
#12596=DIRECTION('ref_axis',(0.,0.,-1.));
#12597=DIRECTION('center_axis',(0.,-1.,0.));
#12598=DIRECTION('ref_axis',(0.,0.,-1.));
#12599=DIRECTION('center_axis',(1.,0.,0.));
#12600=DIRECTION('ref_axis',(0.,0.,1.));
#12601=DIRECTION('center_axis',(0.,-1.,0.));
#12602=DIRECTION('ref_axis',(0.,0.,-1.));
#12603=DIRECTION('center_axis',(0.,-1.,0.));
#12604=DIRECTION('ref_axis',(0.,0.,-1.));
#12605=DIRECTION('center_axis',(0.,-1.,0.));
#12606=DIRECTION('ref_axis',(0.,0.,-1.));
#12607=DIRECTION('center_axis',(0.,-1.,0.));
#12608=DIRECTION('ref_axis',(0.,0.,-1.));
#12609=DIRECTION('center_axis',(0.,-1.,0.));
#12610=DIRECTION('ref_axis',(0.,0.,-1.));
#12611=DIRECTION('center_axis',(0.707106781186547,0.,-0.707106781186548));
#12612=DIRECTION('ref_axis',(-0.707106781186548,0.,-0.707106781186547));
#12613=DIRECTION('center_axis',(0.707106781186548,0.,0.707106781186548));
#12614=DIRECTION('ref_axis',(0.707106781186548,0.,-0.707106781186548));
#12615=DIRECTION('center_axis',(-0.707106781186548,0.,-0.707106781186548));
#12616=DIRECTION('ref_axis',(-0.707106781186548,0.,0.707106781186548));
#12617=DIRECTION('center_axis',(0.,1.,0.));
#12618=DIRECTION('ref_axis',(0.707106781186547,0.,-0.707106781186548));
#12619=DIRECTION('',(0.,-1.,0.));
#12620=DIRECTION('center_axis',(0.,0.707106781186547,-0.707106781186548));
#12621=DIRECTION('ref_axis',(0.,-0.707106781186548,-0.707106781186547));
#12622=DIRECTION('',(0.,1.,0.));
#12623=DIRECTION('center_axis',(-9.8130778667736E-16,0.707106781186547,
0.707106781186548));
#12624=DIRECTION('ref_axis',(-9.8130778667736E-16,0.707106781186548,-0.707106781186547));
#12625=DIRECTION('center_axis',(0.,0.,-1.));
#12626=DIRECTION('ref_axis',(0.707106781186547,-0.707106781186548,0.));
#12627=DIRECTION('',(0.,0.,1.));
#12628=DIRECTION('center_axis',(-9.8130778667736E-16,-0.707106781186547,
-0.707106781186548));
#12629=DIRECTION('ref_axis',(-9.8130778667736E-16,-0.707106781186548,0.707106781186547));
#12630=DIRECTION('',(0.,0.,-1.));
#12631=DIRECTION('center_axis',(0.,-1.,0.));
#12632=DIRECTION('ref_axis',(0.707106781186547,0.,0.707106781186548));
#12633=DIRECTION('',(0.,1.,0.));
#12634=DIRECTION('center_axis',(0.,-0.707106781186547,0.707106781186548));
#12635=DIRECTION('ref_axis',(0.,0.707106781186548,0.707106781186547));
#12636=DIRECTION('',(0.,-1.,0.));
#12637=DIRECTION('center_axis',(0.,0.,1.));
#12638=DIRECTION('ref_axis',(0.707106781186547,0.707106781186548,0.));
#12639=DIRECTION('',(0.,0.,1.));
#12640=DIRECTION('',(0.,0.,-1.));
#12641=DIRECTION('center_axis',(0.,1.,0.));
#12642=DIRECTION('ref_axis',(0.,0.,1.));
#12643=DIRECTION('',(1.,0.,0.));
#12644=DIRECTION('',(0.,0.,-1.));
#12645=DIRECTION('',(1.,0.,0.));
#12646=DIRECTION('center_axis',(0.,0.,-1.));
#12647=DIRECTION('ref_axis',(0.,1.,0.));
#12648=DIRECTION('',(1.,0.,0.));
#12649=DIRECTION('',(0.,-1.,0.));
#12650=DIRECTION('center_axis',(1.,0.,0.));
#12651=DIRECTION('ref_axis',(0.,0.,-1.));
#12652=DIRECTION('center_axis',(0.,0.,-1.));
#12653=DIRECTION('ref_axis',(0.707106781186547,-0.707106781186548,0.));
#12654=DIRECTION('',(0.,0.,-1.));
#12655=DIRECTION('center_axis',(0.,0.707106781186547,-0.707106781186548));
#12656=DIRECTION('ref_axis',(0.,0.707106781186548,0.707106781186547));
#12657=DIRECTION('',(0.,0.,1.));
#12658=DIRECTION('center_axis',(9.8130778667736E-16,-0.707106781186548,
-0.707106781186547));
#12659=DIRECTION('ref_axis',(9.8130778667736E-16,0.707106781186547,-0.707106781186548));
#12660=DIRECTION('center_axis',(0.,1.,0.));
#12661=DIRECTION('ref_axis',(0.707106781186548,0.,-0.707106781186548));
#12662=DIRECTION('',(0.,-1.,0.));
#12663=DIRECTION('',(0.,1.,0.));
#12664=DIRECTION('center_axis',(9.8130778667736E-16,0.707106781186548,0.707106781186547));
#12665=DIRECTION('ref_axis',(9.8130778667736E-16,-0.707106781186547,0.707106781186548));
#12666=DIRECTION('center_axis',(0.,0.,1.));
#12667=DIRECTION('ref_axis',(0.707106781186547,0.707106781186548,0.));
#12668=DIRECTION('',(0.,0.,-1.));
#12669=DIRECTION('',(0.,0.,1.));
#12670=DIRECTION('center_axis',(0.,-0.707106781186547,0.707106781186548));
#12671=DIRECTION('ref_axis',(0.,-0.707106781186548,-0.707106781186547));
#12672=DIRECTION('center_axis',(0.,-1.,0.));
#12673=DIRECTION('ref_axis',(0.707106781186548,0.,0.707106781186548));
#12674=DIRECTION('',(0.,1.,0.));
#12675=DIRECTION('',(0.,-1.,0.));
#12676=DIRECTION('center_axis',(0.,0.,1.));
#12677=DIRECTION('ref_axis',(0.,-1.,0.));
#12678=DIRECTION('',(1.,0.,0.));
#12679=DIRECTION('',(0.,-1.,0.));
#12680=DIRECTION('',(1.,0.,0.));
#12681=DIRECTION('center_axis',(0.,-1.,0.));
#12682=DIRECTION('ref_axis',(0.,0.,-1.));
#12683=DIRECTION('',(1.,0.,0.));
#12684=DIRECTION('',(0.,0.,-1.));
#12685=DIRECTION('center_axis',(1.,0.,0.));
#12686=DIRECTION('ref_axis',(0.,0.,-1.));
#12687=DIRECTION('center_axis',(1.,0.,0.));
#12688=DIRECTION('ref_axis',(0.,0.,-1.));
#12689=DIRECTION('center_axis',(1.,0.,0.));
#12690=DIRECTION('ref_axis',(0.,-0.707106781186548,0.707106781186548));
#12691=DIRECTION('',(0.,1.,0.));
#12692=DIRECTION('',(0.,0.,-1.));
#12693=DIRECTION('',(0.,-1.,0.));
#12694=DIRECTION('',(0.,1.,0.));
#12695=DIRECTION('',(0.,0.,1.));
#12696=DIRECTION('center_axis',(1.,0.,0.));
#12697=DIRECTION('ref_axis',(0.,-0.707106781186548,0.707106781186548));
#12698=DIRECTION('center_axis',(-1.,0.,0.));
#12699=DIRECTION('ref_axis',(0.,-0.707106781186548,-0.707106781186548));
#12700=DIRECTION('',(-1.,0.,0.));
#12701=DIRECTION('',(1.,0.,0.));
#12702=DIRECTION('center_axis',(0.,0.,1.));
#12703=DIRECTION('ref_axis',(0.,-1.,0.));
#12704=DIRECTION('',(0.,-1.,0.));
#12705=DIRECTION('',(1.,0.,0.));
#12706=DIRECTION('center_axis',(0.,0.,-1.));
#12707=DIRECTION('ref_axis',(0.,1.,0.));
#12708=DIRECTION('',(1.,0.,0.));
#12709=DIRECTION('center_axis',(0.,1.,0.));
#12710=DIRECTION('ref_axis',(0.,0.,1.));
#12711=DIRECTION('center_axis',(0.,-1.,0.));
#12712=DIRECTION('ref_axis',(0.,0.,-1.));
#12713=DIRECTION('',(1.,0.,0.));
#12714=DIRECTION('',(0.,0.,1.));
#12715=DIRECTION('center_axis',(0.,0.,1.));
#12716=DIRECTION('ref_axis',(0.,-1.,0.));
#12717=DIRECTION('',(0.,1.,0.));
#12718=DIRECTION('center_axis',(0.,0.,-1.));
#12719=DIRECTION('ref_axis',(0.,1.,0.));
#12720=DIRECTION('',(1.,0.,0.));
#12721=DIRECTION('',(0.,1.,0.));
#12722=DIRECTION('center_axis',(0.,1.,0.));
#12723=DIRECTION('ref_axis',(0.,0.,1.));
#12724=DIRECTION('',(0.,0.,1.));
#12725=DIRECTION('center_axis',(1.,0.,0.));
#12726=DIRECTION('ref_axis',(0.,0.,-1.));
#12727=DIRECTION('center_axis',(0.,1.,0.));
#12728=DIRECTION('ref_axis',(0.707106781186547,0.,-0.707106781186548));
#12729=DIRECTION('',(0.,-1.,0.));
#12730=DIRECTION('center_axis',(0.,0.707106781186547,-0.707106781186548));
#12731=DIRECTION('ref_axis',(0.,-0.707106781186548,-0.707106781186547));
#12732=DIRECTION('',(0.,1.,0.));
#12733=DIRECTION('center_axis',(-9.8130778667736E-16,0.707106781186547,
0.707106781186548));
#12734=DIRECTION('ref_axis',(-9.8130778667736E-16,0.707106781186548,-0.707106781186547));
#12735=DIRECTION('center_axis',(0.,0.,-1.));
#12736=DIRECTION('ref_axis',(0.707106781186547,-0.707106781186548,0.));
#12737=DIRECTION('',(0.,0.,1.));
#12738=DIRECTION('center_axis',(-9.8130778667736E-16,-0.707106781186547,
-0.707106781186548));
#12739=DIRECTION('ref_axis',(-9.8130778667736E-16,-0.707106781186548,0.707106781186547));
#12740=DIRECTION('',(0.,0.,-1.));
#12741=DIRECTION('center_axis',(0.,-1.,0.));
#12742=DIRECTION('ref_axis',(0.707106781186547,0.,0.707106781186548));
#12743=DIRECTION('',(0.,1.,0.));
#12744=DIRECTION('center_axis',(0.,-0.707106781186547,0.707106781186548));
#12745=DIRECTION('ref_axis',(0.,0.707106781186548,0.707106781186547));
#12746=DIRECTION('',(0.,-1.,0.));
#12747=DIRECTION('center_axis',(0.,0.,1.));
#12748=DIRECTION('ref_axis',(0.707106781186547,0.707106781186548,0.));
#12749=DIRECTION('',(0.,0.,1.));
#12750=DIRECTION('',(0.,0.,-1.));
#12751=DIRECTION('center_axis',(0.,1.,0.));
#12752=DIRECTION('ref_axis',(0.,0.,1.));
#12753=DIRECTION('',(1.,0.,0.));
#12754=DIRECTION('',(0.,0.,-1.));
#12755=DIRECTION('',(1.,0.,0.));
#12756=DIRECTION('center_axis',(0.,0.,-1.));
#12757=DIRECTION('ref_axis',(0.,1.,0.));
#12758=DIRECTION('',(1.,0.,0.));
#12759=DIRECTION('',(0.,-1.,0.));
#12760=DIRECTION('center_axis',(1.,0.,0.));
#12761=DIRECTION('ref_axis',(0.,0.,-1.));
#12762=DIRECTION('center_axis',(0.,0.,-1.));
#12763=DIRECTION('ref_axis',(0.707106781186547,-0.707106781186548,0.));
#12764=DIRECTION('',(0.,0.,-1.));
#12765=DIRECTION('center_axis',(0.,0.707106781186547,-0.707106781186548));
#12766=DIRECTION('ref_axis',(0.,0.707106781186548,0.707106781186547));
#12767=DIRECTION('',(0.,0.,1.));
#12768=DIRECTION('center_axis',(9.8130778667736E-16,-0.707106781186548,
-0.707106781186547));
#12769=DIRECTION('ref_axis',(9.8130778667736E-16,0.707106781186547,-0.707106781186548));
#12770=DIRECTION('center_axis',(0.,1.,0.));
#12771=DIRECTION('ref_axis',(0.707106781186548,0.,-0.707106781186548));
#12772=DIRECTION('',(0.,-1.,0.));
#12773=DIRECTION('',(0.,1.,0.));
#12774=DIRECTION('center_axis',(9.8130778667736E-16,0.707106781186548,0.707106781186547));
#12775=DIRECTION('ref_axis',(9.8130778667736E-16,-0.707106781186547,0.707106781186548));
#12776=DIRECTION('center_axis',(0.,0.,1.));
#12777=DIRECTION('ref_axis',(0.707106781186547,0.707106781186548,0.));
#12778=DIRECTION('',(0.,0.,-1.));
#12779=DIRECTION('',(0.,0.,1.));
#12780=DIRECTION('center_axis',(0.,-0.707106781186547,0.707106781186548));
#12781=DIRECTION('ref_axis',(0.,-0.707106781186548,-0.707106781186547));
#12782=DIRECTION('center_axis',(0.,-1.,0.));
#12783=DIRECTION('ref_axis',(0.707106781186548,0.,0.707106781186548));
#12784=DIRECTION('',(0.,1.,0.));
#12785=DIRECTION('',(0.,-1.,0.));
#12786=DIRECTION('center_axis',(0.,0.,1.));
#12787=DIRECTION('ref_axis',(0.,-1.,0.));
#12788=DIRECTION('',(1.,0.,0.));
#12789=DIRECTION('',(0.,-1.,0.));
#12790=DIRECTION('',(1.,0.,0.));
#12791=DIRECTION('center_axis',(0.,-1.,0.));
#12792=DIRECTION('ref_axis',(0.,0.,-1.));
#12793=DIRECTION('',(1.,0.,0.));
#12794=DIRECTION('',(0.,0.,-1.));
#12795=DIRECTION('center_axis',(1.,0.,0.));
#12796=DIRECTION('ref_axis',(0.,0.,-1.));
#12797=DIRECTION('center_axis',(1.,0.,0.));
#12798=DIRECTION('ref_axis',(0.,0.,-1.));
#12799=DIRECTION('center_axis',(1.,0.,0.));
#12800=DIRECTION('ref_axis',(0.,-0.707106781186548,0.707106781186548));
#12801=DIRECTION('',(0.,1.,0.));
#12802=DIRECTION('',(0.,0.,-1.));
#12803=DIRECTION('',(0.,-1.,0.));
#12804=DIRECTION('',(0.,1.,0.));
#12805=DIRECTION('',(0.,0.,1.));
#12806=DIRECTION('center_axis',(1.,0.,0.));
#12807=DIRECTION('ref_axis',(0.,-0.707106781186548,0.707106781186548));
#12808=DIRECTION('center_axis',(-1.,0.,0.));
#12809=DIRECTION('ref_axis',(0.,-0.707106781186548,-0.707106781186548));
#12810=DIRECTION('',(-1.,0.,0.));
#12811=DIRECTION('',(1.,0.,0.));
#12812=DIRECTION('center_axis',(0.,0.,1.));
#12813=DIRECTION('ref_axis',(0.,-1.,0.));
#12814=DIRECTION('',(0.,-1.,0.));
#12815=DIRECTION('',(1.,0.,0.));
#12816=DIRECTION('center_axis',(0.,0.,-1.));
#12817=DIRECTION('ref_axis',(0.,1.,0.));
#12818=DIRECTION('',(1.,0.,0.));
#12819=DIRECTION('center_axis',(0.,1.,0.));
#12820=DIRECTION('ref_axis',(0.,0.,1.));
#12821=DIRECTION('center_axis',(0.,-1.,0.));
#12822=DIRECTION('ref_axis',(0.,0.,-1.));
#12823=DIRECTION('',(1.,0.,0.));
#12824=DIRECTION('',(0.,0.,1.));
#12825=DIRECTION('center_axis',(0.,0.,1.));
#12826=DIRECTION('ref_axis',(0.,-1.,0.));
#12827=DIRECTION('',(0.,1.,0.));
#12828=DIRECTION('center_axis',(0.,0.,-1.));
#12829=DIRECTION('ref_axis',(0.,1.,0.));
#12830=DIRECTION('',(1.,0.,0.));
#12831=DIRECTION('',(0.,1.,0.));
#12832=DIRECTION('center_axis',(0.,1.,0.));
#12833=DIRECTION('ref_axis',(0.,0.,1.));
#12834=DIRECTION('',(0.,0.,1.));
#12835=DIRECTION('center_axis',(1.,0.,0.));
#12836=DIRECTION('ref_axis',(0.,0.,-1.));
#12837=DIRECTION('center_axis',(0.,1.,0.));
#12838=DIRECTION('ref_axis',(0.707106781186547,0.,-0.707106781186548));
#12839=DIRECTION('',(0.,-1.,0.));
#12840=DIRECTION('center_axis',(0.,0.707106781186547,-0.707106781186548));
#12841=DIRECTION('ref_axis',(0.,-0.707106781186548,-0.707106781186547));
#12842=DIRECTION('',(0.,1.,0.));
#12843=DIRECTION('center_axis',(-9.8130778667736E-16,0.707106781186547,
0.707106781186548));
#12844=DIRECTION('ref_axis',(-9.8130778667736E-16,0.707106781186548,-0.707106781186547));
#12845=DIRECTION('center_axis',(0.,0.,-1.));
#12846=DIRECTION('ref_axis',(0.707106781186547,-0.707106781186548,0.));
#12847=DIRECTION('',(0.,0.,1.));
#12848=DIRECTION('center_axis',(-9.8130778667736E-16,-0.707106781186547,
-0.707106781186548));
#12849=DIRECTION('ref_axis',(-9.8130778667736E-16,-0.707106781186548,0.707106781186547));
#12850=DIRECTION('',(0.,0.,-1.));
#12851=DIRECTION('center_axis',(0.,-1.,0.));
#12852=DIRECTION('ref_axis',(0.707106781186547,0.,0.707106781186548));
#12853=DIRECTION('',(0.,1.,0.));
#12854=DIRECTION('center_axis',(0.,-0.707106781186547,0.707106781186548));
#12855=DIRECTION('ref_axis',(0.,0.707106781186548,0.707106781186547));
#12856=DIRECTION('',(0.,-1.,0.));
#12857=DIRECTION('center_axis',(0.,0.,1.));
#12858=DIRECTION('ref_axis',(0.707106781186547,0.707106781186548,0.));
#12859=DIRECTION('',(0.,0.,1.));
#12860=DIRECTION('',(0.,0.,-1.));
#12861=DIRECTION('center_axis',(0.,1.,0.));
#12862=DIRECTION('ref_axis',(0.,0.,1.));
#12863=DIRECTION('',(1.,0.,0.));
#12864=DIRECTION('',(0.,0.,-1.));
#12865=DIRECTION('',(1.,0.,0.));
#12866=DIRECTION('center_axis',(0.,0.,-1.));
#12867=DIRECTION('ref_axis',(0.,1.,0.));
#12868=DIRECTION('',(1.,0.,0.));
#12869=DIRECTION('',(0.,-1.,0.));
#12870=DIRECTION('center_axis',(1.,0.,0.));
#12871=DIRECTION('ref_axis',(0.,0.,-1.));
#12872=DIRECTION('center_axis',(0.,0.,-1.));
#12873=DIRECTION('ref_axis',(0.707106781186547,-0.707106781186548,0.));
#12874=DIRECTION('',(0.,0.,-1.));
#12875=DIRECTION('center_axis',(0.,0.707106781186547,-0.707106781186548));
#12876=DIRECTION('ref_axis',(0.,0.707106781186548,0.707106781186547));
#12877=DIRECTION('',(0.,0.,1.));
#12878=DIRECTION('center_axis',(9.8130778667736E-16,-0.707106781186548,
-0.707106781186547));
#12879=DIRECTION('ref_axis',(9.8130778667736E-16,0.707106781186547,-0.707106781186548));
#12880=DIRECTION('center_axis',(0.,1.,0.));
#12881=DIRECTION('ref_axis',(0.707106781186548,0.,-0.707106781186548));
#12882=DIRECTION('',(0.,-1.,0.));
#12883=DIRECTION('',(0.,1.,0.));
#12884=DIRECTION('center_axis',(9.8130778667736E-16,0.707106781186548,0.707106781186547));
#12885=DIRECTION('ref_axis',(9.8130778667736E-16,-0.707106781186547,0.707106781186548));
#12886=DIRECTION('center_axis',(0.,0.,1.));
#12887=DIRECTION('ref_axis',(0.707106781186547,0.707106781186548,0.));
#12888=DIRECTION('',(0.,0.,-1.));
#12889=DIRECTION('',(0.,0.,1.));
#12890=DIRECTION('center_axis',(0.,-0.707106781186547,0.707106781186548));
#12891=DIRECTION('ref_axis',(0.,-0.707106781186548,-0.707106781186547));
#12892=DIRECTION('center_axis',(0.,-1.,0.));
#12893=DIRECTION('ref_axis',(0.707106781186548,0.,0.707106781186548));
#12894=DIRECTION('',(0.,1.,0.));
#12895=DIRECTION('',(0.,-1.,0.));
#12896=DIRECTION('center_axis',(0.,0.,1.));
#12897=DIRECTION('ref_axis',(0.,-1.,0.));
#12898=DIRECTION('',(1.,0.,0.));
#12899=DIRECTION('',(0.,-1.,0.));
#12900=DIRECTION('',(1.,0.,0.));
#12901=DIRECTION('center_axis',(0.,-1.,0.));
#12902=DIRECTION('ref_axis',(0.,0.,-1.));
#12903=DIRECTION('',(1.,0.,0.));
#12904=DIRECTION('',(0.,0.,-1.));
#12905=DIRECTION('center_axis',(1.,0.,0.));
#12906=DIRECTION('ref_axis',(0.,0.,-1.));
#12907=DIRECTION('center_axis',(1.,0.,0.));
#12908=DIRECTION('ref_axis',(0.,0.,-1.));
#12909=DIRECTION('center_axis',(1.,0.,0.));
#12910=DIRECTION('ref_axis',(0.,-0.707106781186548,0.707106781186548));
#12911=DIRECTION('',(0.,1.,0.));
#12912=DIRECTION('',(0.,0.,-1.));
#12913=DIRECTION('',(0.,-1.,0.));
#12914=DIRECTION('',(0.,1.,0.));
#12915=DIRECTION('',(0.,0.,1.));
#12916=DIRECTION('center_axis',(1.,0.,0.));
#12917=DIRECTION('ref_axis',(0.,-0.707106781186548,0.707106781186548));
#12918=DIRECTION('center_axis',(-1.,0.,0.));
#12919=DIRECTION('ref_axis',(0.,-0.707106781186548,-0.707106781186548));
#12920=DIRECTION('',(-1.,0.,0.));
#12921=DIRECTION('',(1.,0.,0.));
#12922=DIRECTION('center_axis',(0.,0.,1.));
#12923=DIRECTION('ref_axis',(0.,-1.,0.));
#12924=DIRECTION('',(0.,-1.,0.));
#12925=DIRECTION('',(1.,0.,0.));
#12926=DIRECTION('center_axis',(0.,0.,-1.));
#12927=DIRECTION('ref_axis',(0.,1.,0.));
#12928=DIRECTION('',(1.,0.,0.));
#12929=DIRECTION('center_axis',(0.,1.,0.));
#12930=DIRECTION('ref_axis',(0.,0.,1.));
#12931=DIRECTION('center_axis',(0.,-1.,0.));
#12932=DIRECTION('ref_axis',(0.,0.,-1.));
#12933=DIRECTION('',(1.,0.,0.));
#12934=DIRECTION('',(0.,0.,1.));
#12935=DIRECTION('center_axis',(0.,0.,1.));
#12936=DIRECTION('ref_axis',(0.,-1.,0.));
#12937=DIRECTION('',(0.,1.,0.));
#12938=DIRECTION('center_axis',(0.,0.,-1.));
#12939=DIRECTION('ref_axis',(0.,1.,0.));
#12940=DIRECTION('',(1.,0.,0.));
#12941=DIRECTION('',(0.,1.,0.));
#12942=DIRECTION('center_axis',(0.,1.,0.));
#12943=DIRECTION('ref_axis',(0.,0.,1.));
#12944=DIRECTION('',(0.,0.,1.));
#12945=DIRECTION('center_axis',(1.,0.,0.));
#12946=DIRECTION('ref_axis',(0.,0.,-1.));
#12947=DIRECTION('center_axis',(0.,1.,0.));
#12948=DIRECTION('ref_axis',(-0.707106781186548,0.,-0.707106781186547));
#12949=DIRECTION('',(0.,-1.,0.));
#12950=DIRECTION('center_axis',(-0.707106781186548,0.707106781186547,-1.57009245868378E-16));
#12951=DIRECTION('ref_axis',(-0.707106781186547,-0.707106781186548,-1.57009245868377E-16));
#12952=DIRECTION('',(0.,1.,0.));
#12953=DIRECTION('center_axis',(0.707106781186548,0.707106781186547,1.13831703254574E-15));
#12954=DIRECTION('ref_axis',(-0.707106781186547,0.707106781186548,8.24298540808983E-16));
#12955=DIRECTION('center_axis',(-1.,0.,-2.22044604925031E-16));
#12956=DIRECTION('ref_axis',(1.57009245868377E-16,-0.707106781186548,-0.707106781186547));
#12957=DIRECTION('',(1.,0.,2.22044604925031E-16));
#12958=DIRECTION('center_axis',(-0.707106781186548,-0.707106781186547,8.24298540808982E-16));
#12959=DIRECTION('ref_axis',(0.707106781186547,-0.707106781186548,1.13831703254574E-15));
#12960=DIRECTION('',(-1.,0.,-2.22044604925031E-16));
#12961=DIRECTION('center_axis',(0.,-1.,0.));
#12962=DIRECTION('ref_axis',(0.707106781186548,0.,-0.707106781186547));
#12963=DIRECTION('',(0.,1.,0.));
#12964=DIRECTION('center_axis',(0.707106781186548,-0.707106781186547,1.57009245868378E-16));
#12965=DIRECTION('ref_axis',(0.707106781186547,0.707106781186548,1.57009245868377E-16));
#12966=DIRECTION('',(0.,-1.,0.));
#12967=DIRECTION('center_axis',(1.,0.,2.22044604925031E-16));
#12968=DIRECTION('ref_axis',(1.57009245868377E-16,0.707106781186548,-0.707106781186547));
#12969=DIRECTION('',(1.,0.,2.22044604925031E-16));
#12970=DIRECTION('',(-1.,0.,-2.22044604925031E-16));
#12971=DIRECTION('center_axis',(0.,1.,0.));
#12972=DIRECTION('ref_axis',(1.,0.,2.22044604925031E-16));
#12973=DIRECTION('',(2.22044604925031E-16,0.,-1.));
#12974=DIRECTION('',(-1.,0.,-2.22044604925031E-16));
#12975=DIRECTION('',(2.22044604925031E-16,0.,-1.));
#12976=DIRECTION('center_axis',(-1.,0.,-2.22044604925031E-16));
#12977=DIRECTION('ref_axis',(0.,1.,0.));
#12978=DIRECTION('',(2.22044604925031E-16,0.,-1.));
#12979=DIRECTION('',(0.,-1.,0.));
#12980=DIRECTION('center_axis',(2.22044604925031E-16,0.,-1.));
#12981=DIRECTION('ref_axis',(-1.,0.,-2.22044604925031E-16));
#12982=DIRECTION('center_axis',(-1.,0.,-2.22044604925031E-16));
#12983=DIRECTION('ref_axis',(1.57009245868377E-16,-0.707106781186548,-0.707106781186547));
#12984=DIRECTION('',(-1.,0.,-2.22044604925031E-16));
#12985=DIRECTION('center_axis',(-0.707106781186548,0.707106781186547,-1.57009245868378E-16));
#12986=DIRECTION('ref_axis',(0.707106781186547,0.707106781186548,1.57009245868377E-16));
#12987=DIRECTION('',(1.,0.,2.22044604925031E-16));
#12988=DIRECTION('center_axis',(-0.707106781186547,-0.707106781186548,-1.13831703254574E-15));
#12989=DIRECTION('ref_axis',(-0.707106781186548,0.707106781186547,-1.13831703254574E-15));
#12990=DIRECTION('center_axis',(0.,1.,0.));
#12991=DIRECTION('ref_axis',(-0.707106781186547,0.,-0.707106781186548));
#12992=DIRECTION('',(0.,-1.,0.));
#12993=DIRECTION('',(0.,1.,0.));
#12994=DIRECTION('center_axis',(0.707106781186547,0.707106781186548,-8.24298540808982E-16));
#12995=DIRECTION('ref_axis',(0.707106781186548,-0.707106781186547,-8.24298540808983E-16));
#12996=DIRECTION('center_axis',(1.,0.,2.22044604925031E-16));
#12997=DIRECTION('ref_axis',(1.57009245868377E-16,0.707106781186548,-0.707106781186547));
#12998=DIRECTION('',(-1.,0.,-2.22044604925031E-16));
#12999=DIRECTION('',(1.,0.,2.22044604925031E-16));
#13000=DIRECTION('center_axis',(0.707106781186548,-0.707106781186547,1.57009245868378E-16));
#13001=DIRECTION('ref_axis',(-0.707106781186547,-0.707106781186548,-1.57009245868377E-16));
#13002=DIRECTION('center_axis',(0.,-1.,0.));
#13003=DIRECTION('ref_axis',(0.707106781186548,0.,-0.707106781186547));
#13004=DIRECTION('',(0.,1.,0.));
#13005=DIRECTION('',(0.,-1.,0.));
#13006=DIRECTION('center_axis',(1.,0.,2.22044604925031E-16));
#13007=DIRECTION('ref_axis',(0.,-1.,0.));
#13008=DIRECTION('',(2.22044604925031E-16,0.,-1.));
#13009=DIRECTION('',(0.,-1.,0.));
#13010=DIRECTION('',(2.22044604925031E-16,0.,-1.));
#13011=DIRECTION('center_axis',(0.,-1.,0.));
#13012=DIRECTION('ref_axis',(-1.,0.,-2.22044604925031E-16));
#13013=DIRECTION('',(2.22044604925031E-16,0.,-1.));
#13014=DIRECTION('',(-1.,0.,-2.22044604925031E-16));
#13015=DIRECTION('center_axis',(2.22044604925031E-16,0.,-1.));
#13016=DIRECTION('ref_axis',(-1.,0.,-2.22044604925031E-16));
#13017=DIRECTION('center_axis',(2.22044604925031E-16,0.,-1.));
#13018=DIRECTION('ref_axis',(-1.,0.,-2.22044604925031E-16));
#13019=DIRECTION('center_axis',(2.22044604925031E-16,0.,-1.));
#13020=DIRECTION('ref_axis',(0.707106781186548,-0.707106781186548,1.57009245868378E-16));
#13021=DIRECTION('',(0.,1.,0.));
#13022=DIRECTION('',(-1.,0.,-2.22044604925031E-16));
#13023=DIRECTION('',(0.,-1.,0.));
#13024=DIRECTION('',(0.,1.,0.));
#13025=DIRECTION('',(1.,0.,2.22044604925031E-16));
#13026=DIRECTION('center_axis',(2.22044604925031E-16,0.,-1.));
#13027=DIRECTION('ref_axis',(0.707106781186548,-0.707106781186548,1.57009245868378E-16));
#13028=DIRECTION('center_axis',(-2.22044604925031E-16,0.,1.));
#13029=DIRECTION('ref_axis',(-0.707106781186548,-0.707106781186548,-1.57009245868378E-16));
#13030=DIRECTION('',(-2.22044604925031E-16,0.,1.));
#13031=DIRECTION('',(2.22044604925031E-16,0.,-1.));
#13032=DIRECTION('center_axis',(1.,0.,2.22044604925031E-16));
#13033=DIRECTION('ref_axis',(0.,-1.,0.));
#13034=DIRECTION('',(0.,-1.,0.));
#13035=DIRECTION('',(2.22044604925031E-16,0.,-1.));
#13036=DIRECTION('center_axis',(-1.,0.,-2.22044604925031E-16));
#13037=DIRECTION('ref_axis',(0.,1.,0.));
#13038=DIRECTION('',(2.22044604925031E-16,0.,-1.));
#13039=DIRECTION('center_axis',(0.,1.,0.));
#13040=DIRECTION('ref_axis',(1.,0.,2.22044604925031E-16));
#13041=DIRECTION('center_axis',(0.,-1.,0.));
#13042=DIRECTION('ref_axis',(-1.,0.,-2.22044604925031E-16));
#13043=DIRECTION('',(2.22044604925031E-16,0.,-1.));
#13044=DIRECTION('',(1.,0.,2.22044604925031E-16));
#13045=DIRECTION('center_axis',(1.,0.,2.22044604925031E-16));
#13046=DIRECTION('ref_axis',(0.,-1.,0.));
#13047=DIRECTION('',(0.,1.,0.));
#13048=DIRECTION('center_axis',(-1.,0.,-2.22044604925031E-16));
#13049=DIRECTION('ref_axis',(0.,1.,0.));
#13050=DIRECTION('',(2.22044604925031E-16,0.,-1.));
#13051=DIRECTION('',(0.,1.,0.));
#13052=DIRECTION('center_axis',(0.,1.,0.));
#13053=DIRECTION('ref_axis',(1.,0.,2.22044604925031E-16));
#13054=DIRECTION('',(1.,0.,2.22044604925031E-16));
#13055=DIRECTION('center_axis',(2.22044604925031E-16,0.,-1.));
#13056=DIRECTION('ref_axis',(-1.,0.,-2.22044604925031E-16));
#13057=DIRECTION('center_axis',(0.,1.,0.));
#13058=DIRECTION('ref_axis',(-0.707106781186548,0.,-0.707106781186547));
#13059=DIRECTION('',(0.,-1.,0.));
#13060=DIRECTION('center_axis',(-0.707106781186548,0.707106781186547,-1.57009245868378E-16));
#13061=DIRECTION('ref_axis',(-0.707106781186547,-0.707106781186548,-1.57009245868377E-16));
#13062=DIRECTION('',(0.,1.,0.));
#13063=DIRECTION('center_axis',(0.707106781186548,0.707106781186547,1.13831703254574E-15));
#13064=DIRECTION('ref_axis',(-0.707106781186547,0.707106781186548,8.24298540808983E-16));
#13065=DIRECTION('center_axis',(-1.,0.,-2.22044604925031E-16));
#13066=DIRECTION('ref_axis',(1.57009245868377E-16,-0.707106781186548,-0.707106781186547));
#13067=DIRECTION('',(1.,0.,2.22044604925031E-16));
#13068=DIRECTION('center_axis',(-0.707106781186548,-0.707106781186547,8.24298540808982E-16));
#13069=DIRECTION('ref_axis',(0.707106781186547,-0.707106781186548,1.13831703254574E-15));
#13070=DIRECTION('',(-1.,0.,-2.22044604925031E-16));
#13071=DIRECTION('center_axis',(0.,-1.,0.));
#13072=DIRECTION('ref_axis',(0.707106781186548,0.,-0.707106781186547));
#13073=DIRECTION('',(0.,1.,0.));
#13074=DIRECTION('center_axis',(0.707106781186548,-0.707106781186547,1.57009245868378E-16));
#13075=DIRECTION('ref_axis',(0.707106781186547,0.707106781186548,1.57009245868377E-16));
#13076=DIRECTION('',(0.,-1.,0.));
#13077=DIRECTION('center_axis',(1.,0.,2.22044604925031E-16));
#13078=DIRECTION('ref_axis',(1.57009245868377E-16,0.707106781186548,-0.707106781186547));
#13079=DIRECTION('',(1.,0.,2.22044604925031E-16));
#13080=DIRECTION('',(-1.,0.,-2.22044604925031E-16));
#13081=DIRECTION('center_axis',(0.,1.,0.));
#13082=DIRECTION('ref_axis',(1.,0.,2.22044604925031E-16));
#13083=DIRECTION('',(2.22044604925031E-16,0.,-1.));
#13084=DIRECTION('',(-1.,0.,-2.22044604925031E-16));
#13085=DIRECTION('',(2.22044604925031E-16,0.,-1.));
#13086=DIRECTION('center_axis',(-1.,0.,-2.22044604925031E-16));
#13087=DIRECTION('ref_axis',(0.,1.,0.));
#13088=DIRECTION('',(2.22044604925031E-16,0.,-1.));
#13089=DIRECTION('',(0.,-1.,0.));
#13090=DIRECTION('center_axis',(2.22044604925031E-16,0.,-1.));
#13091=DIRECTION('ref_axis',(-1.,0.,-2.22044604925031E-16));
#13092=DIRECTION('center_axis',(-1.,0.,-2.22044604925031E-16));
#13093=DIRECTION('ref_axis',(1.57009245868377E-16,-0.707106781186548,-0.707106781186547));
#13094=DIRECTION('',(-1.,0.,-2.22044604925031E-16));
#13095=DIRECTION('center_axis',(-0.707106781186548,0.707106781186547,-1.57009245868378E-16));
#13096=DIRECTION('ref_axis',(0.707106781186547,0.707106781186548,1.57009245868377E-16));
#13097=DIRECTION('',(1.,0.,2.22044604925031E-16));
#13098=DIRECTION('center_axis',(-0.707106781186547,-0.707106781186548,-1.13831703254574E-15));
#13099=DIRECTION('ref_axis',(-0.707106781186548,0.707106781186547,-1.13831703254574E-15));
#13100=DIRECTION('center_axis',(0.,1.,0.));
#13101=DIRECTION('ref_axis',(-0.707106781186547,0.,-0.707106781186548));
#13102=DIRECTION('',(0.,-1.,0.));
#13103=DIRECTION('',(0.,1.,0.));
#13104=DIRECTION('center_axis',(0.707106781186547,0.707106781186548,-8.24298540808982E-16));
#13105=DIRECTION('ref_axis',(0.707106781186548,-0.707106781186547,-8.24298540808983E-16));
#13106=DIRECTION('center_axis',(1.,0.,2.22044604925031E-16));
#13107=DIRECTION('ref_axis',(1.57009245868377E-16,0.707106781186548,-0.707106781186547));
#13108=DIRECTION('',(-1.,0.,-2.22044604925031E-16));
#13109=DIRECTION('',(1.,0.,2.22044604925031E-16));
#13110=DIRECTION('center_axis',(0.707106781186548,-0.707106781186547,1.57009245868378E-16));
#13111=DIRECTION('ref_axis',(-0.707106781186547,-0.707106781186548,-1.57009245868377E-16));
#13112=DIRECTION('center_axis',(0.,-1.,0.));
#13113=DIRECTION('ref_axis',(0.707106781186548,0.,-0.707106781186547));
#13114=DIRECTION('',(0.,1.,0.));
#13115=DIRECTION('',(0.,-1.,0.));
#13116=DIRECTION('center_axis',(1.,0.,2.22044604925031E-16));
#13117=DIRECTION('ref_axis',(0.,-1.,0.));
#13118=DIRECTION('',(2.22044604925031E-16,0.,-1.));
#13119=DIRECTION('',(0.,-1.,0.));
#13120=DIRECTION('',(2.22044604925031E-16,0.,-1.));
#13121=DIRECTION('center_axis',(0.,-1.,0.));
#13122=DIRECTION('ref_axis',(-1.,0.,-2.22044604925031E-16));
#13123=DIRECTION('',(2.22044604925031E-16,0.,-1.));
#13124=DIRECTION('',(-1.,0.,-2.22044604925031E-16));
#13125=DIRECTION('center_axis',(2.22044604925031E-16,0.,-1.));
#13126=DIRECTION('ref_axis',(-1.,0.,-2.22044604925031E-16));
#13127=DIRECTION('center_axis',(2.22044604925031E-16,0.,-1.));
#13128=DIRECTION('ref_axis',(-1.,0.,-2.22044604925031E-16));
#13129=DIRECTION('center_axis',(2.22044604925031E-16,0.,-1.));
#13130=DIRECTION('ref_axis',(0.707106781186548,-0.707106781186548,1.57009245868378E-16));
#13131=DIRECTION('',(0.,1.,0.));
#13132=DIRECTION('',(-1.,0.,-2.22044604925031E-16));
#13133=DIRECTION('',(0.,-1.,0.));
#13134=DIRECTION('',(0.,1.,0.));
#13135=DIRECTION('',(1.,0.,2.22044604925031E-16));
#13136=DIRECTION('center_axis',(2.22044604925031E-16,0.,-1.));
#13137=DIRECTION('ref_axis',(0.707106781186548,-0.707106781186548,1.57009245868378E-16));
#13138=DIRECTION('center_axis',(-2.22044604925031E-16,0.,1.));
#13139=DIRECTION('ref_axis',(-0.707106781186548,-0.707106781186548,-1.57009245868378E-16));
#13140=DIRECTION('',(-2.22044604925031E-16,0.,1.));
#13141=DIRECTION('',(2.22044604925031E-16,0.,-1.));
#13142=DIRECTION('center_axis',(1.,0.,2.22044604925031E-16));
#13143=DIRECTION('ref_axis',(0.,-1.,0.));
#13144=DIRECTION('',(0.,-1.,0.));
#13145=DIRECTION('',(2.22044604925031E-16,0.,-1.));
#13146=DIRECTION('center_axis',(-1.,0.,-2.22044604925031E-16));
#13147=DIRECTION('ref_axis',(0.,1.,0.));
#13148=DIRECTION('',(2.22044604925031E-16,0.,-1.));
#13149=DIRECTION('center_axis',(0.,1.,0.));
#13150=DIRECTION('ref_axis',(1.,0.,2.22044604925031E-16));
#13151=DIRECTION('center_axis',(0.,-1.,0.));
#13152=DIRECTION('ref_axis',(-1.,0.,-2.22044604925031E-16));
#13153=DIRECTION('',(2.22044604925031E-16,0.,-1.));
#13154=DIRECTION('',(1.,0.,2.22044604925031E-16));
#13155=DIRECTION('center_axis',(1.,0.,2.22044604925031E-16));
#13156=DIRECTION('ref_axis',(0.,-1.,0.));
#13157=DIRECTION('',(0.,1.,0.));
#13158=DIRECTION('center_axis',(-1.,0.,-2.22044604925031E-16));
#13159=DIRECTION('ref_axis',(0.,1.,0.));
#13160=DIRECTION('',(2.22044604925031E-16,0.,-1.));
#13161=DIRECTION('',(0.,1.,0.));
#13162=DIRECTION('center_axis',(0.,1.,0.));
#13163=DIRECTION('ref_axis',(1.,0.,2.22044604925031E-16));
#13164=DIRECTION('',(1.,0.,2.22044604925031E-16));
#13165=DIRECTION('center_axis',(2.22044604925031E-16,0.,-1.));
#13166=DIRECTION('ref_axis',(-1.,0.,-2.22044604925031E-16));
#13167=DIRECTION('center_axis',(0.,1.,0.));
#13168=DIRECTION('ref_axis',(-0.707106781186548,0.,-0.707106781186547));
#13169=DIRECTION('',(0.,-1.,0.));
#13170=DIRECTION('center_axis',(-0.707106781186548,0.707106781186547,-1.57009245868378E-16));
#13171=DIRECTION('ref_axis',(-0.707106781186547,-0.707106781186548,-1.57009245868377E-16));
#13172=DIRECTION('',(0.,1.,0.));
#13173=DIRECTION('center_axis',(0.707106781186548,0.707106781186547,1.13831703254574E-15));
#13174=DIRECTION('ref_axis',(-0.707106781186547,0.707106781186548,8.24298540808983E-16));
#13175=DIRECTION('center_axis',(-1.,0.,-2.22044604925031E-16));
#13176=DIRECTION('ref_axis',(1.57009245868377E-16,-0.707106781186548,-0.707106781186547));
#13177=DIRECTION('',(1.,0.,2.22044604925031E-16));
#13178=DIRECTION('center_axis',(-0.707106781186548,-0.707106781186547,8.24298540808982E-16));
#13179=DIRECTION('ref_axis',(0.707106781186547,-0.707106781186548,1.13831703254574E-15));
#13180=DIRECTION('',(-1.,0.,-2.22044604925031E-16));
#13181=DIRECTION('center_axis',(0.,-1.,0.));
#13182=DIRECTION('ref_axis',(0.707106781186548,0.,-0.707106781186547));
#13183=DIRECTION('',(0.,1.,0.));
#13184=DIRECTION('center_axis',(0.707106781186548,-0.707106781186547,1.57009245868378E-16));
#13185=DIRECTION('ref_axis',(0.707106781186547,0.707106781186548,1.57009245868377E-16));
#13186=DIRECTION('',(0.,-1.,0.));
#13187=DIRECTION('center_axis',(1.,0.,2.22044604925031E-16));
#13188=DIRECTION('ref_axis',(1.57009245868377E-16,0.707106781186548,-0.707106781186547));
#13189=DIRECTION('',(1.,0.,2.22044604925031E-16));
#13190=DIRECTION('',(-1.,0.,-2.22044604925031E-16));
#13191=DIRECTION('center_axis',(0.,1.,0.));
#13192=DIRECTION('ref_axis',(1.,0.,2.22044604925031E-16));
#13193=DIRECTION('',(2.22044604925031E-16,0.,-1.));
#13194=DIRECTION('',(-1.,0.,-2.22044604925031E-16));
#13195=DIRECTION('',(2.22044604925031E-16,0.,-1.));
#13196=DIRECTION('center_axis',(-1.,0.,-2.22044604925031E-16));
#13197=DIRECTION('ref_axis',(0.,1.,0.));
#13198=DIRECTION('',(2.22044604925031E-16,0.,-1.));
#13199=DIRECTION('',(0.,-1.,0.));
#13200=DIRECTION('center_axis',(2.22044604925031E-16,0.,-1.));
#13201=DIRECTION('ref_axis',(-1.,0.,-2.22044604925031E-16));
#13202=DIRECTION('center_axis',(-1.,0.,-2.22044604925031E-16));
#13203=DIRECTION('ref_axis',(1.57009245868377E-16,-0.707106781186548,-0.707106781186547));
#13204=DIRECTION('',(-1.,0.,-2.22044604925031E-16));
#13205=DIRECTION('center_axis',(-0.707106781186548,0.707106781186547,-1.57009245868378E-16));
#13206=DIRECTION('ref_axis',(0.707106781186547,0.707106781186548,1.57009245868377E-16));
#13207=DIRECTION('',(1.,0.,2.22044604925031E-16));
#13208=DIRECTION('center_axis',(-0.707106781186547,-0.707106781186548,-1.13831703254574E-15));
#13209=DIRECTION('ref_axis',(-0.707106781186548,0.707106781186547,-1.13831703254574E-15));
#13210=DIRECTION('center_axis',(0.,1.,0.));
#13211=DIRECTION('ref_axis',(-0.707106781186547,0.,-0.707106781186548));
#13212=DIRECTION('',(0.,-1.,0.));
#13213=DIRECTION('',(0.,1.,0.));
#13214=DIRECTION('center_axis',(0.707106781186547,0.707106781186548,-8.24298540808982E-16));
#13215=DIRECTION('ref_axis',(0.707106781186548,-0.707106781186547,-8.24298540808983E-16));
#13216=DIRECTION('center_axis',(1.,0.,2.22044604925031E-16));
#13217=DIRECTION('ref_axis',(1.57009245868377E-16,0.707106781186548,-0.707106781186547));
#13218=DIRECTION('',(-1.,0.,-2.22044604925031E-16));
#13219=DIRECTION('',(1.,0.,2.22044604925031E-16));
#13220=DIRECTION('center_axis',(0.707106781186548,-0.707106781186547,1.57009245868378E-16));
#13221=DIRECTION('ref_axis',(-0.707106781186547,-0.707106781186548,-1.57009245868377E-16));
#13222=DIRECTION('center_axis',(0.,-1.,0.));
#13223=DIRECTION('ref_axis',(0.707106781186548,0.,-0.707106781186547));
#13224=DIRECTION('',(0.,1.,0.));
#13225=DIRECTION('',(0.,-1.,0.));
#13226=DIRECTION('center_axis',(1.,0.,2.22044604925031E-16));
#13227=DIRECTION('ref_axis',(0.,-1.,0.));
#13228=DIRECTION('',(2.22044604925031E-16,0.,-1.));
#13229=DIRECTION('',(0.,-1.,0.));
#13230=DIRECTION('',(2.22044604925031E-16,0.,-1.));
#13231=DIRECTION('center_axis',(0.,-1.,0.));
#13232=DIRECTION('ref_axis',(-1.,0.,-2.22044604925031E-16));
#13233=DIRECTION('',(2.22044604925031E-16,0.,-1.));
#13234=DIRECTION('',(-1.,0.,-2.22044604925031E-16));
#13235=DIRECTION('center_axis',(2.22044604925031E-16,0.,-1.));
#13236=DIRECTION('ref_axis',(-1.,0.,-2.22044604925031E-16));
#13237=DIRECTION('center_axis',(2.22044604925031E-16,0.,-1.));
#13238=DIRECTION('ref_axis',(-1.,0.,-2.22044604925031E-16));
#13239=DIRECTION('center_axis',(2.22044604925031E-16,0.,-1.));
#13240=DIRECTION('ref_axis',(0.707106781186548,-0.707106781186548,1.57009245868378E-16));
#13241=DIRECTION('',(0.,1.,0.));
#13242=DIRECTION('',(-1.,0.,-2.22044604925031E-16));
#13243=DIRECTION('',(0.,-1.,0.));
#13244=DIRECTION('',(0.,1.,0.));
#13245=DIRECTION('',(1.,0.,2.22044604925031E-16));
#13246=DIRECTION('center_axis',(2.22044604925031E-16,0.,-1.));
#13247=DIRECTION('ref_axis',(0.707106781186548,-0.707106781186548,1.57009245868378E-16));
#13248=DIRECTION('center_axis',(-2.22044604925031E-16,0.,1.));
#13249=DIRECTION('ref_axis',(-0.707106781186548,-0.707106781186548,-1.57009245868378E-16));
#13250=DIRECTION('',(-2.22044604925031E-16,0.,1.));
#13251=DIRECTION('',(2.22044604925031E-16,0.,-1.));
#13252=DIRECTION('center_axis',(1.,0.,2.22044604925031E-16));
#13253=DIRECTION('ref_axis',(0.,-1.,0.));
#13254=DIRECTION('',(0.,-1.,0.));
#13255=DIRECTION('',(2.22044604925031E-16,0.,-1.));
#13256=DIRECTION('center_axis',(-1.,0.,-2.22044604925031E-16));
#13257=DIRECTION('ref_axis',(0.,1.,0.));
#13258=DIRECTION('',(2.22044604925031E-16,0.,-1.));
#13259=DIRECTION('center_axis',(0.,1.,0.));
#13260=DIRECTION('ref_axis',(1.,0.,2.22044604925031E-16));
#13261=DIRECTION('center_axis',(0.,-1.,0.));
#13262=DIRECTION('ref_axis',(-1.,0.,-2.22044604925031E-16));
#13263=DIRECTION('',(2.22044604925031E-16,0.,-1.));
#13264=DIRECTION('',(1.,0.,2.22044604925031E-16));
#13265=DIRECTION('center_axis',(1.,0.,2.22044604925031E-16));
#13266=DIRECTION('ref_axis',(0.,-1.,0.));
#13267=DIRECTION('',(0.,1.,0.));
#13268=DIRECTION('center_axis',(-1.,0.,-2.22044604925031E-16));
#13269=DIRECTION('ref_axis',(0.,1.,0.));
#13270=DIRECTION('',(2.22044604925031E-16,0.,-1.));
#13271=DIRECTION('',(0.,1.,0.));
#13272=DIRECTION('center_axis',(0.,1.,0.));
#13273=DIRECTION('ref_axis',(1.,0.,2.22044604925031E-16));
#13274=DIRECTION('',(1.,0.,2.22044604925031E-16));
#13275=DIRECTION('center_axis',(2.22044604925031E-16,0.,-1.));
#13276=DIRECTION('ref_axis',(-1.,0.,-2.22044604925031E-16));
#13277=DIRECTION('center_axis',(-0.868243142124459,-0.496138938356834,-1.10164974555368E-16));
#13278=DIRECTION('ref_axis',(-0.496138938356834,0.868243142124459,1.92788705471893E-16));
#13279=DIRECTION('',(1.26882631385732E-16,0.,-1.));
#13280=DIRECTION('',(-0.444444444444444,0.777777777777778,-0.444444444444444));
#13281=DIRECTION('',(0.,2.22044604925031E-16,-1.));
#13282=DIRECTION('',(0.433224288859106,-0.758142505503435,-0.487377324966494));
#13283=DIRECTION('center_axis',(1.86779142236427E-16,-0.540757591313499,
0.841178475376553));
#13284=DIRECTION('ref_axis',(-1.20072305723417E-16,-0.841178475376553,-0.540757591313499));
#13285=DIRECTION('',(-1.,0.,2.22044604925031E-16));
#13286=DIRECTION('',(1.,4.93038065763132E-32,-2.22044604925031E-16));
#13287=DIRECTION('',(-0.475664780323521,-0.739922991614366,-0.475664780323521));
#13288=DIRECTION('center_axis',(-0.868243142124459,-0.496138938356834,-1.10164974555368E-16));
#13289=DIRECTION('ref_axis',(-0.496138938356834,0.868243142124459,1.92788705471893E-16));
#13290=DIRECTION('',(1.26882631385732E-16,0.,-1.));
#13291=DIRECTION('',(-0.444444444444444,0.777777777777778,-0.444444444444444));
#13292=DIRECTION('',(0.,2.22044604925031E-16,-1.));
#13293=DIRECTION('',(0.433224288859106,-0.758142505503435,-0.487377324966494));
#13294=DIRECTION('center_axis',(1.86779142236427E-16,-0.540757591313499,
0.841178475376553));
#13295=DIRECTION('ref_axis',(-1.20072305723417E-16,-0.841178475376553,-0.540757591313499));
#13296=DIRECTION('',(-1.,0.,2.22044604925031E-16));
#13297=DIRECTION('',(1.,4.93038065763132E-32,-2.22044604925031E-16));
#13298=DIRECTION('',(-0.475664780323521,-0.739922991614366,-0.475664780323521));
#13299=DIRECTION('center_axis',(-0.868243142124459,-0.496138938356834,-1.10164974555368E-16));
#13300=DIRECTION('ref_axis',(-0.496138938356834,0.868243142124459,1.92788705471893E-16));
#13301=DIRECTION('',(1.26882631385732E-16,0.,-1.));
#13302=DIRECTION('',(0.444444444444444,-0.777777777777778,0.444444444444444));
#13303=DIRECTION('',(0.,2.22044604925031E-16,-1.));
#13304=DIRECTION('',(0.433224288859106,-0.758142505503435,-0.487377324966494));
#13305=DIRECTION('center_axis',(1.86779142236427E-16,-0.540757591313499,
0.841178475376553));
#13306=DIRECTION('ref_axis',(-1.20072305723417E-16,-0.841178475376553,-0.540757591313499));
#13307=DIRECTION('',(-1.,0.,2.22044604925031E-16));
#13308=DIRECTION('',(1.,4.93038065763132E-32,-2.22044604925031E-16));
#13309=DIRECTION('',(-0.475664780323521,-0.739922991614366,-0.475664780323521));
#13310=DIRECTION('center_axis',(-0.868243142124459,-0.496138938356834,-1.10164974555368E-16));
#13311=DIRECTION('ref_axis',(-0.496138938356834,0.868243142124459,1.92788705471893E-16));
#13312=DIRECTION('',(1.26882631385732E-16,0.,-1.));
#13313=DIRECTION('',(-0.444444444444444,0.777777777777778,-0.444444444444444));
#13314=DIRECTION('',(0.,2.22044604925031E-16,-1.));
#13315=DIRECTION('',(-0.433224288859106,0.758142505503435,0.487377324966494));
#13316=DIRECTION('center_axis',(1.86779142236427E-16,-0.540757591313499,
0.841178475376553));
#13317=DIRECTION('ref_axis',(-1.20072305723417E-16,-0.841178475376553,-0.540757591313499));
#13318=DIRECTION('',(-1.,0.,2.22044604925031E-16));
#13319=DIRECTION('',(1.,4.93038065763132E-32,-2.22044604925031E-16));
#13320=DIRECTION('',(-0.475664780323521,-0.739922991614366,-0.475664780323521));
#13321=DIRECTION('center_axis',(-0.868243142124459,-0.496138938356834,-1.10164974555368E-16));
#13322=DIRECTION('ref_axis',(-0.496138938356834,0.868243142124459,1.92788705471893E-16));
#13323=DIRECTION('',(1.26882631385732E-16,0.,-1.));
#13324=DIRECTION('',(-0.444444444444444,0.777777777777778,-0.444444444444444));
#13325=DIRECTION('',(0.,2.22044604925031E-16,-1.));
#13326=DIRECTION('',(0.433224288859106,-0.758142505503435,-0.487377324966494));
#13327=DIRECTION('center_axis',(1.86779142236427E-16,-0.540757591313499,
0.841178475376553));
#13328=DIRECTION('ref_axis',(-1.20072305723417E-16,-0.841178475376553,-0.540757591313499));
#13329=DIRECTION('',(-1.,0.,2.22044604925031E-16));
#13330=DIRECTION('',(1.,4.93038065763132E-32,-2.22044604925031E-16));
#13331=DIRECTION('',(-0.475664780323521,-0.739922991614366,-0.475664780323521));
#13332=DIRECTION('center_axis',(-0.868243142124459,-0.496138938356834,-1.10164974555368E-16));
#13333=DIRECTION('ref_axis',(-0.496138938356834,0.868243142124459,1.92788705471893E-16));
#13334=DIRECTION('',(1.26882631385732E-16,0.,-1.));
#13335=DIRECTION('',(0.444444444444444,-0.777777777777778,0.444444444444444));
#13336=DIRECTION('',(0.,2.22044604925031E-16,-1.));
#13337=DIRECTION('',(0.433224288859106,-0.758142505503435,-0.487377324966494));
#13338=DIRECTION('center_axis',(1.86779142236427E-16,-0.540757591313499,
0.841178475376553));
#13339=DIRECTION('ref_axis',(-1.20072305723417E-16,-0.841178475376553,-0.540757591313499));
#13340=DIRECTION('',(-1.,0.,2.22044604925031E-16));
#13341=DIRECTION('',(1.,4.93038065763132E-32,-2.22044604925031E-16));
#13342=DIRECTION('',(-0.475664780323521,-0.739922991614366,-0.475664780323521));
#13343=DIRECTION('center_axis',(0.841178475376554,-0.540757591313499,-1.20072305723417E-16));
#13344=DIRECTION('ref_axis',(-0.540757591313499,-0.841178475376554,-1.86779142236427E-16));
#13345=DIRECTION('',(1.42742960308949E-16,0.,1.));
#13346=DIRECTION('',(0.475664780323521,0.739922991614366,0.475664780323521));
#13347=DIRECTION('',(0.,2.22044604925031E-16,-1.));
#13348=DIRECTION('',(-0.487377324966494,-0.758142505503435,0.433224288859106));
#13349=DIRECTION('center_axis',(-1.92788705471893E-16,-0.496138938356834,
-0.868243142124459));
#13350=DIRECTION('ref_axis',(-1.10164974555368E-16,0.868243142124459,-0.496138938356834));
#13351=DIRECTION('',(1.,0.,-2.22044604925031E-16));
#13352=DIRECTION('',(1.,4.93038065763132E-32,-2.22044604925031E-16));
#13353=DIRECTION('',(0.444444444444444,-0.777777777777778,0.444444444444444));
#13354=DIRECTION('center_axis',(0.841178475376554,-0.540757591313499,-1.20072305723417E-16));
#13355=DIRECTION('ref_axis',(-0.540757591313499,-0.841178475376554,-1.86779142236427E-16));
#13356=DIRECTION('',(1.42742960308949E-16,0.,1.));
#13357=DIRECTION('',(-0.475664780323521,-0.739922991614366,-0.475664780323521));
#13358=DIRECTION('',(0.,2.22044604925031E-16,-1.));
#13359=DIRECTION('',(-0.487377324966494,-0.758142505503435,0.433224288859106));
#13360=DIRECTION('center_axis',(-1.92788705471893E-16,-0.496138938356834,
-0.868243142124459));
#13361=DIRECTION('ref_axis',(-1.10164974555368E-16,0.868243142124459,-0.496138938356834));
#13362=DIRECTION('',(1.,0.,-2.22044604925031E-16));
#13363=DIRECTION('',(1.,4.93038065763132E-32,-2.22044604925031E-16));
#13364=DIRECTION('',(0.444444444444444,-0.777777777777778,0.444444444444444));
#13365=DIRECTION('center_axis',(0.841178475376554,-0.540757591313499,-1.20072305723417E-16));
#13366=DIRECTION('ref_axis',(-0.540757591313499,-0.841178475376554,-1.86779142236427E-16));
#13367=DIRECTION('',(1.42742960308949E-16,0.,1.));
#13368=DIRECTION('',(0.475664780323521,0.739922991614366,0.475664780323521));
#13369=DIRECTION('',(0.,2.22044604925031E-16,-1.));
#13370=DIRECTION('',(0.487377324966494,0.758142505503435,-0.433224288859106));
#13371=DIRECTION('center_axis',(-1.92788705471893E-16,-0.496138938356834,
-0.868243142124459));
#13372=DIRECTION('ref_axis',(-1.10164974555368E-16,0.868243142124459,-0.496138938356834));
#13373=DIRECTION('',(1.,0.,-2.22044604925031E-16));
#13374=DIRECTION('',(1.,4.93038065763132E-32,-2.22044604925031E-16));
#13375=DIRECTION('',(0.444444444444444,-0.777777777777778,0.444444444444444));
#13376=DIRECTION('center_axis',(0.841178475376554,-0.540757591313499,-1.20072305723417E-16));
#13377=DIRECTION('ref_axis',(-0.540757591313499,-0.841178475376554,-1.86779142236427E-16));
#13378=DIRECTION('',(1.42742960308949E-16,0.,1.));
#13379=DIRECTION('',(0.475664780323521,0.739922991614366,0.475664780323521));
#13380=DIRECTION('',(0.,2.22044604925031E-16,-1.));
#13381=DIRECTION('',(-0.487377324966494,-0.758142505503435,0.433224288859106));
#13382=DIRECTION('center_axis',(-1.92788705471893E-16,-0.496138938356834,
-0.868243142124459));
#13383=DIRECTION('ref_axis',(-1.10164974555368E-16,0.868243142124459,-0.496138938356834));
#13384=DIRECTION('',(1.,0.,-2.22044604925031E-16));
#13385=DIRECTION('',(1.,4.93038065763132E-32,-2.22044604925031E-16));
#13386=DIRECTION('',(0.444444444444444,-0.777777777777778,0.444444444444444));
#13387=DIRECTION('center_axis',(-1.92788705471893E-16,-0.496138938356834,
-0.868243142124459));
#13388=DIRECTION('ref_axis',(-1.10164974555368E-16,0.868243142124459,-0.496138938356834));
#13389=DIRECTION('',(1.,0.,-2.22044604925031E-16));
#13390=DIRECTION('',(0.487377324966494,0.758142505503435,-0.433224288859106));
#13391=DIRECTION('',(1.,4.93038065763132E-32,-2.22044604925031E-16));
#13392=DIRECTION('',(0.444444444444444,-0.777777777777778,0.444444444444444));
#13393=DIRECTION('center_axis',(-0.868243142124459,-0.496138938356834,-1.10164974555368E-16));
#13394=DIRECTION('ref_axis',(-0.496138938356834,0.868243142124459,1.92788705471893E-16));
#13395=DIRECTION('',(1.26882631385732E-16,0.,-1.));
#13396=DIRECTION('',(0.,2.22044604925031E-16,-1.));
#13397=DIRECTION('',(0.433224288859106,-0.758142505503435,-0.487377324966494));
#13398=DIRECTION('center_axis',(1.86779142236427E-16,-0.540757591313499,
0.841178475376553));
#13399=DIRECTION('ref_axis',(-1.20072305723417E-16,-0.841178475376553,-0.540757591313499));
#13400=DIRECTION('',(-1.,0.,2.22044604925031E-16));
#13401=DIRECTION('',(0.433224288859106,-0.758142505503435,-0.487377324966494));
#13402=DIRECTION('',(1.,4.93038065763132E-32,-2.22044604925031E-16));
#13403=DIRECTION('',(0.475664780323521,0.739922991614366,0.475664780323521));
#13404=DIRECTION('center_axis',(0.841178475376554,-0.540757591313499,-1.20072305723417E-16));
#13405=DIRECTION('ref_axis',(-0.540757591313499,-0.841178475376554,-1.86779142236427E-16));
#13406=DIRECTION('',(1.42742960308949E-16,0.,1.));
#13407=DIRECTION('',(-0.487377324966494,-0.758142505503435,0.433224288859106));
#13408=DIRECTION('center_axis',(1.86779142236427E-16,-0.540757591313499,
0.841178475376553));
#13409=DIRECTION('ref_axis',(-1.20072305723417E-16,-0.841178475376553,-0.540757591313499));
#13410=DIRECTION('',(-1.,0.,2.22044604925031E-16));
#13411=DIRECTION('',(0.433224288859106,-0.758142505503435,-0.487377324966494));
#13412=DIRECTION('',(1.,4.93038065763132E-32,-2.22044604925031E-16));
#13413=DIRECTION('',(0.475664780323521,0.739922991614366,0.475664780323521));
#13414=DIRECTION('center_axis',(0.841178475376554,-0.540757591313499,-1.20072305723417E-16));
#13415=DIRECTION('ref_axis',(-0.540757591313499,-0.841178475376554,-1.86779142236427E-16));
#13416=DIRECTION('',(1.42742960308949E-16,0.,1.));
#13417=DIRECTION('',(0.,2.22044604925031E-16,-1.));
#13418=DIRECTION('',(-0.487377324966494,-0.758142505503435,0.433224288859106));
#13419=DIRECTION('center_axis',(-1.92788705471893E-16,-0.496138938356834,
-0.868243142124459));
#13420=DIRECTION('ref_axis',(-1.10164974555368E-16,0.868243142124459,-0.496138938356834));
#13421=DIRECTION('',(1.,0.,-2.22044604925031E-16));
#13422=DIRECTION('',(-0.487377324966494,-0.758142505503435,0.433224288859106));
#13423=DIRECTION('',(1.,4.93038065763132E-32,-2.22044604925031E-16));
#13424=DIRECTION('',(0.444444444444444,-0.777777777777778,0.444444444444444));
#13425=DIRECTION('center_axis',(-0.868243142124459,-0.496138938356834,-1.10164974555368E-16));
#13426=DIRECTION('ref_axis',(-0.496138938356834,0.868243142124459,1.92788705471893E-16));
#13427=DIRECTION('',(1.26882631385732E-16,0.,-1.));
#13428=DIRECTION('',(0.,2.22044604925031E-16,-1.));
#13429=DIRECTION('',(0.433224288859106,-0.758142505503435,-0.487377324966494));
#13430=DIRECTION('center_axis',(-1.92788705471893E-16,-0.496138938356834,
-0.868243142124459));
#13431=DIRECTION('ref_axis',(-1.10164974555368E-16,0.868243142124459,-0.496138938356834));
#13432=DIRECTION('',(1.,0.,-2.22044604925031E-16));
#13433=DIRECTION('',(0.487377324966494,0.758142505503435,-0.433224288859106));
#13434=DIRECTION('',(1.,4.93038065763132E-32,-2.22044604925031E-16));
#13435=DIRECTION('',(-0.444444444444444,0.777777777777778,-0.444444444444444));
#13436=DIRECTION('center_axis',(-0.868243142124459,-0.496138938356834,-1.10164974555368E-16));
#13437=DIRECTION('ref_axis',(-0.496138938356834,0.868243142124459,1.92788705471893E-16));
#13438=DIRECTION('',(1.26882631385732E-16,0.,-1.));
#13439=DIRECTION('',(0.,2.22044604925031E-16,-1.));
#13440=DIRECTION('',(0.433224288859106,-0.758142505503435,-0.487377324966494));
#13441=DIRECTION('center_axis',(-1.92788705471893E-16,-0.496138938356834,
-0.868243142124459));
#13442=DIRECTION('ref_axis',(-1.10164974555368E-16,0.868243142124459,-0.496138938356834));
#13443=DIRECTION('',(1.,0.,-2.22044604925031E-16));
#13444=DIRECTION('',(0.487377324966494,0.758142505503435,-0.433224288859106));
#13445=DIRECTION('',(1.,4.93038065763132E-32,-2.22044604925031E-16));
#13446=DIRECTION('',(0.444444444444444,-0.777777777777778,0.444444444444444));
#13447=DIRECTION('center_axis',(-0.868243142124459,-0.496138938356834,-1.10164974555368E-16));
#13448=DIRECTION('ref_axis',(-0.496138938356834,0.868243142124459,1.92788705471893E-16));
#13449=DIRECTION('',(1.26882631385732E-16,0.,-1.));
#13450=DIRECTION('',(0.,2.22044604925031E-16,-1.));
#13451=DIRECTION('',(0.433224288859106,-0.758142505503435,-0.487377324966494));
#13452=DIRECTION('center_axis',(-1.92788705471893E-16,-0.496138938356834,
-0.868243142124459));
#13453=DIRECTION('ref_axis',(-1.10164974555368E-16,0.868243142124459,-0.496138938356834));
#13454=DIRECTION('',(1.,0.,-2.22044604925031E-16));
#13455=DIRECTION('',(-0.487377324966494,-0.758142505503435,0.433224288859106));
#13456=DIRECTION('',(1.,4.93038065763132E-32,-2.22044604925031E-16));
#13457=DIRECTION('',(0.444444444444444,-0.777777777777778,0.444444444444444));
#13458=DIRECTION('center_axis',(-0.868243142124459,-0.496138938356834,-1.10164974555368E-16));
#13459=DIRECTION('ref_axis',(-0.496138938356834,0.868243142124459,1.92788705471893E-16));
#13460=DIRECTION('',(1.26882631385732E-16,0.,-1.));
#13461=DIRECTION('',(0.433224288859106,-0.758142505503435,-0.487377324966494));
#13462=DIRECTION('center_axis',(1.86779142236427E-16,-0.540757591313499,
0.841178475376553));
#13463=DIRECTION('ref_axis',(-1.20072305723417E-16,-0.841178475376553,-0.540757591313499));
#13464=DIRECTION('',(-1.,0.,2.22044604925031E-16));
#13465=DIRECTION('',(0.433224288859106,-0.758142505503435,-0.487377324966494));
#13466=DIRECTION('',(1.,4.93038065763132E-32,-2.22044604925031E-16));
#13467=DIRECTION('',(0.475664780323521,0.739922991614366,0.475664780323521));
#13468=DIRECTION('center_axis',(0.841178475376554,-0.540757591313499,-1.20072305723417E-16));
#13469=DIRECTION('ref_axis',(-0.540757591313499,-0.841178475376554,-1.86779142236427E-16));
#13470=DIRECTION('',(1.42742960308949E-16,0.,1.));
#13471=DIRECTION('',(-0.487377324966494,-0.758142505503435,0.433224288859106));
#13472=DIRECTION('center_axis',(1.86779142236427E-16,-0.540757591313499,
0.841178475376553));
#13473=DIRECTION('ref_axis',(-1.20072305723417E-16,-0.841178475376553,-0.540757591313499));
#13474=DIRECTION('',(-1.,0.,2.22044604925031E-16));
#13475=DIRECTION('',(0.433224288859106,-0.758142505503435,-0.487377324966494));
#13476=DIRECTION('',(1.,4.93038065763132E-32,-2.22044604925031E-16));
#13477=DIRECTION('',(0.475664780323521,0.739922991614366,0.475664780323521));
#13478=DIRECTION('center_axis',(0.841178475376554,-0.540757591313499,-1.20072305723417E-16));
#13479=DIRECTION('ref_axis',(-0.540757591313499,-0.841178475376554,-1.86779142236427E-16));
#13480=DIRECTION('',(1.42742960308949E-16,0.,1.));
#13481=DIRECTION('',(0.,2.22044604925031E-16,-1.));
#13482=DIRECTION('',(-0.487377324966494,-0.758142505503435,0.433224288859106));
#13483=DIRECTION('center_axis',(-0.868243142124459,-0.496138938356834,-1.10164974555368E-16));
#13484=DIRECTION('ref_axis',(-0.496138938356834,0.868243142124459,1.92788705471893E-16));
#13485=DIRECTION('',(1.26882631385732E-16,0.,-1.));
#13486=DIRECTION('',(-0.444444444444444,0.777777777777778,-0.444444444444444));
#13487=DIRECTION('',(0.433224288859106,-0.758142505503435,-0.487377324966494));
#13488=DIRECTION('center_axis',(0.841178475376554,-0.540757591313499,-1.20072305723417E-16));
#13489=DIRECTION('ref_axis',(-0.540757591313499,-0.841178475376554,-1.86779142236427E-16));
#13490=DIRECTION('',(1.42742960308949E-16,0.,1.));
#13491=DIRECTION('',(0.475664780323521,0.739922991614366,0.475664780323521));
#13492=DIRECTION('',(0.,2.22044604925031E-16,-1.));
#13493=DIRECTION('',(-0.487377324966494,-0.758142505503435,0.433224288859106));
#13494=DIRECTION('center_axis',(-1.92788705471893E-16,-0.496138938356834,
-0.868243142124459));
#13495=DIRECTION('ref_axis',(-1.10164974555368E-16,0.868243142124459,-0.496138938356834));
#13496=DIRECTION('',(1.,0.,-2.22044604925031E-16));
#13497=DIRECTION('',(1.,4.93038065763132E-32,-2.22044604925031E-16));
#13498=DIRECTION('',(0.444444444444444,-0.777777777777778,0.444444444444444));
#13499=DIRECTION('center_axis',(-0.868243142124459,-0.496138938356834,-1.10164974555368E-16));
#13500=DIRECTION('ref_axis',(-0.496138938356834,0.868243142124459,1.92788705471893E-16));
#13501=DIRECTION('',(1.26882631385732E-16,0.,-1.));
#13502=DIRECTION('',(-0.444444444444444,0.777777777777778,-0.444444444444444));
#13503=DIRECTION('',(0.433224288859106,-0.758142505503435,-0.487377324966494));
#13504=DIRECTION('center_axis',(1.86779142236427E-16,-0.540757591313499,
0.841178475376553));
#13505=DIRECTION('ref_axis',(-1.20072305723417E-16,-0.841178475376553,-0.540757591313499));
#13506=DIRECTION('',(-1.,0.,2.22044604925031E-16));
#13507=DIRECTION('',(0.433224288859106,-0.758142505503435,-0.487377324966494));
#13508=DIRECTION('',(-0.475664780323521,-0.739922991614366,-0.475664780323521));
#13509=DIRECTION('center_axis',(0.841178475376554,-0.540757591313499,-1.20072305723417E-16));
#13510=DIRECTION('ref_axis',(-0.540757591313499,-0.841178475376554,-1.86779142236427E-16));
#13511=DIRECTION('',(1.42742960308949E-16,0.,1.));
#13512=DIRECTION('',(0.,2.22044604925031E-16,-1.));
#13513=DIRECTION('',(-0.487377324966494,-0.758142505503435,0.433224288859106));
#13514=DIRECTION('center_axis',(1.86779142236427E-16,-0.540757591313499,
0.841178475376553));
#13515=DIRECTION('ref_axis',(-1.20072305723417E-16,-0.841178475376553,-0.540757591313499));
#13516=DIRECTION('',(-1.,0.,2.22044604925031E-16));
#13517=DIRECTION('',(-0.433224288859106,0.758142505503435,0.487377324966494));
#13518=DIRECTION('',(-0.475664780323521,-0.739922991614366,-0.475664780323521));
#13519=DIRECTION('center_axis',(0.841178475376554,-0.540757591313499,-1.20072305723417E-16));
#13520=DIRECTION('ref_axis',(-0.540757591313499,-0.841178475376554,-1.86779142236427E-16));
#13521=DIRECTION('',(1.42742960308949E-16,0.,1.));
#13522=DIRECTION('',(-0.487377324966494,-0.758142505503435,0.433224288859106));
#13523=DIRECTION('center_axis',(1.86779142236427E-16,-0.540757591313499,
0.841178475376553));
#13524=DIRECTION('ref_axis',(-1.20072305723417E-16,-0.841178475376553,-0.540757591313499));
#13525=DIRECTION('',(-1.,0.,2.22044604925031E-16));
#13526=DIRECTION('',(-0.433224288859106,0.758142505503435,0.487377324966494));
#13527=DIRECTION('',(0.475664780323521,0.739922991614366,0.475664780323521));
#13528=DIRECTION('center_axis',(0.841178475376554,-0.540757591313499,-1.20072305723417E-16));
#13529=DIRECTION('ref_axis',(-0.540757591313499,-0.841178475376554,-1.86779142236427E-16));
#13530=DIRECTION('',(1.42742960308949E-16,0.,1.));
#13531=DIRECTION('',(0.,2.22044604925031E-16,-1.));
#13532=DIRECTION('',(-0.487377324966494,-0.758142505503435,0.433224288859106));
#13533=DIRECTION('center_axis',(-1.92788705471893E-16,-0.496138938356834,
-0.868243142124459));
#13534=DIRECTION('ref_axis',(-1.10164974555368E-16,0.868243142124459,-0.496138938356834));
#13535=DIRECTION('',(1.,0.,-2.22044604925031E-16));
#13536=DIRECTION('',(-0.487377324966494,-0.758142505503435,0.433224288859106));
#13537=DIRECTION('',(-0.444444444444444,0.777777777777778,-0.444444444444444));
#13538=DIRECTION('center_axis',(-0.868243142124459,-0.496138938356834,-1.10164974555368E-16));
#13539=DIRECTION('ref_axis',(-0.496138938356834,0.868243142124459,1.92788705471893E-16));
#13540=DIRECTION('',(1.26882631385732E-16,0.,-1.));
#13541=DIRECTION('',(0.,2.22044604925031E-16,-1.));
#13542=DIRECTION('',(0.433224288859106,-0.758142505503435,-0.487377324966494));
#13543=DIRECTION('center_axis',(-0.868243142124459,-0.496138938356834,-1.10164974555368E-16));
#13544=DIRECTION('ref_axis',(-0.496138938356834,0.868243142124459,1.92788705471893E-16));
#13545=DIRECTION('',(1.26882631385732E-16,0.,-1.));
#13546=DIRECTION('',(-0.444444444444444,0.777777777777778,-0.444444444444444));
#13547=DIRECTION('',(0.,2.22044604925031E-16,-1.));
#13548=DIRECTION('center_axis',(0.841178475376554,-0.540757591313499,-1.20072305723417E-16));
#13549=DIRECTION('ref_axis',(-0.540757591313499,-0.841178475376554,-1.86779142236427E-16));
#13550=DIRECTION('',(-0.487377324966494,-0.758142505503435,0.433224288859106));
#13551=DIRECTION('',(1.42742960308949E-16,0.,1.));
#13552=DIRECTION('center_axis',(-1.92788705471893E-16,-0.496138938356834,
-0.868243142124459));
#13553=DIRECTION('ref_axis',(-1.10164974555368E-16,0.868243142124459,-0.496138938356834));
#13554=DIRECTION('',(1.,0.,-2.22044604925031E-16));
#13555=DIRECTION('',(1.,4.93038065763132E-32,-2.22044604925031E-16));
#13556=DIRECTION('',(-0.444444444444444,0.777777777777778,-0.444444444444444));
#13557=DIRECTION('center_axis',(-0.868243142124459,-0.496138938356834,-1.10164974555368E-16));
#13558=DIRECTION('ref_axis',(-0.496138938356834,0.868243142124459,1.92788705471893E-16));
#13559=DIRECTION('',(0.,2.22044604925031E-16,-1.));
#13560=DIRECTION('center_axis',(0.841178475376554,-0.540757591313499,-1.20072305723417E-16));
#13561=DIRECTION('ref_axis',(-0.540757591313499,-0.841178475376554,-1.86779142236427E-16));
#13562=DIRECTION('',(-0.487377324966494,-0.758142505503435,0.433224288859106));
#13563=DIRECTION('center_axis',(-1.92788705471893E-16,-0.496138938356834,
-0.868243142124459));
#13564=DIRECTION('ref_axis',(-1.10164974555368E-16,0.868243142124459,-0.496138938356834));
#13565=DIRECTION('',(1.,4.93038065763132E-32,-2.22044604925031E-16));
#13566=DIRECTION('center_axis',(1.86779142236427E-16,-0.540757591313499,
0.841178475376553));
#13567=DIRECTION('ref_axis',(-1.20072305723417E-16,-0.841178475376553,-0.540757591313499));
#13568=DIRECTION('',(0.475664780323521,0.739922991614366,0.475664780323521));
#13569=DIRECTION('',(-1.,0.,2.22044604925031E-16));
#13570=DIRECTION('center_axis',(0.841178475376554,-0.540757591313499,-1.20072305723417E-16));
#13571=DIRECTION('ref_axis',(-0.540757591313499,-0.841178475376554,-1.86779142236427E-16));
#13572=DIRECTION('',(1.42742960308949E-16,0.,1.));
#13573=DIRECTION('',(-0.487377324966494,-0.758142505503435,0.433224288859106));
#13574=DIRECTION('center_axis',(-1.92788705471893E-16,-0.496138938356834,
-0.868243142124459));
#13575=DIRECTION('ref_axis',(-1.10164974555368E-16,0.868243142124459,-0.496138938356834));
#13576=DIRECTION('',(1.,0.,-2.22044604925031E-16));
#13577=DIRECTION('',(-0.444444444444444,0.777777777777778,-0.444444444444444));
#13578=DIRECTION('center_axis',(-0.868243142124459,-0.496138938356834,-1.10164974555368E-16));
#13579=DIRECTION('ref_axis',(-0.496138938356834,0.868243142124459,1.92788705471893E-16));
#13580=DIRECTION('',(1.26882631385732E-16,0.,-1.));
#13581=DIRECTION('',(0.,2.22044604925031E-16,-1.));
#13582=DIRECTION('center_axis',(0.841178475376554,-0.540757591313499,-1.20072305723417E-16));
#13583=DIRECTION('ref_axis',(-0.540757591313499,-0.841178475376554,-1.86779142236427E-16));
#13584=DIRECTION('',(-0.487377324966494,-0.758142505503435,0.433224288859106));
#13585=DIRECTION('',(1.42742960308949E-16,0.,1.));
#13586=DIRECTION('center_axis',(1.86779142236427E-16,-0.540757591313499,
0.841178475376553));
#13587=DIRECTION('ref_axis',(-1.20072305723417E-16,-0.841178475376553,-0.540757591313499));
#13588=DIRECTION('',(-1.,0.,2.22044604925031E-16));
#13589=DIRECTION('',(1.,4.93038065763132E-32,-2.22044604925031E-16));
#13590=DIRECTION('',(0.475664780323521,0.739922991614366,0.475664780323521));
#13591=DIRECTION('center_axis',(-1.92788705471893E-16,-0.496138938356834,
-0.868243142124459));
#13592=DIRECTION('ref_axis',(-1.10164974555368E-16,0.868243142124459,-0.496138938356834));
#13593=DIRECTION('',(1.,0.,-2.22044604925031E-16));
#13594=DIRECTION('',(1.,4.93038065763132E-32,-2.22044604925031E-16));
#13595=DIRECTION('center_axis',(1.86779142236427E-16,-0.540757591313499,
0.841178475376553));
#13596=DIRECTION('ref_axis',(-1.20072305723417E-16,-0.841178475376553,-0.540757591313499));
#13597=DIRECTION('',(0.475664780323521,0.739922991614366,0.475664780323521));
#13598=DIRECTION('',(-1.,0.,2.22044604925031E-16));
#13599=DIRECTION('center_axis',(0.841178475376554,-0.540757591313499,-1.20072305723417E-16));
#13600=DIRECTION('ref_axis',(-0.540757591313499,-0.841178475376554,-1.86779142236427E-16));
#13601=DIRECTION('',(1.42742960308949E-16,0.,1.));
#13602=DIRECTION('',(0.,2.22044604925031E-16,-1.));
#13603=DIRECTION('',(-0.487377324966494,-0.758142505503435,0.433224288859106));
#13604=DIRECTION('center_axis',(-1.92788705471893E-16,-0.496138938356834,
-0.868243142124459));
#13605=DIRECTION('ref_axis',(-1.10164974555368E-16,0.868243142124459,-0.496138938356834));
#13606=DIRECTION('',(1.,0.,-2.22044604925031E-16));
#13607=DIRECTION('',(1.,4.93038065763132E-32,-2.22044604925031E-16));
#13608=DIRECTION('',(-0.444444444444444,0.777777777777778,-0.444444444444444));
#13609=DIRECTION('center_axis',(-0.868243142124459,-0.496138938356834,-1.10164974555368E-16));
#13610=DIRECTION('ref_axis',(-0.496138938356834,0.868243142124459,1.92788705471893E-16));
#13611=DIRECTION('',(1.26882631385732E-16,0.,-1.));
#13612=DIRECTION('',(0.,2.22044604925031E-16,-1.));
#13613=DIRECTION('center_axis',(0.841178475376554,-0.540757591313499,-1.20072305723417E-16));
#13614=DIRECTION('ref_axis',(-0.540757591313499,-0.841178475376554,-1.86779142236427E-16));
#13615=DIRECTION('',(-0.487377324966494,-0.758142505503435,0.433224288859106));
#13616=DIRECTION('center_axis',(-1.92788705471893E-16,-0.496138938356834,
-0.868243142124459));
#13617=DIRECTION('ref_axis',(-1.10164974555368E-16,0.868243142124459,-0.496138938356834));
#13618=DIRECTION('',(1.,4.93038065763132E-32,-2.22044604925031E-16));
#13619=DIRECTION('center_axis',(1.86779142236427E-16,-0.540757591313499,
0.841178475376553));
#13620=DIRECTION('ref_axis',(-1.20072305723417E-16,-0.841178475376553,-0.540757591313499));
#13621=DIRECTION('',(0.475664780323521,0.739922991614366,0.475664780323521));
#13622=DIRECTION('center_axis',(0.841178475376554,-0.540757591313499,-1.20072305723417E-16));
#13623=DIRECTION('ref_axis',(-0.540757591313499,-0.841178475376554,-1.86779142236427E-16));
#13624=DIRECTION('',(0.487377324966494,0.758142505503435,-0.433224288859106));
#13625=DIRECTION('',(1.42742960308949E-16,0.,1.));
#13626=DIRECTION('center_axis',(-1.92788705471893E-16,-0.496138938356834,
-0.868243142124459));
#13627=DIRECTION('ref_axis',(-1.10164974555368E-16,0.868243142124459,-0.496138938356834));
#13628=DIRECTION('',(1.,0.,-2.22044604925031E-16));
#13629=DIRECTION('',(1.,4.93038065763132E-32,-2.22044604925031E-16));
#13630=DIRECTION('center_axis',(1.86779142236427E-16,-0.540757591313499,
0.841178475376553));
#13631=DIRECTION('ref_axis',(-1.20072305723417E-16,-0.841178475376553,-0.540757591313499));
#13632=DIRECTION('',(-0.475664780323521,-0.739922991614366,-0.475664780323521));
#13633=DIRECTION('',(-1.,0.,2.22044604925031E-16));
#13634=DIRECTION('center_axis',(0.841178475376554,-0.540757591313499,-1.20072305723417E-16));
#13635=DIRECTION('ref_axis',(-0.540757591313499,-0.841178475376554,-1.86779142236427E-16));
#13636=DIRECTION('',(1.42742960308949E-16,0.,1.));
#13637=DIRECTION('',(0.,2.22044604925031E-16,-1.));
#13638=DIRECTION('',(0.487377324966494,0.758142505503435,-0.433224288859106));
#13639=DIRECTION('center_axis',(-1.92788705471893E-16,-0.496138938356834,
-0.868243142124459));
#13640=DIRECTION('ref_axis',(-1.10164974555368E-16,0.868243142124459,-0.496138938356834));
#13641=DIRECTION('',(-0.487377324966494,-0.758142505503435,0.433224288859106));
#13642=DIRECTION('',(1.,4.93038065763132E-32,-2.22044604925031E-16));
#13643=DIRECTION('',(1.,0.,-2.22044604925031E-16));
#13644=DIRECTION('center_axis',(-1.92788705471893E-16,-0.496138938356834,
-0.868243142124459));
#13645=DIRECTION('ref_axis',(-1.10164974555368E-16,0.868243142124459,-0.496138938356834));
#13646=DIRECTION('',(1.,4.93038065763132E-32,-2.22044604925031E-16));
#13647=DIRECTION('center_axis',(1.86779142236427E-16,-0.540757591313499,
0.841178475376553));
#13648=DIRECTION('ref_axis',(-1.20072305723417E-16,-0.841178475376553,-0.540757591313499));
#13649=DIRECTION('',(-0.475664780323521,-0.739922991614366,-0.475664780323521));
#13650=DIRECTION('center_axis',(0.841178475376554,-0.540757591313499,-1.20072305723417E-16));
#13651=DIRECTION('ref_axis',(-0.540757591313499,-0.841178475376554,-1.86779142236427E-16));
#13652=DIRECTION('',(0.,2.22044604925031E-16,-1.));
#13653=DIRECTION('center_axis',(-0.868243142124459,-0.496138938356834,-1.10164974555368E-16));
#13654=DIRECTION('ref_axis',(-0.496138938356834,0.868243142124459,1.92788705471893E-16));
#13655=DIRECTION('',(-0.433224288859106,0.758142505503435,0.487377324966494));
#13656=DIRECTION('',(1.26882631385732E-16,0.,-1.));
#13657=DIRECTION('center_axis',(1.86779142236427E-16,-0.540757591313499,
0.841178475376553));
#13658=DIRECTION('ref_axis',(-1.20072305723417E-16,-0.841178475376553,-0.540757591313499));
#13659=DIRECTION('',(-1.,0.,2.22044604925031E-16));
#13660=DIRECTION('',(0.475664780323521,0.739922991614366,0.475664780323521));
#13661=DIRECTION('center_axis',(0.841178475376554,-0.540757591313499,-1.20072305723417E-16));
#13662=DIRECTION('ref_axis',(-0.540757591313499,-0.841178475376554,-1.86779142236427E-16));
#13663=DIRECTION('',(1.42742960308949E-16,0.,1.));
#13664=DIRECTION('',(0.,2.22044604925031E-16,-1.));
#13665=DIRECTION('',(-0.487377324966494,-0.758142505503435,0.433224288859106));
#13666=DIRECTION('center_axis',(-1.92788705471893E-16,-0.496138938356834,
-0.868243142124459));
#13667=DIRECTION('ref_axis',(-1.10164974555368E-16,0.868243142124459,-0.496138938356834));
#13668=DIRECTION('',(1.,0.,-2.22044604925031E-16));
#13669=DIRECTION('',(1.,4.93038065763132E-32,-2.22044604925031E-16));
#13670=DIRECTION('center_axis',(1.86779142236427E-16,-0.540757591313499,
0.841178475376553));
#13671=DIRECTION('ref_axis',(-1.20072305723417E-16,-0.841178475376553,-0.540757591313499));
#13672=DIRECTION('',(0.475664780323521,0.739922991614366,0.475664780323521));
#13673=DIRECTION('',(-1.,0.,2.22044604925031E-16));
#13674=DIRECTION('center_axis',(0.841178475376554,-0.540757591313499,-1.20072305723417E-16));
#13675=DIRECTION('ref_axis',(-0.540757591313499,-0.841178475376554,-1.86779142236427E-16));
#13676=DIRECTION('',(1.42742960308949E-16,0.,1.));
#13677=DIRECTION('',(0.,2.22044604925031E-16,-1.));
#13678=DIRECTION('center_axis',(-0.868243142124459,-0.496138938356834,-1.10164974555368E-16));
#13679=DIRECTION('ref_axis',(-0.496138938356834,0.868243142124459,1.92788705471893E-16));
#13680=DIRECTION('',(0.433224288859106,-0.758142505503435,-0.487377324966494));
#13681=DIRECTION('',(1.26882631385732E-16,0.,-1.));
#13682=DIRECTION('center_axis',(1.86779142236427E-16,-0.540757591313499,
0.841178475376553));
#13683=DIRECTION('ref_axis',(-1.20072305723417E-16,-0.841178475376553,-0.540757591313499));
#13684=DIRECTION('',(-1.,0.,2.22044604925031E-16));
#13685=DIRECTION('',(1.,4.93038065763132E-32,-2.22044604925031E-16));
#13686=DIRECTION('',(0.475664780323521,0.739922991614366,0.475664780323521));
#13687=DIRECTION('center_axis',(0.841178475376554,-0.540757591313499,-1.20072305723417E-16));
#13688=DIRECTION('ref_axis',(-0.540757591313499,-0.841178475376554,-1.86779142236427E-16));
#13689=DIRECTION('',(1.42742960308949E-16,0.,1.));
#13690=DIRECTION('',(0.487377324966494,0.758142505503435,-0.433224288859106));
#13691=DIRECTION('center_axis',(-1.92788705471893E-16,-0.496138938356834,
-0.868243142124459));
#13692=DIRECTION('ref_axis',(-1.10164974555368E-16,0.868243142124459,-0.496138938356834));
#13693=DIRECTION('',(1.,0.,-2.22044604925031E-16));
#13694=DIRECTION('',(1.,4.93038065763132E-32,-2.22044604925031E-16));
#13695=DIRECTION('center_axis',(1.86779142236427E-16,-0.540757591313499,
0.841178475376553));
#13696=DIRECTION('ref_axis',(-1.20072305723417E-16,-0.841178475376553,-0.540757591313499));
#13697=DIRECTION('',(-0.475664780323521,-0.739922991614366,-0.475664780323521));
#13698=DIRECTION('center_axis',(0.841178475376554,-0.540757591313499,-1.20072305723417E-16));
#13699=DIRECTION('ref_axis',(-0.540757591313499,-0.841178475376554,-1.86779142236427E-16));
#13700=DIRECTION('',(0.,2.22044604925031E-16,-1.));
#13701=DIRECTION('center_axis',(0.841178475376554,-0.540757591313499,-1.20072305723417E-16));
#13702=DIRECTION('ref_axis',(-0.540757591313499,-0.841178475376554,-1.86779142236427E-16));
#13703=DIRECTION('',(1.42742960308949E-16,0.,1.));
#13704=DIRECTION('',(0.,2.22044604925031E-16,-1.));
#13705=DIRECTION('',(0.487377324966494,0.758142505503435,-0.433224288859106));
#13706=DIRECTION('center_axis',(0.841178475376554,-0.540757591313499,-1.20072305723417E-16));
#13707=DIRECTION('ref_axis',(-0.540757591313499,-0.841178475376554,-1.86779142236427E-16));
#13708=DIRECTION('',(1.42742960308949E-16,0.,1.));
#13709=DIRECTION('',(0.,2.22044604925031E-16,-1.));
#13710=DIRECTION('',(0.487377324966494,0.758142505503435,-0.433224288859106));
#13711=DIRECTION('center_axis',(0.841178475376554,-0.540757591313499,-1.20072305723417E-16));
#13712=DIRECTION('ref_axis',(-0.540757591313499,-0.841178475376554,-1.86779142236427E-16));
#13713=DIRECTION('',(1.42742960308949E-16,0.,1.));
#13714=DIRECTION('',(0.,2.22044604925031E-16,-1.));
#13715=DIRECTION('',(0.487377324966494,0.758142505503435,-0.433224288859106));
#13716=DIRECTION('center_axis',(0.841178475376554,-0.540757591313499,-1.20072305723417E-16));
#13717=DIRECTION('ref_axis',(-0.540757591313499,-0.841178475376554,-1.86779142236427E-16));
#13718=DIRECTION('',(1.42742960308949E-16,0.,1.));
#13719=DIRECTION('',(0.,2.22044604925031E-16,-1.));
#13720=DIRECTION('',(0.487377324966494,0.758142505503435,-0.433224288859106));
#13721=DIRECTION('center_axis',(0.841178475376554,-0.540757591313499,-1.20072305723417E-16));
#13722=DIRECTION('ref_axis',(-0.540757591313499,-0.841178475376554,-1.86779142236427E-16));
#13723=DIRECTION('',(1.42742960308949E-16,0.,1.));
#13724=DIRECTION('',(0.,2.22044604925031E-16,-1.));
#13725=DIRECTION('',(0.487377324966494,0.758142505503435,-0.433224288859106));
#13726=DIRECTION('center_axis',(0.841178475376554,-0.540757591313499,-1.20072305723417E-16));
#13727=DIRECTION('ref_axis',(-0.540757591313499,-0.841178475376554,-1.86779142236427E-16));
#13728=DIRECTION('',(1.42742960308949E-16,0.,1.));
#13729=DIRECTION('',(0.,2.22044604925031E-16,-1.));
#13730=DIRECTION('',(0.487377324966494,0.758142505503435,-0.433224288859106));
#13731=DIRECTION('center_axis',(0.841178475376554,-0.540757591313499,-1.20072305723417E-16));
#13732=DIRECTION('ref_axis',(-0.540757591313499,-0.841178475376554,-1.86779142236427E-16));
#13733=DIRECTION('',(-0.475664780323521,-0.739922991614366,-0.475664780323521));
#13734=DIRECTION('',(0.,2.22044604925031E-16,-1.));
#13735=DIRECTION('center_axis',(0.841178475376554,-0.540757591313499,-1.20072305723417E-16));
#13736=DIRECTION('ref_axis',(-0.540757591313499,-0.841178475376554,-1.86779142236427E-16));
#13737=DIRECTION('',(0.,2.22044604925031E-16,-1.));
#13738=DIRECTION('',(0.487377324966494,0.758142505503435,-0.433224288859106));
#13739=DIRECTION('center_axis',(-0.868243142124459,-0.496138938356834,-1.10164974555368E-16));
#13740=DIRECTION('ref_axis',(-0.496138938356834,0.868243142124459,1.92788705471893E-16));
#13741=DIRECTION('',(-0.433224288859106,0.758142505503435,0.487377324966494));
#13742=DIRECTION('center_axis',(-0.868243142124459,-0.496138938356834,-1.10164974555368E-16));
#13743=DIRECTION('ref_axis',(-0.496138938356834,0.868243142124459,1.92788705471893E-16));
#13744=DIRECTION('',(1.26882631385732E-16,0.,-1.));
#13745=DIRECTION('',(0.444444444444444,-0.777777777777778,0.444444444444444));
#13746=DIRECTION('',(-0.433224288859106,0.758142505503435,0.487377324966494));
#13747=DIRECTION('center_axis',(-0.868243142124459,-0.496138938356834,-1.10164974555368E-16));
#13748=DIRECTION('ref_axis',(-0.496138938356834,0.868243142124459,1.92788705471893E-16));
#13749=DIRECTION('',(1.26882631385732E-16,0.,-1.));
#13750=DIRECTION('',(-0.433224288859106,0.758142505503435,0.487377324966494));
#13751=DIRECTION('center_axis',(-0.868243142124459,-0.496138938356834,-1.10164974555368E-16));
#13752=DIRECTION('ref_axis',(-0.496138938356834,0.868243142124459,1.92788705471893E-16));
#13753=DIRECTION('',(1.26882631385732E-16,0.,-1.));
#13754=DIRECTION('',(-0.433224288859106,0.758142505503435,0.487377324966494));
#13755=DIRECTION('center_axis',(-0.868243142124459,-0.496138938356834,-1.10164974555368E-16));
#13756=DIRECTION('ref_axis',(-0.496138938356834,0.868243142124459,1.92788705471893E-16));
#13757=DIRECTION('',(1.26882631385732E-16,0.,-1.));
#13758=DIRECTION('',(-0.433224288859106,0.758142505503435,0.487377324966494));
#13759=DIRECTION('center_axis',(-0.868243142124459,-0.496138938356834,-1.10164974555368E-16));
#13760=DIRECTION('ref_axis',(-0.496138938356834,0.868243142124459,1.92788705471893E-16));
#13761=DIRECTION('',(1.26882631385732E-16,0.,-1.));
#13762=DIRECTION('',(-0.433224288859106,0.758142505503435,0.487377324966494));
#13763=DIRECTION('center_axis',(-0.868243142124459,-0.496138938356834,-1.10164974555368E-16));
#13764=DIRECTION('ref_axis',(-0.496138938356834,0.868243142124459,1.92788705471893E-16));
#13765=DIRECTION('',(1.26882631385732E-16,0.,-1.));
#13766=DIRECTION('',(0.444444444444444,-0.777777777777778,0.444444444444444));
#13767=DIRECTION('',(-0.433224288859106,0.758142505503435,0.487377324966494));
#13768=DIRECTION('center_axis',(-0.868243142124459,-0.496138938356834,-1.10164974555368E-16));
#13769=DIRECTION('ref_axis',(-0.496138938356834,0.868243142124459,1.92788705471893E-16));
#13770=DIRECTION('',(0.444444444444444,-0.777777777777778,0.444444444444444));
#13771=DIRECTION('center_axis',(-1.92788705471893E-16,-0.496138938356834,
-0.868243142124459));
#13772=DIRECTION('ref_axis',(-1.10164974555368E-16,0.868243142124459,-0.496138938356834));
#13773=DIRECTION('',(1.,0.,-2.22044604925031E-16));
#13774=DIRECTION('center_axis',(-1.92788705471893E-16,-0.496138938356834,
-0.868243142124459));
#13775=DIRECTION('ref_axis',(-1.10164974555368E-16,0.868243142124459,-0.496138938356834));
#13776=DIRECTION('',(1.,4.93038065763132E-32,-2.22044604925031E-16));
#13777=DIRECTION('center_axis',(1.86779142236427E-16,-0.540757591313499,
0.841178475376553));
#13778=DIRECTION('ref_axis',(-1.20072305723417E-16,-0.841178475376553,-0.540757591313499));
#13779=DIRECTION('',(-1.,0.,2.22044604925031E-16));
#13780=DIRECTION('center_axis',(-1.92788705471893E-16,-0.496138938356834,
-0.868243142124459));
#13781=DIRECTION('ref_axis',(-1.10164974555368E-16,0.868243142124459,-0.496138938356834));
#13782=DIRECTION('',(1.,0.,-2.22044604925031E-16));
#13783=DIRECTION('',(-0.487377324966494,-0.758142505503435,0.433224288859106));
#13784=DIRECTION('',(1.,4.93038065763132E-32,-2.22044604925031E-16));
#13785=DIRECTION('center_axis',(1.86779142236427E-16,-0.540757591313499,
0.841178475376553));
#13786=DIRECTION('ref_axis',(-1.20072305723417E-16,-0.841178475376553,-0.540757591313499));
#13787=DIRECTION('',(-1.,0.,2.22044604925031E-16));
#13788=DIRECTION('center_axis',(1.86779142236427E-16,-0.540757591313499,
0.841178475376553));
#13789=DIRECTION('ref_axis',(-1.20072305723417E-16,-0.841178475376553,-0.540757591313499));
#13790=DIRECTION('',(-1.,0.,2.22044604925031E-16));
#13791=DIRECTION('center_axis',(-1.92788705471893E-16,-0.496138938356834,
-0.868243142124459));
#13792=DIRECTION('ref_axis',(-1.10164974555368E-16,0.868243142124459,-0.496138938356834));
#13793=DIRECTION('',(1.,0.,-2.22044604925031E-16));
#13794=DIRECTION('center_axis',(1.86779142236427E-16,-0.540757591313499,
0.841178475376553));
#13795=DIRECTION('ref_axis',(-1.20072305723417E-16,-0.841178475376553,-0.540757591313499));
#13796=DIRECTION('',(-1.,0.,2.22044604925031E-16));
#13797=DIRECTION('center_axis',(-1.92788705471893E-16,-0.496138938356834,
-0.868243142124459));
#13798=DIRECTION('ref_axis',(-1.10164974555368E-16,0.868243142124459,-0.496138938356834));
#13799=DIRECTION('',(1.,0.,-2.22044604925031E-16));
#13800=DIRECTION('center_axis',(1.86779142236427E-16,-0.540757591313499,
0.841178475376553));
#13801=DIRECTION('ref_axis',(-1.20072305723417E-16,-0.841178475376553,-0.540757591313499));
#13802=DIRECTION('',(-1.,0.,2.22044604925031E-16));
#13803=DIRECTION('center_axis',(-0.868243142124459,-0.496138938356834,-1.10164974555368E-16));
#13804=DIRECTION('ref_axis',(-0.496138938356834,0.868243142124459,1.92788705471893E-16));
#13805=DIRECTION('',(1.26882631385732E-16,0.,-1.));
#13806=DIRECTION('',(0.,2.22044604925031E-16,-1.));
#13807=DIRECTION('',(-0.433224288859106,0.758142505503435,0.487377324966494));
#13808=DIRECTION('center_axis',(1.86779142236427E-16,-0.540757591313499,
0.841178475376553));
#13809=DIRECTION('ref_axis',(-1.20072305723417E-16,-0.841178475376553,-0.540757591313499));
#13810=DIRECTION('',(-1.,0.,2.22044604925031E-16));
#13811=DIRECTION('',(0.475664780323521,0.739922991614366,0.475664780323521));
#13812=DIRECTION('center_axis',(-1.92788705471893E-16,-0.496138938356834,
-0.868243142124459));
#13813=DIRECTION('ref_axis',(-1.10164974555368E-16,0.868243142124459,-0.496138938356834));
#13814=DIRECTION('',(1.,0.,-2.22044604925031E-16));
#13815=DIRECTION('',(1.,4.93038065763132E-32,-2.22044604925031E-16));
#13816=DIRECTION('center_axis',(-1.92788705471893E-16,-0.496138938356834,
-0.868243142124459));
#13817=DIRECTION('ref_axis',(-1.10164974555368E-16,0.868243142124459,-0.496138938356834));
#13818=DIRECTION('',(1.,0.,-2.22044604925031E-16));
#13819=DIRECTION('',(1.,4.93038065763132E-32,-2.22044604925031E-16));
#13820=DIRECTION('center_axis',(1.86779142236427E-16,-0.540757591313499,
0.841178475376553));
#13821=DIRECTION('ref_axis',(-1.20072305723417E-16,-0.841178475376553,-0.540757591313499));
#13822=DIRECTION('center_axis',(1.86779142236427E-16,-0.540757591313499,
0.841178475376553));
#13823=DIRECTION('ref_axis',(-1.20072305723417E-16,-0.841178475376553,-0.540757591313499));
#13824=DIRECTION('',(-1.,0.,2.22044604925031E-16));
#13825=DIRECTION('center_axis',(1.86779142236427E-16,-0.540757591313499,
0.841178475376553));
#13826=DIRECTION('ref_axis',(-1.20072305723417E-16,-0.841178475376553,-0.540757591313499));
#13827=DIRECTION('',(-1.,0.,2.22044604925031E-16));
#13828=DIRECTION('',(1.,4.93038065763132E-32,-2.22044604925031E-16));
#13829=DIRECTION('',(0.475664780323521,0.739922991614366,0.475664780323521));
#13830=DIRECTION('center_axis',(1.86779142236427E-16,-0.540757591313499,
0.841178475376553));
#13831=DIRECTION('ref_axis',(-1.20072305723417E-16,-0.841178475376553,-0.540757591313499));
#13832=DIRECTION('',(-1.,0.,2.22044604925031E-16));
#13833=DIRECTION('',(0.433224288859106,-0.758142505503435,-0.487377324966494));
#13834=DIRECTION('center_axis',(-1.92788705471893E-16,-0.496138938356834,
-0.868243142124459));
#13835=DIRECTION('ref_axis',(-1.10164974555368E-16,0.868243142124459,-0.496138938356834));
#13836=DIRECTION('',(1.,0.,-2.22044604925031E-16));
#13837=DIRECTION('center_axis',(-1.92788705471893E-16,-0.496138938356834,
-0.868243142124459));
#13838=DIRECTION('ref_axis',(-1.10164974555368E-16,0.868243142124459,-0.496138938356834));
#13839=DIRECTION('',(1.,0.,-2.22044604925031E-16));
#13840=DIRECTION('',(-0.444444444444444,0.777777777777778,-0.444444444444444));
#13841=DIRECTION('center_axis',(-1.92788705471893E-16,-0.496138938356834,
-0.868243142124459));
#13842=DIRECTION('ref_axis',(-1.10164974555368E-16,0.868243142124459,-0.496138938356834));
#13843=DIRECTION('',(1.,0.,-2.22044604925031E-16));
#13844=DIRECTION('',(-0.444444444444444,0.777777777777778,-0.444444444444444));
#13845=DIRECTION('center_axis',(1.,4.93038065763132E-32,-2.22044604925031E-16));
#13846=DIRECTION('ref_axis',(2.22044604925031E-16,-2.22044604925031E-16,
1.));
#13847=DIRECTION('',(-1.20072305723417E-16,-0.841178475376553,-0.540757591313499));
#13848=DIRECTION('',(-1.10164974555368E-16,0.868243142124459,-0.496138938356834));
#13849=DIRECTION('center_axis',(-0.868243142124459,-0.496138938356834,-1.10164974555368E-16));
#13850=DIRECTION('ref_axis',(-0.496138938356834,0.868243142124459,1.92788705471893E-16));
#13851=DIRECTION('',(0.,2.22044604925031E-16,-1.));
#13852=DIRECTION('',(0.433224288859106,-0.758142505503435,-0.487377324966494));
#13853=DIRECTION('center_axis',(-0.868243142124459,-0.496138938356834,-1.10164974555368E-16));
#13854=DIRECTION('ref_axis',(-0.496138938356834,0.868243142124459,1.92788705471893E-16));
#13855=DIRECTION('',(1.26882631385732E-16,0.,-1.));
#13856=DIRECTION('center_axis',(-0.868243142124459,-0.496138938356834,-1.10164974555368E-16));
#13857=DIRECTION('ref_axis',(-0.496138938356834,0.868243142124459,1.92788705471893E-16));
#13858=DIRECTION('',(1.26882631385732E-16,0.,-1.));
#13859=DIRECTION('',(0.,2.22044604925031E-16,-1.));
#13860=DIRECTION('center_axis',(-0.868243142124459,-0.496138938356834,-1.10164974555368E-16));
#13861=DIRECTION('ref_axis',(-0.496138938356834,0.868243142124459,1.92788705471893E-16));
#13862=DIRECTION('',(1.26882631385732E-16,0.,-1.));
#13863=DIRECTION('center_axis',(1.86779142236427E-16,-0.540757591313499,
0.841178475376553));
#13864=DIRECTION('ref_axis',(-1.20072305723417E-16,-0.841178475376553,-0.540757591313499));
#13865=DIRECTION('',(-1.,0.,2.22044604925031E-16));
#13866=DIRECTION('',(0.475664780323521,0.739922991614366,0.475664780323521));
#13867=DIRECTION('center_axis',(1.86779142236427E-16,-0.540757591313499,
0.841178475376553));
#13868=DIRECTION('ref_axis',(-1.20072305723417E-16,-0.841178475376553,-0.540757591313499));
#13869=DIRECTION('',(-1.,0.,2.22044604925031E-16));
#13870=DIRECTION('',(1.,4.93038065763132E-32,-2.22044604925031E-16));
#13871=DIRECTION('',(0.475664780323521,0.739922991614366,0.475664780323521));
#13872=DIRECTION('center_axis',(1.86779142236427E-16,-0.540757591313499,
0.841178475376553));
#13873=DIRECTION('ref_axis',(-1.20072305723417E-16,-0.841178475376553,-0.540757591313499));
#13874=DIRECTION('',(-1.,0.,2.22044604925031E-16));
#13875=DIRECTION('',(1.,4.93038065763132E-32,-2.22044604925031E-16));
#13876=DIRECTION('',(0.475664780323521,0.739922991614366,0.475664780323521));
#13877=DIRECTION('center_axis',(1.86779142236427E-16,-0.540757591313499,
0.841178475376553));
#13878=DIRECTION('ref_axis',(-1.20072305723417E-16,-0.841178475376553,-0.540757591313499));
#13879=DIRECTION('',(-1.,0.,2.22044604925031E-16));
#13880=DIRECTION('',(1.,4.93038065763132E-32,-2.22044604925031E-16));
#13881=DIRECTION('',(0.475664780323521,0.739922991614366,0.475664780323521));
#13882=DIRECTION('center_axis',(1.86779142236427E-16,-0.540757591313499,
0.841178475376553));
#13883=DIRECTION('ref_axis',(-1.20072305723417E-16,-0.841178475376553,-0.540757591313499));
#13884=DIRECTION('',(-1.,0.,2.22044604925031E-16));
#13885=DIRECTION('',(0.433224288859106,-0.758142505503435,-0.487377324966494));
#13886=DIRECTION('',(1.,4.93038065763132E-32,-2.22044604925031E-16));
#13887=DIRECTION('center_axis',(-1.92788705471893E-16,-0.496138938356834,
-0.868243142124459));
#13888=DIRECTION('ref_axis',(-1.10164974555368E-16,0.868243142124459,-0.496138938356834));
#13889=DIRECTION('',(-0.444444444444444,0.777777777777778,-0.444444444444444));
#13890=DIRECTION('center_axis',(-1.92788705471893E-16,-0.496138938356834,
-0.868243142124459));
#13891=DIRECTION('ref_axis',(-1.10164974555368E-16,0.868243142124459,-0.496138938356834));
#13892=DIRECTION('',(1.,0.,-2.22044604925031E-16));
#13893=DIRECTION('',(-0.487377324966494,-0.758142505503435,0.433224288859106));
#13894=DIRECTION('center_axis',(-1.92788705471893E-16,-0.496138938356834,
-0.868243142124459));
#13895=DIRECTION('ref_axis',(-1.10164974555368E-16,0.868243142124459,-0.496138938356834));
#13896=DIRECTION('',(1.,0.,-2.22044604925031E-16));
#13897=DIRECTION('center_axis',(-1.92788705471893E-16,-0.496138938356834,
-0.868243142124459));
#13898=DIRECTION('ref_axis',(-1.10164974555368E-16,0.868243142124459,-0.496138938356834));
#13899=DIRECTION('',(1.,0.,-2.22044604925031E-16));
#13900=DIRECTION('',(-0.444444444444444,0.777777777777778,-0.444444444444444));
#13901=DIRECTION('center_axis',(-1.92788705471893E-16,-0.496138938356834,
-0.868243142124459));
#13902=DIRECTION('ref_axis',(-1.10164974555368E-16,0.868243142124459,-0.496138938356834));
#13903=DIRECTION('',(1.,0.,-2.22044604925031E-16));
#13904=DIRECTION('',(-0.444444444444444,0.777777777777778,-0.444444444444444));
#13905=DIRECTION('center_axis',(0.841178475376554,-0.540757591313499,-1.20072305723417E-16));
#13906=DIRECTION('ref_axis',(-0.540757591313499,-0.841178475376554,-1.86779142236427E-16));
#13907=DIRECTION('',(1.42742960308949E-16,0.,1.));
#13908=DIRECTION('center_axis',(-0.868243142124459,-0.496138938356834,-1.10164974555368E-16));
#13909=DIRECTION('ref_axis',(-0.496138938356834,0.868243142124459,1.92788705471893E-16));
#13910=DIRECTION('',(1.26882631385732E-16,0.,-1.));
#13911=DIRECTION('center_axis',(-0.868243142124459,-0.496138938356834,-1.10164974555368E-16));
#13912=DIRECTION('ref_axis',(-0.496138938356834,0.868243142124459,1.92788705471893E-16));
#13913=DIRECTION('',(1.26882631385732E-16,0.,-1.));
#13914=DIRECTION('center_axis',(-1.92788705471893E-16,-0.496138938356834,
-0.868243142124459));
#13915=DIRECTION('ref_axis',(-1.10164974555368E-16,0.868243142124459,-0.496138938356834));
#13916=DIRECTION('',(1.,0.,-2.22044604925031E-16));
#13917=DIRECTION('',(1.,4.93038065763132E-32,-2.22044604925031E-16));
#13918=DIRECTION('',(-0.444444444444444,0.777777777777778,-0.444444444444444));
#13919=DIRECTION('center_axis',(0.841178475376554,-0.540757591313499,-1.20072305723417E-16));
#13920=DIRECTION('ref_axis',(-0.540757591313499,-0.841178475376554,-1.86779142236427E-16));
#13921=DIRECTION('',(1.42742960308949E-16,0.,1.));
#13922=DIRECTION('',(0.,2.22044604925031E-16,-1.));
#13923=DIRECTION('center_axis',(-0.868243142124459,-0.496138938356834,-1.10164974555368E-16));
#13924=DIRECTION('ref_axis',(-0.496138938356834,0.868243142124459,1.92788705471893E-16));
#13925=DIRECTION('center_axis',(-0.868243142124459,-0.496138938356834,-1.10164974555368E-16));
#13926=DIRECTION('ref_axis',(-0.496138938356834,0.868243142124459,1.92788705471893E-16));
#13927=DIRECTION('',(1.26882631385732E-16,0.,-1.));
#13928=DIRECTION('',(0.,2.22044604925031E-16,-1.));
#13929=DIRECTION('center_axis',(-0.868243142124459,-0.496138938356834,-1.10164974555368E-16));
#13930=DIRECTION('ref_axis',(-0.496138938356834,0.868243142124459,1.92788705471893E-16));
#13931=DIRECTION('',(1.26882631385732E-16,0.,-1.));
#13932=DIRECTION('',(-0.433224288859106,0.758142505503435,0.487377324966494));
#13933=DIRECTION('center_axis',(1.86779142236427E-16,-0.540757591313499,
0.841178475376553));
#13934=DIRECTION('ref_axis',(-1.20072305723417E-16,-0.841178475376553,-0.540757591313499));
#13935=DIRECTION('',(-1.,0.,2.22044604925031E-16));
#13936=DIRECTION('center_axis',(1.86779142236427E-16,-0.540757591313499,
0.841178475376553));
#13937=DIRECTION('ref_axis',(-1.20072305723417E-16,-0.841178475376553,-0.540757591313499));
#13938=DIRECTION('',(1.,4.93038065763132E-32,-2.22044604925031E-16));
#13939=DIRECTION('center_axis',(1.86779142236427E-16,-0.540757591313499,
0.841178475376553));
#13940=DIRECTION('ref_axis',(-1.20072305723417E-16,-0.841178475376553,-0.540757591313499));
#13941=DIRECTION('',(-1.,0.,2.22044604925031E-16));
#13942=DIRECTION('',(1.,4.93038065763132E-32,-2.22044604925031E-16));
#13943=DIRECTION('',(0.475664780323521,0.739922991614366,0.475664780323521));
#13944=DIRECTION('center_axis',(-1.92788705471893E-16,-0.496138938356834,
-0.868243142124459));
#13945=DIRECTION('ref_axis',(-1.10164974555368E-16,0.868243142124459,-0.496138938356834));
#13946=DIRECTION('',(1.,0.,-2.22044604925031E-16));
#13947=DIRECTION('',(-0.444444444444444,0.777777777777778,-0.444444444444444));
#13948=DIRECTION('center_axis',(-1.92788705471893E-16,-0.496138938356834,
-0.868243142124459));
#13949=DIRECTION('ref_axis',(-1.10164974555368E-16,0.868243142124459,-0.496138938356834));
#13950=DIRECTION('',(1.,0.,-2.22044604925031E-16));
#13951=DIRECTION('',(-0.444444444444444,0.777777777777778,-0.444444444444444));
#13952=DIRECTION('center_axis',(-1.92788705471893E-16,-0.496138938356834,
-0.868243142124459));
#13953=DIRECTION('ref_axis',(-1.10164974555368E-16,0.868243142124459,-0.496138938356834));
#13954=DIRECTION('',(1.,0.,-2.22044604925031E-16));
#13955=DIRECTION('',(-0.444444444444444,0.777777777777778,-0.444444444444444));
#13956=DIRECTION('center_axis',(-1.92788705471893E-16,-0.496138938356834,
-0.868243142124459));
#13957=DIRECTION('ref_axis',(-1.10164974555368E-16,0.868243142124459,-0.496138938356834));
#13958=DIRECTION('',(1.,0.,-2.22044604925031E-16));
#13959=DIRECTION('',(-0.444444444444444,0.777777777777778,-0.444444444444444));
#13960=DIRECTION('center_axis',(0.841178475376554,-0.540757591313499,-1.20072305723417E-16));
#13961=DIRECTION('ref_axis',(-0.540757591313499,-0.841178475376554,-1.86779142236427E-16));
#13962=DIRECTION('',(1.42742960308949E-16,0.,1.));
#13963=DIRECTION('center_axis',(-0.868243142124459,-0.496138938356834,-1.10164974555368E-16));
#13964=DIRECTION('ref_axis',(-0.496138938356834,0.868243142124459,1.92788705471893E-16));
#13965=DIRECTION('',(1.26882631385732E-16,0.,-1.));
#13966=DIRECTION('center_axis',(0.841178475376554,-0.540757591313499,-1.20072305723417E-16));
#13967=DIRECTION('ref_axis',(-0.540757591313499,-0.841178475376554,-1.86779142236427E-16));
#13968=DIRECTION('',(1.42742960308949E-16,0.,1.));
#13969=DIRECTION('center_axis',(-0.868243142124459,-0.496138938356834,-1.10164974555368E-16));
#13970=DIRECTION('ref_axis',(-0.496138938356834,0.868243142124459,1.92788705471893E-16));
#13971=DIRECTION('',(1.26882631385732E-16,0.,-1.));
#13972=DIRECTION('center_axis',(-0.868243142124459,-0.496138938356834,-1.10164974555368E-16));
#13973=DIRECTION('ref_axis',(-0.496138938356834,0.868243142124459,1.92788705471893E-16));
#13974=DIRECTION('',(1.26882631385732E-16,0.,-1.));
#13975=DIRECTION('',(0.433224288859106,-0.758142505503435,-0.487377324966494));
#13976=DIRECTION('center_axis',(1.86779142236427E-16,-0.540757591313499,
0.841178475376553));
#13977=DIRECTION('ref_axis',(-1.20072305723417E-16,-0.841178475376553,-0.540757591313499));
#13978=DIRECTION('',(-1.,0.,2.22044604925031E-16));
#13979=DIRECTION('center_axis',(-0.868243142124459,-0.496138938356834,-1.10164974555368E-16));
#13980=DIRECTION('ref_axis',(-0.496138938356834,0.868243142124459,1.92788705471893E-16));
#13981=DIRECTION('',(1.26882631385732E-16,0.,-1.));
#13982=DIRECTION('center_axis',(1.86779142236427E-16,-0.540757591313499,
0.841178475376553));
#13983=DIRECTION('ref_axis',(-1.20072305723417E-16,-0.841178475376553,-0.540757591313499));
#13984=DIRECTION('',(-1.,0.,2.22044604925031E-16));
#13985=DIRECTION('',(0.475664780323521,0.739922991614366,0.475664780323521));
#13986=DIRECTION('center_axis',(-0.868243142124459,-0.496138938356834,-1.10164974555368E-16));
#13987=DIRECTION('ref_axis',(-0.496138938356834,0.868243142124459,1.92788705471893E-16));
#13988=DIRECTION('',(1.26882631385732E-16,0.,-1.));
#13989=DIRECTION('',(-0.444444444444444,0.777777777777778,-0.444444444444444));
#13990=DIRECTION('',(0.,2.22044604925031E-16,-1.));
#13991=DIRECTION('center_axis',(-1.92788705471893E-16,-0.496138938356834,
-0.868243142124459));
#13992=DIRECTION('ref_axis',(-1.10164974555368E-16,0.868243142124459,-0.496138938356834));
#13993=DIRECTION('',(1.,0.,-2.22044604925031E-16));
#13994=DIRECTION('center_axis',(0.841178475376554,-0.540757591313499,-1.20072305723417E-16));
#13995=DIRECTION('ref_axis',(-0.540757591313499,-0.841178475376554,-1.86779142236427E-16));
#13996=DIRECTION('',(1.42742960308949E-16,0.,1.));
#13997=DIRECTION('center_axis',(-1.92788705471893E-16,-0.496138938356834,
-0.868243142124459));
#13998=DIRECTION('ref_axis',(-1.10164974555368E-16,0.868243142124459,-0.496138938356834));
#13999=DIRECTION('',(1.,0.,-2.22044604925031E-16));
#14000=DIRECTION('center_axis',(0.841178475376554,-0.540757591313499,-1.20072305723417E-16));
#14001=DIRECTION('ref_axis',(-0.540757591313499,-0.841178475376554,-1.86779142236427E-16));
#14002=DIRECTION('',(1.42742960308949E-16,0.,1.));
#14003=DIRECTION('center_axis',(0.841178475376554,-0.540757591313499,-1.20072305723417E-16));
#14004=DIRECTION('ref_axis',(-0.540757591313499,-0.841178475376554,-1.86779142236427E-16));
#14005=DIRECTION('',(1.42742960308949E-16,0.,1.));
#14006=DIRECTION('center_axis',(0.841178475376554,-0.540757591313499,-1.20072305723417E-16));
#14007=DIRECTION('ref_axis',(-0.540757591313499,-0.841178475376554,-1.86779142236427E-16));
#14008=DIRECTION('',(1.42742960308949E-16,0.,1.));
#14009=DIRECTION('center_axis',(0.841178475376554,-0.540757591313499,-1.20072305723417E-16));
#14010=DIRECTION('ref_axis',(-0.540757591313499,-0.841178475376554,-1.86779142236427E-16));
#14011=DIRECTION('',(1.42742960308949E-16,0.,1.));
#14012=DIRECTION('',(-0.475664780323521,-0.739922991614366,-0.475664780323521));
#14013=DIRECTION('center_axis',(-0.868243142124459,-0.496138938356834,-1.10164974555368E-16));
#14014=DIRECTION('ref_axis',(-0.496138938356834,0.868243142124459,1.92788705471893E-16));
#14015=DIRECTION('',(-0.433224288859106,0.758142505503435,0.487377324966494));
#14016=DIRECTION('center_axis',(1.86779142236427E-16,-0.540757591313499,
0.841178475376553));
#14017=DIRECTION('ref_axis',(-1.20072305723417E-16,-0.841178475376553,-0.540757591313499));
#14018=DIRECTION('',(-1.,0.,2.22044604925031E-16));
#14019=DIRECTION('center_axis',(0.841178475376554,-0.540757591313499,-1.20072305723417E-16));
#14020=DIRECTION('ref_axis',(-0.540757591313499,-0.841178475376554,-1.86779142236427E-16));
#14021=DIRECTION('',(1.42742960308949E-16,0.,1.));
#14022=DIRECTION('center_axis',(0.841178475376554,-0.540757591313499,-1.20072305723417E-16));
#14023=DIRECTION('ref_axis',(-0.540757591313499,-0.841178475376554,-1.86779142236427E-16));
#14024=DIRECTION('',(1.42742960308949E-16,0.,1.));
#14025=DIRECTION('center_axis',(0.,1.,0.));
#14026=DIRECTION('ref_axis',(0.,0.,1.));
#14027=DIRECTION('center_axis',(-1.,0.,1.22464679914735E-16));
#14028=DIRECTION('ref_axis',(-1.22464679914735E-16,0.,-1.));
#14029=DIRECTION('center_axis',(0.,1.,0.));
#14030=DIRECTION('ref_axis',(-1.,0.,0.));
#14031=DIRECTION('center_axis',(0.,1.,0.));
#14032=DIRECTION('ref_axis',(-1.,0.,0.));
#14033=DIRECTION('center_axis',(0.,-1.,0.));
#14034=DIRECTION('ref_axis',(-1.,0.,0.));
#14035=DIRECTION('center_axis',(0.,-1.,0.));
#14036=DIRECTION('ref_axis',(-1.,0.,0.));
#14037=DIRECTION('center_axis',(0.,-1.,0.));
#14038=DIRECTION('ref_axis',(-1.,0.,0.));
#14039=DIRECTION('center_axis',(0.,-1.,0.));
#14040=DIRECTION('ref_axis',(-1.,0.,0.));
#14041=DIRECTION('center_axis',(0.,-1.,0.));
#14042=DIRECTION('ref_axis',(-1.,0.,0.));
#14043=DIRECTION('center_axis',(0.,-1.,0.));
#14044=DIRECTION('ref_axis',(-1.,0.,0.));
#14045=DIRECTION('center_axis',(0.,-1.,0.));
#14046=DIRECTION('ref_axis',(-1.,0.,0.));
#14047=DIRECTION('center_axis',(0.,-1.,0.));
#14048=DIRECTION('ref_axis',(-1.,0.,0.));
#14049=DIRECTION('center_axis',(0.,-1.,0.));
#14050=DIRECTION('ref_axis',(-1.,0.,0.));
#14051=DIRECTION('center_axis',(0.,-1.,0.));
#14052=DIRECTION('ref_axis',(-1.,0.,0.));
#14053=DIRECTION('center_axis',(0.,-1.,0.));
#14054=DIRECTION('ref_axis',(-1.,0.,0.));
#14055=DIRECTION('center_axis',(0.,-1.,0.));
#14056=DIRECTION('ref_axis',(-1.,0.,0.));
#14057=DIRECTION('center_axis',(0.,-1.,0.));
#14058=DIRECTION('ref_axis',(-1.,0.,0.));
#14059=DIRECTION('center_axis',(0.,-1.,0.));
#14060=DIRECTION('ref_axis',(-1.,0.,0.));
#14061=DIRECTION('center_axis',(0.,-1.,0.));
#14062=DIRECTION('ref_axis',(-1.,0.,0.));
#14063=DIRECTION('center_axis',(0.,-1.,0.));
#14064=DIRECTION('ref_axis',(-1.,0.,0.));
#14065=DIRECTION('center_axis',(0.,-1.,0.));
#14066=DIRECTION('ref_axis',(-1.,0.,0.));
#14067=DIRECTION('center_axis',(0.,-1.,0.));
#14068=DIRECTION('ref_axis',(-1.,0.,0.));
#14069=DIRECTION('center_axis',(0.,1.,0.));
#14070=DIRECTION('ref_axis',(0.,0.,1.));
#14071=DIRECTION('center_axis',(0.,-1.,0.));
#14072=DIRECTION('ref_axis',(-1.,0.,0.));
#14073=DIRECTION('center_axis',(0.,1.,0.));
#14074=DIRECTION('ref_axis',(0.,0.,1.));
#14075=DIRECTION('center_axis',(0.,-1.,0.));
#14076=DIRECTION('ref_axis',(-1.,0.,0.));
#14077=DIRECTION('center_axis',(0.,1.,0.));
#14078=DIRECTION('ref_axis',(-1.,0.,0.));
#14079=DIRECTION('center_axis',(0.,1.,0.));
#14080=DIRECTION('ref_axis',(-1.,0.,0.));
#14081=DIRECTION('center_axis',(0.,1.,0.));
#14082=DIRECTION('ref_axis',(-1.,0.,0.));
#14083=DIRECTION('center_axis',(0.,1.,0.));
#14084=DIRECTION('ref_axis',(-1.,0.,0.));
#14085=DIRECTION('center_axis',(0.,1.,0.));
#14086=DIRECTION('ref_axis',(-1.,0.,0.));
#14087=DIRECTION('center_axis',(0.,1.,0.));
#14088=DIRECTION('ref_axis',(-1.,0.,0.));
#14089=DIRECTION('center_axis',(0.,1.,0.));
#14090=DIRECTION('ref_axis',(-1.,0.,0.));
#14091=DIRECTION('center_axis',(0.,1.,0.));
#14092=DIRECTION('ref_axis',(-1.,0.,0.));
#14093=DIRECTION('center_axis',(0.,1.,0.));
#14094=DIRECTION('ref_axis',(-1.,0.,0.));
#14095=DIRECTION('center_axis',(0.,1.,0.));
#14096=DIRECTION('ref_axis',(-1.,0.,0.));
#14097=DIRECTION('center_axis',(0.,1.,0.));
#14098=DIRECTION('ref_axis',(-1.,0.,0.));
#14099=DIRECTION('center_axis',(0.,1.,0.));
#14100=DIRECTION('ref_axis',(-1.,0.,0.));
#14101=DIRECTION('center_axis',(0.,1.,0.));
#14102=DIRECTION('ref_axis',(-1.,0.,0.));
#14103=DIRECTION('center_axis',(0.,1.,0.));
#14104=DIRECTION('ref_axis',(-1.,0.,0.));
#14105=DIRECTION('center_axis',(0.,1.,0.));
#14106=DIRECTION('ref_axis',(-1.,0.,0.));
#14107=DIRECTION('center_axis',(0.,1.,0.));
#14108=DIRECTION('ref_axis',(-1.,0.,0.));
#14109=DIRECTION('center_axis',(0.,1.,0.));
#14110=DIRECTION('ref_axis',(-1.,0.,0.));
#14111=DIRECTION('center_axis',(0.,1.,0.));
#14112=DIRECTION('ref_axis',(-1.,0.,0.));
#14113=DIRECTION('center_axis',(0.,1.,0.));
#14114=DIRECTION('ref_axis',(-1.,0.,0.));
#14115=DIRECTION('center_axis',(0.,1.,0.));
#14116=DIRECTION('ref_axis',(-1.,0.,0.));
#14117=DIRECTION('center_axis',(0.,1.,0.));
#14118=DIRECTION('ref_axis',(-1.,0.,0.));
#14119=DIRECTION('center_axis',(0.,1.,0.));
#14120=DIRECTION('ref_axis',(-1.,0.,0.));
#14121=DIRECTION('center_axis',(0.,1.,0.));
#14122=DIRECTION('ref_axis',(-1.,0.,0.));
#14123=DIRECTION('center_axis',(0.,1.,0.));
#14124=DIRECTION('ref_axis',(-1.,0.,0.));
#14125=DIRECTION('center_axis',(0.,1.,0.));
#14126=DIRECTION('ref_axis',(-1.,0.,0.));
#14127=DIRECTION('center_axis',(0.,1.,0.));
#14128=DIRECTION('ref_axis',(-1.,0.,0.));
#14129=DIRECTION('center_axis',(0.,1.,0.));
#14130=DIRECTION('ref_axis',(-1.,0.,0.));
#14131=DIRECTION('center_axis',(0.,1.,0.));
#14132=DIRECTION('ref_axis',(-1.,0.,0.));
#14133=DIRECTION('center_axis',(0.,1.,0.));
#14134=DIRECTION('ref_axis',(-1.,0.,0.));
#14135=DIRECTION('center_axis',(0.,1.,0.));
#14136=DIRECTION('ref_axis',(-1.,0.,0.));
#14137=DIRECTION('center_axis',(0.,1.,0.));
#14138=DIRECTION('ref_axis',(-1.,0.,0.));
#14139=DIRECTION('center_axis',(0.,1.,0.));
#14140=DIRECTION('ref_axis',(-1.,0.,0.));
#14141=DIRECTION('center_axis',(0.,1.,0.));
#14142=DIRECTION('ref_axis',(-1.,0.,0.));
#14143=DIRECTION('center_axis',(0.,1.,0.));
#14144=DIRECTION('ref_axis',(-1.,0.,0.));
#14145=DIRECTION('center_axis',(0.,1.,0.));
#14146=DIRECTION('ref_axis',(-1.,0.,0.));
#14147=DIRECTION('center_axis',(0.,1.,0.));
#14148=DIRECTION('ref_axis',(-1.,0.,0.));
#14149=DIRECTION('center_axis',(0.,1.,0.));
#14150=DIRECTION('ref_axis',(-1.,0.,0.));
#14151=DIRECTION('center_axis',(0.,1.,0.));
#14152=DIRECTION('ref_axis',(-1.,0.,0.));
#14153=DIRECTION('center_axis',(0.,1.,0.));
#14154=DIRECTION('ref_axis',(-1.,0.,0.));
#14155=DIRECTION('center_axis',(0.,1.,0.));
#14156=DIRECTION('ref_axis',(-1.,0.,0.));
#14157=DIRECTION('center_axis',(0.,1.,0.));
#14158=DIRECTION('ref_axis',(-1.,0.,0.));
#14159=DIRECTION('center_axis',(0.,1.,0.));
#14160=DIRECTION('ref_axis',(-1.,0.,0.));
#14161=DIRECTION('center_axis',(0.,1.,0.));
#14162=DIRECTION('ref_axis',(-1.,0.,0.));
#14163=DIRECTION('center_axis',(0.,1.,0.));
#14164=DIRECTION('ref_axis',(-1.,0.,0.));
#14165=DIRECTION('',(0.,-1.,0.));
#14166=DIRECTION('center_axis',(0.,1.,0.));
#14167=DIRECTION('ref_axis',(-1.,0.,0.));
#14168=DIRECTION('center_axis',(0.,1.,0.));
#14169=DIRECTION('ref_axis',(-1.,0.,0.));
#14170=DIRECTION('center_axis',(0.,1.,0.));
#14171=DIRECTION('ref_axis',(0.,0.,1.));
#14172=DIRECTION('center_axis',(0.,-1.,0.));
#14173=DIRECTION('ref_axis',(1.,0.,-1.22464679914735E-16));
#14174=DIRECTION('center_axis',(0.,1.,0.));
#14175=DIRECTION('ref_axis',(1.,0.,-1.22464679914735E-16));
#14176=DIRECTION('center_axis',(1.,0.,0.));
#14177=DIRECTION('ref_axis',(0.,0.707106781186548,0.707106781186547));
#14178=DIRECTION('',(-1.,0.,0.));
#14179=DIRECTION('',(1.,0.,0.));
#14180=DIRECTION('center_axis',(0.,1.,0.));
#14181=DIRECTION('ref_axis',(0.,0.,1.));
#14182=DIRECTION('center_axis',(0.,-1.,0.));
#14183=DIRECTION('ref_axis',(-1.,0.,2.44929359829471E-16));
#14184=DIRECTION('center_axis',(0.,1.,0.));
#14185=DIRECTION('ref_axis',(-1.,0.,2.44929359829471E-16));
#14186=DIRECTION('center_axis',(-1.,0.,0.));
#14187=DIRECTION('ref_axis',(0.,0.707106781186548,-0.707106781186547));
#14188=DIRECTION('',(-1.,0.,0.));
#14189=DIRECTION('',(1.,0.,0.));
#14190=DIRECTION('center_axis',(0.,0.,1.));
#14191=DIRECTION('ref_axis',(1.,0.,0.));
#14192=DIRECTION('',(0.,-1.,0.));
#14193=DIRECTION('',(-1.,0.,0.));
#14194=DIRECTION('',(0.,1.,0.));
#14195=DIRECTION('center_axis',(0.,1.,0.));
#14196=DIRECTION('ref_axis',(1.,0.,1.22464679914735E-16));
#14197=DIRECTION('center_axis',(0.,1.,0.));
#14198=DIRECTION('ref_axis',(-1.,0.,0.));
#14199=DIRECTION('',(0.,-1.,0.));
#14200=DIRECTION('center_axis',(0.,1.,0.));
#14201=DIRECTION('ref_axis',(-1.,0.,0.));
#14202=DIRECTION('center_axis',(0.,0.,-1.));
#14203=DIRECTION('ref_axis',(-1.,0.,0.));
#14204=DIRECTION('',(1.,0.,0.));
#14205=DIRECTION('',(0.,1.,0.));
#14206=DIRECTION('center_axis',(0.,1.,0.));
#14207=DIRECTION('ref_axis',(-1.,0.,0.));
#14208=DIRECTION('center_axis',(0.,1.,0.));
#14209=DIRECTION('ref_axis',(-1.,0.,0.));
#14210=DIRECTION('center_axis',(0.,1.,0.));
#14211=DIRECTION('ref_axis',(-1.,0.,0.));
#14212=DIRECTION('center_axis',(0.,1.,0.));
#14213=DIRECTION('ref_axis',(-1.,0.,0.));
#14214=DIRECTION('center_axis',(0.,1.,0.));
#14215=DIRECTION('ref_axis',(-1.,0.,0.));
#14216=DIRECTION('',(0.,-1.,0.));
#14217=DIRECTION('center_axis',(0.,-1.,0.));
#14218=DIRECTION('ref_axis',(-1.,0.,0.));
#14219=DIRECTION('center_axis',(0.,1.,0.));
#14220=DIRECTION('ref_axis',(1.,0.,0.));
#14221=DIRECTION('center_axis',(0.,1.,0.));
#14222=DIRECTION('ref_axis',(1.,0.,0.));
#14223=DIRECTION('',(0.,-1.,0.));
#14224=DIRECTION('center_axis',(0.,1.,0.));
#14225=DIRECTION('ref_axis',(1.,0.,0.));
#14226=DIRECTION('center_axis',(0.,1.,0.));
#14227=DIRECTION('ref_axis',(1.,0.,0.));
#14228=DIRECTION('center_axis',(0.,1.,0.));
#14229=DIRECTION('ref_axis',(1.,0.,0.));
#14230=CARTESIAN_POINT('',(0.,0.,0.));
#14231=CARTESIAN_POINT('Origin',(3.5,0.249999977648258,8.65));
#14232=CARTESIAN_POINT('',(3.5,1.74999997764826,8.65));
#14233=CARTESIAN_POINT('',(3.5,0.249999977648258,8.65));
#14234=CARTESIAN_POINT('',(3.5,0.124999988824129,8.65));
#14235=CARTESIAN_POINT('',(3.5,1.74999997764826,9.15));
#14236=CARTESIAN_POINT('',(3.5,1.74999997764826,8.65));
#14237=CARTESIAN_POINT('',(3.5,0.249999977648258,9.15));
#14238=CARTESIAN_POINT('',(3.5,1.74999997764826,9.15));
#14239=CARTESIAN_POINT('',(3.5,0.249999977648258,8.65));
#14240=CARTESIAN_POINT('Origin',(-3.5,0.249999977648258,8.65));
#14241=CARTESIAN_POINT('',(-3.5,0.249999977648258,8.65));
#14242=CARTESIAN_POINT('',(-6.125,0.249999977648258,8.65));
#14243=CARTESIAN_POINT('',(-3.5,0.249999977648258,9.15));
#14244=CARTESIAN_POINT('',(3.5,0.249999977648258,9.15));
#14245=CARTESIAN_POINT('',(-3.5,0.249999977648258,8.65));
#14246=CARTESIAN_POINT('Origin',(-3.5,1.74999997764826,8.65));
#14247=CARTESIAN_POINT('',(-3.5,1.74999997764826,8.65));
#14248=CARTESIAN_POINT('',(-3.5,0.874999988824129,8.65));
#14249=CARTESIAN_POINT('',(-3.5,1.74999997764826,9.15));
#14250=CARTESIAN_POINT('',(-3.5,0.249999977648258,9.15));
#14251=CARTESIAN_POINT('',(-3.5,1.74999997764826,8.65));
#14252=CARTESIAN_POINT('Origin',(3.5,1.74999997764826,8.65));
#14253=CARTESIAN_POINT('',(-2.625,1.74999997764826,8.65));
#14254=CARTESIAN_POINT('',(-3.5,1.74999997764826,9.15));
#14255=CARTESIAN_POINT('Origin',(5.55111512312578E-16,0.999999977648258,
9.15));
#14256=CARTESIAN_POINT('Origin',(-4.375,4.9,8.15));
#14257=CARTESIAN_POINT('',(6.1,4.9,8.65));
#14258=CARTESIAN_POINT('',(6.6,5.4,8.15));
#14259=CARTESIAN_POINT('Origin',(6.6,4.9,8.15));
#14260=CARTESIAN_POINT('',(-6.6,5.4,8.15));
#14261=CARTESIAN_POINT('',(-4.375,5.4,8.15));
#14262=CARTESIAN_POINT('',(-6.1,4.9,8.65));
#14263=CARTESIAN_POINT('Origin',(-6.6,4.9,8.15));
#14264=CARTESIAN_POINT('',(-4.375,4.9,8.65));
#14265=CARTESIAN_POINT('Origin',(0.,5.4,1.11022302462516E-15));
#14266=CARTESIAN_POINT('',(8.15,5.4,6.6));
#14267=CARTESIAN_POINT('',(6.6875,5.4,8.0625));
#14268=CARTESIAN_POINT('',(8.15,5.4,-6.6));
#14269=CARTESIAN_POINT('',(8.15,5.4,4.375));
#14270=CARTESIAN_POINT('',(6.6,5.4,-8.15));
#14271=CARTESIAN_POINT('',(8.0625,5.4,-6.6875));
#14272=CARTESIAN_POINT('',(-6.6,5.4,-8.15));
#14273=CARTESIAN_POINT('',(4.375,5.4,-8.15));
#14274=CARTESIAN_POINT('',(-8.15,5.4,-6.6));
#14275=CARTESIAN_POINT('',(-6.6875,5.4,-8.0625));
#14276=CARTESIAN_POINT('',(-8.15,5.4,6.6));
#14277=CARTESIAN_POINT('',(-8.15,5.4,-4.375));
#14278=CARTESIAN_POINT('',(-8.0625,5.4,6.6875));
#14279=CARTESIAN_POINT('',(4.55,5.4,-5.57214293612046E-16));
#14280=CARTESIAN_POINT('Origin',(0.,5.4,0.));
#14281=CARTESIAN_POINT('Origin',(6.,5.4,8.75));
#14282=CARTESIAN_POINT('',(6.1,5.55111512312578E-16,8.65));
#14283=CARTESIAN_POINT('',(6.1,2.7,8.65));
#14284=CARTESIAN_POINT('',(8.65,5.55111512312578E-16,6.1));
#14285=CARTESIAN_POINT('',(6.6875,5.55111512312578E-16,8.0625));
#14286=CARTESIAN_POINT('',(8.65,4.9,6.1));
#14287=CARTESIAN_POINT('',(8.65,2.7,6.1));
#14288=CARTESIAN_POINT('Origin',(8.15,4.9,6.6));
#14289=CARTESIAN_POINT('Origin',(8.15,4.9,4.375));
#14290=CARTESIAN_POINT('',(8.65,4.9,-6.1));
#14291=CARTESIAN_POINT('Origin',(8.15,4.9,-6.6));
#14292=CARTESIAN_POINT('',(8.65,4.9,4.375));
#14293=CARTESIAN_POINT('Origin',(4.375,4.9,-8.15));
#14294=CARTESIAN_POINT('',(-6.1,4.9,-8.65));
#14295=CARTESIAN_POINT('Origin',(-6.6,4.9,-8.15));
#14296=CARTESIAN_POINT('',(6.1,4.9,-8.65));
#14297=CARTESIAN_POINT('Origin',(6.6,4.9,-8.15));
#14298=CARTESIAN_POINT('',(4.375,4.9,-8.65));
#14299=CARTESIAN_POINT('Origin',(-6.,5.4,-8.75));
#14300=CARTESIAN_POINT('',(-6.1,5.55111512312578E-16,-8.65));
#14301=CARTESIAN_POINT('',(-6.1,2.7,-8.65));
#14302=CARTESIAN_POINT('',(-8.65,5.55111512312578E-16,-6.1));
#14303=CARTESIAN_POINT('',(-6.6875,5.55111512312578E-16,-8.0625));
#14304=CARTESIAN_POINT('',(-8.65,4.9,-6.1));
#14305=CARTESIAN_POINT('',(-8.65,2.7,-6.1));
#14306=CARTESIAN_POINT('Origin',(-8.15,4.9,-6.6));
#14307=CARTESIAN_POINT('Origin',(-8.15,4.9,-4.375));
#14308=CARTESIAN_POINT('',(-8.65,4.9,6.1));
#14309=CARTESIAN_POINT('Origin',(-8.15,4.9,6.6));
#14310=CARTESIAN_POINT('',(-8.65,4.9,-4.375));
#14311=CARTESIAN_POINT('Origin',(0.,5.15,0.));
#14312=CARTESIAN_POINT('',(4.05,4.9,4.95981953654678E-16));
#14313=CARTESIAN_POINT('',(4.3,5.15,-5.26598123633362E-16));
#14314=CARTESIAN_POINT('Origin',(0.,4.9,0.));
#14315=CARTESIAN_POINT('Origin',(0.,5.4,0.));
#14316=CARTESIAN_POINT('',(4.05,4.4,-4.95981953654678E-16));
#14317=CARTESIAN_POINT('',(4.05,5.4,4.95981953654678E-16));
#14318=CARTESIAN_POINT('Origin',(0.,4.4,0.));
#14319=CARTESIAN_POINT('Origin',(6.,-0.65,6.));
#14320=CARTESIAN_POINT('',(6.,-0.9,6.45));
#14321=CARTESIAN_POINT('Origin',(6.,-0.9,6.));
#14322=CARTESIAN_POINT('',(6.,-0.65,6.7));
#14323=CARTESIAN_POINT('Origin',(6.,-0.65,6.45));
#14324=CARTESIAN_POINT('',(5.3,-0.65,6.));
#14325=CARTESIAN_POINT('Origin',(6.,-0.65,6.));
#14326=CARTESIAN_POINT('Origin',(6.,-0.65,6.));
#14327=CARTESIAN_POINT('Origin',(6.,0.,6.));
#14328=CARTESIAN_POINT('',(5.3,0.,6.));
#14329=CARTESIAN_POINT('',(5.3,0.,6.));
#14330=CARTESIAN_POINT('Origin',(6.,0.,6.));
#14331=CARTESIAN_POINT('Origin',(6.,-0.9,6.));
#14332=CARTESIAN_POINT('Origin',(-6.,-0.65,-6.));
#14333=CARTESIAN_POINT('',(-6.,-0.9,-5.55));
#14334=CARTESIAN_POINT('Origin',(-6.,-0.9,-6.));
#14335=CARTESIAN_POINT('',(-6.,-0.65,-5.3));
#14336=CARTESIAN_POINT('Origin',(-6.,-0.65,-5.55));
#14337=CARTESIAN_POINT('',(-6.7,-0.65,-6.));
#14338=CARTESIAN_POINT('Origin',(-6.,-0.65,-6.));
#14339=CARTESIAN_POINT('Origin',(-6.,-0.65,-6.));
#14340=CARTESIAN_POINT('Origin',(-6.,0.,-6.));
#14341=CARTESIAN_POINT('',(-6.7,0.,-6.));
#14342=CARTESIAN_POINT('',(-6.7,0.,-6.));
#14343=CARTESIAN_POINT('Origin',(-6.,0.,-6.));
#14344=CARTESIAN_POINT('Origin',(-6.,-0.9,-6.));
#14345=CARTESIAN_POINT('Origin',(0.,4.4,0.));
#14346=CARTESIAN_POINT('Origin',(8.75,5.4,-6.));
#14347=CARTESIAN_POINT('',(8.65,0.,-6.1));
#14348=CARTESIAN_POINT('',(8.65,2.7,-6.1));
#14349=CARTESIAN_POINT('',(6.1,0.,-8.65));
#14350=CARTESIAN_POINT('',(8.0625,0.,-6.6875));
#14351=CARTESIAN_POINT('',(6.1,2.7,-8.65));
#14352=CARTESIAN_POINT('Origin',(-8.75,5.4,6.));
#14353=CARTESIAN_POINT('',(-8.65,0.,6.1));
#14354=CARTESIAN_POINT('',(-8.65,2.7,6.1));
#14355=CARTESIAN_POINT('',(-6.1,0.,8.65));
#14356=CARTESIAN_POINT('',(-8.0625,0.,6.6875));
#14357=CARTESIAN_POINT('',(-6.1,2.7,8.65));
#14358=CARTESIAN_POINT('Origin',(8.75,0.,-8.65));
#14359=CARTESIAN_POINT('',(4.375,0.,-8.65));
#14360=CARTESIAN_POINT('Origin',(8.65,0.,8.75));
#14361=CARTESIAN_POINT('',(8.65,0.,4.375));
#14362=CARTESIAN_POINT('Origin',(-8.75,0.,8.65));
#14363=CARTESIAN_POINT('',(-4.375,0.,8.65));
#14364=CARTESIAN_POINT('Origin',(-8.65,0.,-8.75));
#14365=CARTESIAN_POINT('',(-8.65,0.,-4.375));
#14366=CARTESIAN_POINT('Origin',(0.,0.,1.11022302462516E-15));
#14367=CARTESIAN_POINT('Origin',(0.,7.8,0.));
#14368=CARTESIAN_POINT('',(1.16189500386223,8.2,-1.1));
#14369=CARTESIAN_POINT('',(1.16189500386222,8.2,1.1));
#14370=CARTESIAN_POINT('Origin',(0.,8.2,0.));
#14371=CARTESIAN_POINT('',(1.3228756555323,7.8,1.5));
#14372=CARTESIAN_POINT('Ctrl Pts',(1.16189500386222,8.2,1.1));
#14373=CARTESIAN_POINT('Ctrl Pts',(1.16230839695159,8.2,1.10096063873034));
#14374=CARTESIAN_POINT('Ctrl Pts',(1.16272160331142,8.19999653939975,1.10192135622794));
#14375=CARTESIAN_POINT('Ctrl Pts',(1.17582293667762,8.19977693506936,1.13239858492391));
#14376=CARTESIAN_POINT('Ctrl Pts',(1.18830680702247,8.19629694984388,1.16192724573695));
#14377=CARTESIAN_POINT('Ctrl Pts',(1.21233876418256,8.18283066453433,1.21962232638687));
#14378=CARTESIAN_POINT('Ctrl Pts',(1.22385230163723,8.17293270988136,1.24769593077916));
#14379=CARTESIAN_POINT('Ctrl Pts',(1.25324385467354,8.1377236999231,1.32027773833378));
#14380=CARTESIAN_POINT('Ctrl Pts',(1.26971803130586,8.10673482041838,1.3619979879868));
#14381=CARTESIAN_POINT('Ctrl Pts',(1.29610995987682,8.03165117590163,1.42973826810303));
#14382=CARTESIAN_POINT('Ctrl Pts',(1.30613466422951,7.98922749529864,1.45594172049104));
#14383=CARTESIAN_POINT('Ctrl Pts',(1.31949729528526,7.89719146705019,1.49102985128644));
#14384=CARTESIAN_POINT('Ctrl Pts',(1.3228756555323,7.84890889917556,1.5));
#14385=CARTESIAN_POINT('Ctrl Pts',(1.3228756555323,7.8,1.5));
#14386=CARTESIAN_POINT('',(1.3228756555323,7.8,-1.5));
#14387=CARTESIAN_POINT('Origin',(0.,7.8,0.));
#14388=CARTESIAN_POINT('Ctrl Pts',(1.16189500386223,8.2,-1.1));
#14389=CARTESIAN_POINT('Ctrl Pts',(1.1623083969516,8.2,-1.10096063873034));
#14390=CARTESIAN_POINT('Ctrl Pts',(1.16272160331142,8.19999653939975,-1.10192135622793));
#14391=CARTESIAN_POINT('Ctrl Pts',(1.17582293667764,8.19977693506936,-1.13239858492399));
#14392=CARTESIAN_POINT('Ctrl Pts',(1.18830680702248,8.19629694984388,-1.16192724573697));
#14393=CARTESIAN_POINT('Ctrl Pts',(1.21233876418256,8.18283066453433,-1.21962232638688));
#14394=CARTESIAN_POINT('Ctrl Pts',(1.22385230163723,8.17293270988136,-1.24769593077916));
#14395=CARTESIAN_POINT('Ctrl Pts',(1.25324385467354,8.1377236999231,-1.32027773833378));
#14396=CARTESIAN_POINT('Ctrl Pts',(1.26971803130586,8.10673482041838,-1.3619979879868));
#14397=CARTESIAN_POINT('Ctrl Pts',(1.29610995987682,8.03165117590163,-1.42973826810303));
#14398=CARTESIAN_POINT('Ctrl Pts',(1.3061346642295,7.98922749529864,-1.45594172049104));
#14399=CARTESIAN_POINT('Ctrl Pts',(1.31949729528526,7.89719146705019,-1.49102985128644));
#14400=CARTESIAN_POINT('Ctrl Pts',(1.3228756555323,7.84890889917556,-1.5));
#14401=CARTESIAN_POINT('Ctrl Pts',(1.3228756555323,7.8,-1.5));
#14402=CARTESIAN_POINT('Origin',(2.,7.8,1.1));
#14403=CARTESIAN_POINT('',(-1.16189500386223,8.2,1.1));
#14404=CARTESIAN_POINT('',(2.,8.2,1.1));
#14405=CARTESIAN_POINT('',(-1.3228756555323,7.8,1.5));
#14406=CARTESIAN_POINT('Ctrl Pts',(-1.16189500386222,8.2,1.1));
#14407=CARTESIAN_POINT('Ctrl Pts',(-1.1623083969516,8.2,1.10096063873034));
#14408=CARTESIAN_POINT('Ctrl Pts',(-1.16272160331142,8.19999653939975,1.10192135622793));
#14409=CARTESIAN_POINT('Ctrl Pts',(-1.17582293667764,8.19977693506936,1.13239858492398));
#14410=CARTESIAN_POINT('Ctrl Pts',(-1.18830680702248,8.19629694984388,1.16192724573697));
#14411=CARTESIAN_POINT('Ctrl Pts',(-1.21233876418256,8.18283066453433,1.21962232638687));
#14412=CARTESIAN_POINT('Ctrl Pts',(-1.22385230163723,8.17293270988136,1.24769593077916));
#14413=CARTESIAN_POINT('Ctrl Pts',(-1.25324385467354,8.1377236999231,1.32027773833378));
#14414=CARTESIAN_POINT('Ctrl Pts',(-1.26971803130586,8.10673482041838,1.3619979879868));
#14415=CARTESIAN_POINT('Ctrl Pts',(-1.29610995987682,8.03165117590163,1.42973826810303));
#14416=CARTESIAN_POINT('Ctrl Pts',(-1.30613466422951,7.98922749529864,1.45594172049104));
#14417=CARTESIAN_POINT('Ctrl Pts',(-1.31949729528526,7.89719146705019,1.49102985128644));
#14418=CARTESIAN_POINT('Ctrl Pts',(-1.3228756555323,7.84890889917556,1.5));
#14419=CARTESIAN_POINT('Ctrl Pts',(-1.3228756555323,7.8,1.5));
#14420=CARTESIAN_POINT('',(2.,7.8,1.5));
#14421=CARTESIAN_POINT('Origin',(0.,7.8,0.));
#14422=CARTESIAN_POINT('',(-1.16189500386223,8.2,-1.1));
#14423=CARTESIAN_POINT('Origin',(0.,8.2,0.));
#14424=CARTESIAN_POINT('',(-1.3228756555323,7.8,-1.5));
#14425=CARTESIAN_POINT('Ctrl Pts',(-1.16189500386223,8.2,-1.1));
#14426=CARTESIAN_POINT('Ctrl Pts',(-1.1623083969516,8.2,-1.10096063873034));
#14427=CARTESIAN_POINT('Ctrl Pts',(-1.16272160331142,8.19999653939975,-1.10192135622794));
#14428=CARTESIAN_POINT('Ctrl Pts',(-1.17582293667763,8.19977693506936,-1.13239858492395));
#14429=CARTESIAN_POINT('Ctrl Pts',(-1.18830680702248,8.19629694984388,-1.16192724573696));
#14430=CARTESIAN_POINT('Ctrl Pts',(-1.21233876418256,8.18283066453433,-1.21962232638687));
#14431=CARTESIAN_POINT('Ctrl Pts',(-1.22385230163723,8.17293270988136,-1.24769593077916));
#14432=CARTESIAN_POINT('Ctrl Pts',(-1.25324385467354,8.1377236999231,-1.32027773833378));
#14433=CARTESIAN_POINT('Ctrl Pts',(-1.26971803130586,8.10673482041838,-1.3619979879868));
#14434=CARTESIAN_POINT('Ctrl Pts',(-1.29610995987682,8.03165117590163,-1.42973826810303));
#14435=CARTESIAN_POINT('Ctrl Pts',(-1.3061346642295,7.98922749529864,-1.45594172049104));
#14436=CARTESIAN_POINT('Ctrl Pts',(-1.31949729528526,7.89719146705019,-1.49102985128644));
#14437=CARTESIAN_POINT('Ctrl Pts',(-1.3228756555323,7.84890889917556,-1.5));
#14438=CARTESIAN_POINT('Ctrl Pts',(-1.3228756555323,7.8,-1.5));
#14439=CARTESIAN_POINT('Origin',(0.,7.8,0.));
#14440=CARTESIAN_POINT('Origin',(-2.,7.8,-1.1));
#14441=CARTESIAN_POINT('',(-2.,7.8,-1.5));
#14442=CARTESIAN_POINT('',(-2.,8.2,-1.1));
#14443=CARTESIAN_POINT('Origin',(-4.,5.,-1.5));
#14444=CARTESIAN_POINT('',(1.3228756555323,5.,-1.5));
#14445=CARTESIAN_POINT('',(1.3228756555323,5.,-1.5));
#14446=CARTESIAN_POINT('',(-1.3228756555323,5.,-1.5));
#14447=CARTESIAN_POINT('',(-4.,5.,-1.5));
#14448=CARTESIAN_POINT('',(-1.3228756555323,5.,-1.5));
#14449=CARTESIAN_POINT('Origin',(0.,5.,0.));
#14450=CARTESIAN_POINT('',(1.3228756555323,5.,1.5));
#14451=CARTESIAN_POINT('',(1.3228756555323,5.,1.5));
#14452=CARTESIAN_POINT('Origin',(0.,5.,0.));
#14453=CARTESIAN_POINT('Origin',(0.,8.2,0.));
#14454=CARTESIAN_POINT('Origin',(4.,5.,1.5));
#14455=CARTESIAN_POINT('',(-1.3228756555323,5.,1.5));
#14456=CARTESIAN_POINT('',(-1.3228756555323,5.,1.5));
#14457=CARTESIAN_POINT('',(4.,5.,1.5));
#14458=CARTESIAN_POINT('Origin',(0.,5.,0.));
#14459=CARTESIAN_POINT('Origin',(0.,5.,0.));
#14460=CARTESIAN_POINT('Origin',(0.,4.5,0.));
#14461=CARTESIAN_POINT('',(-4.05,5.,4.95981953654678E-16));
#14462=CARTESIAN_POINT('Origin',(0.,5.,0.));
#14463=CARTESIAN_POINT('',(-4.05,4.5,4.95981953654678E-16));
#14464=CARTESIAN_POINT('',(-4.05,4.5,4.95981953654678E-16));
#14465=CARTESIAN_POINT('Origin',(0.,4.5,0.));
#14466=CARTESIAN_POINT('Origin',(0.,5.,0.));
#14467=CARTESIAN_POINT('Origin',(0.,4.5,0.));
#14468=CARTESIAN_POINT('Origin',(3.00000027782516,5.,-8.25000010128132));
#14469=CARTESIAN_POINT('',(5.49999995529652,5.3,-8.65000001396985));
#14470=CARTESIAN_POINT('',(5.49999995529652,5.,-8.75000001396985));
#14471=CARTESIAN_POINT('Origin',(5.49999995529652,5.,-8.25000001396985));
#14472=CARTESIAN_POINT('',(4.74999995529652,5.,-8.75000004016329));
#14473=CARTESIAN_POINT('',(3.00000029528746,5.,-8.75000010128132));
#14474=CARTESIAN_POINT('',(4.74999993783422,5.5,-8.25000004016329));
#14475=CARTESIAN_POINT('Origin',(4.74999993783422,5.,-8.25000004016329));
#14476=CARTESIAN_POINT('',(6.50000030244701,5.5,-8.24999997904524));
#14477=CARTESIAN_POINT('',(3.00000027782516,5.5,-8.25000010128132));
#14478=CARTESIAN_POINT('',(6.10000028847717,5.3,-8.64999999301508));
#14479=CARTESIAN_POINT('Origin',(6.50000030244701,5.,-8.24999997904524));
#14480=CARTESIAN_POINT('',(3.000000291795,5.3,-8.65000010128133));
#14481=CARTESIAN_POINT('Origin',(6.00000028498471,5.3,-8.74999999650754));
#14482=CARTESIAN_POINT('',(5.49999995529652,3.55,-8.75000001396985));
#14483=CARTESIAN_POINT('',(5.49999995529652,5.3,-8.75000001396985));
#14484=CARTESIAN_POINT('',(5.24999995529652,3.3,-8.75000002270099));
#14485=CARTESIAN_POINT('Origin',(5.24999995529652,3.55,-8.75000002270099));
#14486=CARTESIAN_POINT('',(2.24999995529652,3.3,-8.75000012747478));
#14487=CARTESIAN_POINT('',(-6.00000028498471,3.3,-8.7500004156027));
#14488=CARTESIAN_POINT('',(1.99999995529652,3.55,-8.75000013620593));
#14489=CARTESIAN_POINT('Origin',(2.24999995529652,3.55,-8.75000012747478));
#14490=CARTESIAN_POINT('',(1.99999995529652,5.,-8.75000013620593));
#14491=CARTESIAN_POINT('',(1.99999995529652,5.3,-8.75000013620593));
#14492=CARTESIAN_POINT('',(2.74999995529652,5.,-8.75000011001248));
#14493=CARTESIAN_POINT('',(3.00000029528746,5.,-8.75000010128132));
#14494=CARTESIAN_POINT('',(2.74999995529652,4.09845597841936,-8.75000011001248));
#14495=CARTESIAN_POINT('',(2.74999995529652,5.4,-8.75000011001248));
#14496=CARTESIAN_POINT('',(2.99999995529652,3.84845597841936,-8.75000010128133));
#14497=CARTESIAN_POINT('Origin',(2.99999995529652,4.09845597841936,-8.75000010128134));
#14498=CARTESIAN_POINT('',(4.49999995529652,3.84845597841936,-8.75000004889444));
#14499=CARTESIAN_POINT('',(4.37500012014061,3.84845597841936,-8.75000005326001));
#14500=CARTESIAN_POINT('',(4.74999995529652,4.09845597841936,-8.75000004016329));
#14501=CARTESIAN_POINT('Origin',(4.49999995529652,4.09845597841936,-8.75000004889444));
#14502=CARTESIAN_POINT('',(4.74999995529652,4.57422798920968,-8.75000004016329));
#14503=CARTESIAN_POINT('Origin',(5.49999995529652,5.3,-8.75000001396985));
#14504=CARTESIAN_POINT('',(5.49999995529652,5.3,-8.25000001396985));
#14505=CARTESIAN_POINT('',(5.49999995529652,5.3,-4.37500000698492));
#14506=CARTESIAN_POINT('',(5.49999995529652,4.86698741586401,-8.49999981001019));
#14507=CARTESIAN_POINT('Ctrl Pts',(5.49999995529652,4.86698741586401,-8.49999981001019));
#14508=CARTESIAN_POINT('Ctrl Pts',(5.49999995680476,4.94178720730486,-8.49999981001019));
#14509=CARTESIAN_POINT('Ctrl Pts',(5.4999999583138,5.01662640744358,-8.48298002933704));
#14510=CARTESIAN_POINT('Ctrl Pts',(5.49999995967135,5.0839527425545,-8.45049442514431));
#14511=CARTESIAN_POINT('Ctrl Pts',(5.49999996148142,5.17372118936906,-8.40718028622066));
#14512=CARTESIAN_POINT('Ctrl Pts',(5.49999996302218,5.25013343168973,-8.33637134992888));
#14513=CARTESIAN_POINT('Ctrl Pts',(5.49999996402767,5.3,-8.25000001396985));
#14514=CARTESIAN_POINT('',(5.49999995529652,3.55,-8.49999981001019));
#14515=CARTESIAN_POINT('',(5.49999995529652,5.3,-8.49999981001019));
#14516=CARTESIAN_POINT('',(5.49999995529652,3.55,-8.68749999353895));
#14517=CARTESIAN_POINT('Origin',(0.,5.3,0.));
#14518=CARTESIAN_POINT('',(6.50000030244701,5.3,-8.24999997904524));
#14519=CARTESIAN_POINT('',(8.7500004156027,5.3,-5.99999986588955));
#14520=CARTESIAN_POINT('',(-1.87499984231545,5.3,-8.25000027153873));
#14521=CARTESIAN_POINT('Origin',(3.00000027782516,5.,-8.25000010128132));
#14522=CARTESIAN_POINT('',(1.99999995529652,5.3,-8.65000013620593));
#14523=CARTESIAN_POINT('',(1.99999993783422,5.5,-8.25000013620593));
#14524=CARTESIAN_POINT('Origin',(1.99999993783422,5.,-8.25000013620593));
#14525=CARTESIAN_POINT('',(2.74999993783422,5.5,-8.25000011001249));
#14526=CARTESIAN_POINT('',(3.00000027782516,5.5,-8.25000010128132));
#14527=CARTESIAN_POINT('Origin',(2.74999993783422,5.,-8.25000011001248));
#14528=CARTESIAN_POINT('Origin',(1.99999995529652,5.,-8.25000013620593));
#14529=CARTESIAN_POINT('Origin',(2.74999995529652,5.5,-8.75000011001249));
#14530=CARTESIAN_POINT('',(2.74999993783422,5.3,-8.25000011001248));
#14531=CARTESIAN_POINT('',(2.74999993783422,7.34845597841936,-8.25000011001248));
#14532=CARTESIAN_POINT('',(2.74999994656536,4.86698747131432,-8.49999981001019));
#14533=CARTESIAN_POINT('Ctrl Pts',(2.74999994656536,4.86698747131432,-8.49999981001019));
#14534=CARTESIAN_POINT('Ctrl Pts',(2.7499999480736,4.94178724691224,-8.49999981001019));
#14535=CARTESIAN_POINT('Ctrl Pts',(2.74999994958266,5.01662752649638,-8.48298221901806));
#14536=CARTESIAN_POINT('Ctrl Pts',(2.74999995094022,5.08395400696024,-8.45049693988577));
#14537=CARTESIAN_POINT('Ctrl Pts',(2.74999995275029,5.17372264757871,-8.40718323437607));
#14538=CARTESIAN_POINT('Ctrl Pts',(2.74999995429102,5.25013342309444,-8.33637141661722));
#14539=CARTESIAN_POINT('Ctrl Pts',(2.74999995529652,5.3,-8.25000011001248));
#14540=CARTESIAN_POINT('',(2.74999994656536,4.09845597841936,-8.49999981001019));
#14541=CARTESIAN_POINT('',(2.74999994656536,5.4,-8.49999981001019));
#14542=CARTESIAN_POINT('',(2.74999995529652,4.09845597841936,-8.75000011001249));
#14543=CARTESIAN_POINT('Origin',(0.,5.5,0.));
#14544=CARTESIAN_POINT('',(1.87500011298107,5.5,-8.2500001405715));
#14545=CARTESIAN_POINT('',(0.999999937834219,5.5,-8.25000017113053));
#14546=CARTESIAN_POINT('',(0.750000112981067,5.5,-8.25000017986167));
#14547=CARTESIAN_POINT('',(-0.999999995110556,5.5,-8.25000024097972));
#14548=CARTESIAN_POINT('',(3.00000027782516,5.5,-8.25000010128132));
#14549=CARTESIAN_POINT('',(-1.99999999511056,5.5,-8.25000027590431));
#14550=CARTESIAN_POINT('',(-0.749999853491319,5.5,-8.25000023224856));
#14551=CARTESIAN_POINT('',(-2.74999997275882,5.5,-8.25000030209776));
#14552=CARTESIAN_POINT('',(3.00000027782516,5.5,-8.25000010128132));
#14553=CARTESIAN_POINT('',(-4.74999997275881,5.5,-8.25000037194695));
#14554=CARTESIAN_POINT('',(-1.87499984231545,5.5,-8.25000027153873));
#14555=CARTESIAN_POINT('',(-6.50000026752241,5.5,-8.250000433065));
#14556=CARTESIAN_POINT('',(3.00000027782516,5.5,-8.25000010128132));
#14557=CARTESIAN_POINT('',(-8.2500004156027,5.5,-6.50000028498471));
#14558=CARTESIAN_POINT('',(-6.00000028498471,5.5,-8.7500004156027));
#14559=CARTESIAN_POINT('',(-8.2500004156027,5.5,-4.74999991618097));
#14560=CARTESIAN_POINT('',(-8.2500004156027,5.5,-3.00000014249235));
#14561=CARTESIAN_POINT('',(-8.2500004156027,5.5,-2.74999991618097));
#14562=CARTESIAN_POINT('',(-8.2500004156027,5.5,-1.87499995809048));
#14563=CARTESIAN_POINT('',(-8.2500004156027,5.5,-1.99999995529652));
#14564=CARTESIAN_POINT('',(-8.2500004156027,5.5,-3.00000014249235));
#14565=CARTESIAN_POINT('',(-8.2500004156027,5.5,-0.999999955296517));
#14566=CARTESIAN_POINT('',(-8.2500004156027,5.5,-0.749999977648258));
#14567=CARTESIAN_POINT('',(-8.2500004156027,5.5,1.));
#14568=CARTESIAN_POINT('',(-8.2500004156027,5.5,-3.00000014249235));
#14569=CARTESIAN_POINT('',(-8.2500004156027,5.5,2.));
#14570=CARTESIAN_POINT('',(-8.2500004156027,5.5,0.75));
#14571=CARTESIAN_POINT('',(-8.2500004156027,5.5,2.74999995529652));
#14572=CARTESIAN_POINT('',(-8.2500004156027,5.5,-3.00000014249235));
#14573=CARTESIAN_POINT('',(-8.2500004156027,5.5,4.74999995529652));
#14574=CARTESIAN_POINT('',(-8.2500004156027,5.5,1.87499997764826));
#14575=CARTESIAN_POINT('',(-8.2500004156027,5.5,6.50000028498471));
#14576=CARTESIAN_POINT('',(-8.2500004156027,5.5,-3.00000014249235));
#14577=CARTESIAN_POINT('',(-6.50000028498471,5.5,8.2500004156027));
#14578=CARTESIAN_POINT('',(-8.7500004156027,5.5,6.00000028498471));
#14579=CARTESIAN_POINT('',(-4.75000001862645,5.5,8.2500004156027));
#14580=CARTESIAN_POINT('',(-3.00000014249235,5.5,8.2500004156027));
#14581=CARTESIAN_POINT('',(-2.75000001862645,5.5,8.2500004156027));
#14582=CARTESIAN_POINT('',(-1.87500000931323,5.5,8.2500004156027));
#14583=CARTESIAN_POINT('',(-1.99999995529652,5.5,8.2500004156027));
#14584=CARTESIAN_POINT('',(-3.00000014249235,5.5,8.2500004156027));
#14585=CARTESIAN_POINT('',(-0.999999955296516,5.5,8.2500004156027));
#14586=CARTESIAN_POINT('',(-0.749999977648258,5.5,8.2500004156027));
#14587=CARTESIAN_POINT('',(1.,5.5,8.2500004156027));
#14588=CARTESIAN_POINT('',(-3.00000014249235,5.5,8.2500004156027));
#14589=CARTESIAN_POINT('',(2.,5.5,8.2500004156027));
#14590=CARTESIAN_POINT('',(0.75,5.5,8.2500004156027));
#14591=CARTESIAN_POINT('',(2.74999991618097,5.5,8.2500004156027));
#14592=CARTESIAN_POINT('',(-3.00000014249235,5.5,8.2500004156027));
#14593=CARTESIAN_POINT('',(4.74999991618097,5.5,8.2500004156027));
#14594=CARTESIAN_POINT('',(1.87499995809048,5.5,8.2500004156027));
#14595=CARTESIAN_POINT('',(6.50000028498471,5.5,8.2500004156027));
#14596=CARTESIAN_POINT('',(-3.00000014249235,5.5,8.2500004156027));
#14597=CARTESIAN_POINT('',(8.2500004156027,5.5,6.50000028498471));
#14598=CARTESIAN_POINT('',(6.00000028498471,5.5,8.7500004156027));
#14599=CARTESIAN_POINT('',(8.2500004156027,5.5,4.74999995529652));
#14600=CARTESIAN_POINT('',(8.2500004156027,5.5,3.00000014249235));
#14601=CARTESIAN_POINT('',(8.2500004156027,5.5,2.74999995529652));
#14602=CARTESIAN_POINT('',(8.2500004156027,5.5,1.87499997764826));
#14603=CARTESIAN_POINT('',(8.2500004156027,5.5,1.99999995529652));
#14604=CARTESIAN_POINT('',(8.2500004156027,5.5,3.00000014249235));
#14605=CARTESIAN_POINT('',(8.2500004156027,5.5,0.999942641016831));
#14606=CARTESIAN_POINT('',(8.2500004156027,5.5,0.749985649078337));
#14607=CARTESIAN_POINT('',(8.2500004156027,5.49999987706542,-0.9999995585531));
#14608=CARTESIAN_POINT('',(8.2500004156027,5.5,3.00000014249235));
#14609=CARTESIAN_POINT('',(8.2500004156027,5.49999987706542,-1.99999995529652));
#14610=CARTESIAN_POINT('',(8.2500004156027,5.5,-0.749999878462404));
#14611=CARTESIAN_POINT('',(8.2500004156027,5.5,-2.75000001862645));
#14612=CARTESIAN_POINT('',(8.2500004156027,5.5,3.00000014249235));
#14613=CARTESIAN_POINT('',(8.2500004156027,5.5,-4.75000001862645));
#14614=CARTESIAN_POINT('',(8.2500004156027,5.5,-1.87500000931323));
#14615=CARTESIAN_POINT('',(8.2500004156027,5.5,-6.49999986588955));
#14616=CARTESIAN_POINT('',(8.2500004156027,5.5,3.00000014249235));
#14617=CARTESIAN_POINT('',(8.7500004156027,5.5,-5.99999986588955));
#14618=CARTESIAN_POINT('',(4.55,5.5,-5.57214293612046E-16));
#14619=CARTESIAN_POINT('Origin',(0.,5.5,0.));
#14620=CARTESIAN_POINT('Origin',(3.00000027782516,5.,-8.25000010128132));
#14621=CARTESIAN_POINT('',(-0.999999977648258,5.3,-8.65000024097971));
#14622=CARTESIAN_POINT('Origin',(-0.999999995110556,5.,-8.25000024097971));
#14623=CARTESIAN_POINT('',(0.999999977648258,5.3,-8.65000017113052));
#14624=CARTESIAN_POINT('Origin',(0.999999937834219,5.,-8.25000017113053));
#14625=CARTESIAN_POINT('',(0.999999977648258,5.,-8.75000017113052));
#14626=CARTESIAN_POINT('Origin',(0.999999977648258,5.,-8.25000017113052));
#14627=CARTESIAN_POINT('',(-0.999999977648258,5.,-8.75000024097971));
#14628=CARTESIAN_POINT('',(3.00000029528746,5.,-8.75000010128132));
#14629=CARTESIAN_POINT('Origin',(-0.999999977648258,5.,-8.25000024097971));
#14630=CARTESIAN_POINT('Origin',(-0.999999977648258,5.3,-8.75000024097971));
#14631=CARTESIAN_POINT('',(-0.999999977648258,5.3,-8.49999981001019));
#14632=CARTESIAN_POINT('',(-0.999999977648258,5.3,-4.2499999050051));
#14633=CARTESIAN_POINT('',(-0.999999977648258,4.86698754692844,-8.49999981001019));
#14634=CARTESIAN_POINT('',(-0.999999977648258,5.3,-8.49999981001019));
#14635=CARTESIAN_POINT('',(-0.999999995110556,5.3,-8.25000024097972));
#14636=CARTESIAN_POINT('Ctrl Pts',(-0.999999995110556,5.3,-8.25000024097972));
#14637=CARTESIAN_POINT('Ctrl Pts',(-0.999999996116055,5.25013341137362,
-8.33637150755586));
#14638=CARTESIAN_POINT('Ctrl Pts',(-0.999999997656762,5.1737237368783,-8.40718546306179));
#14639=CARTESIAN_POINT('Ctrl Pts',(-0.999999999466839,5.08395496043436,
-8.45049883348481));
#14640=CARTESIAN_POINT('Ctrl Pts',(-1.0000000008244,5.01662837810141,-8.48298386130207));
#14641=CARTESIAN_POINT('Ctrl Pts',(-1.00000000233348,4.94178730092235,-8.49999981001019));
#14642=CARTESIAN_POINT('Ctrl Pts',(-1.00000000384172,4.86698754692844,-8.49999981001019));
#14643=CARTESIAN_POINT('',(-0.999999995110556,5.5,-8.25000024097971));
#14644=CARTESIAN_POINT('Origin',(-0.999999977648258,5.3,-8.49999981001019));
#14645=CARTESIAN_POINT('',(-0.999999977648258,3.55,-8.75000024097971));
#14646=CARTESIAN_POINT('',(-0.999999977648258,5.3,-8.75000024097971));
#14647=CARTESIAN_POINT('',(-0.999999977648258,3.55,-8.49999981001019));
#14648=CARTESIAN_POINT('',(-0.999999977648258,3.55,-8.56249991775257));
#14649=CARTESIAN_POINT('',(-0.999999977648258,5.3,-8.49999981001019));
#14650=CARTESIAN_POINT('Origin',(6.00000028498471,5.3,-8.74999999650754));
#14651=CARTESIAN_POINT('',(0.999999977648258,3.55,-8.75000017113052));
#14652=CARTESIAN_POINT('',(0.999999977648258,5.3,-8.75000017113052));
#14653=CARTESIAN_POINT('',(0.749999977648258,3.3,-8.75000017986167));
#14654=CARTESIAN_POINT('Origin',(0.749999977648258,3.55,-8.75000017986167));
#14655=CARTESIAN_POINT('',(-0.749999977648258,3.3,-8.75000023224856));
#14656=CARTESIAN_POINT('',(-6.00000028498471,3.3,-8.7500004156027));
#14657=CARTESIAN_POINT('Origin',(-0.749999977648258,3.55,-8.75000023224856));
#14658=CARTESIAN_POINT('Origin',(3.00000027782516,5.,-8.25000010128132));
#14659=CARTESIAN_POINT('',(-2.74999995529652,5.,-8.75000030209775));
#14660=CARTESIAN_POINT('Origin',(-2.74999997275882,5.,-8.25000030209775));
#14661=CARTESIAN_POINT('',(-1.99999995529652,5.3,-8.65000027590431));
#14662=CARTESIAN_POINT('Origin',(-1.99999999511056,5.,-8.25000027590431));
#14663=CARTESIAN_POINT('',(-1.99999995529652,5.,-8.75000027590431));
#14664=CARTESIAN_POINT('Origin',(-1.99999995529652,5.,-8.25000027590431));
#14665=CARTESIAN_POINT('',(3.00000029528746,5.,-8.75000010128132));
#14666=CARTESIAN_POINT('Origin',(-1.99999995529652,5.3,-8.75000027590431));
#14667=CARTESIAN_POINT('',(-1.99999995529652,5.3,-8.49999981001019));
#14668=CARTESIAN_POINT('',(-1.99999995529652,5.3,-4.37500013795215));
#14669=CARTESIAN_POINT('',(-1.99999995529652,4.86698756709221,-8.49999981001019));
#14670=CARTESIAN_POINT('',(-1.99999995529652,5.3,-8.49999981001019));
#14671=CARTESIAN_POINT('',(-1.99999995529652,3.55,-8.49999981001019));
#14672=CARTESIAN_POINT('',(-1.99999995529652,5.3,-8.49999981001019));
#14673=CARTESIAN_POINT('',(-1.99999995529652,3.55,-8.75000027590431));
#14674=CARTESIAN_POINT('',(-1.99999995529652,3.55,-8.6875001899898));
#14675=CARTESIAN_POINT('',(-1.99999995529652,5.3,-8.75000027590431));
#14676=CARTESIAN_POINT('Origin',(-1.99999997764826,5.5,-8.75000027590431));
#14677=CARTESIAN_POINT('',(-1.99999999511056,5.3,-8.25000027590431));
#14678=CARTESIAN_POINT('',(-1.99999999511056,5.3,-8.25000027590431));
#14679=CARTESIAN_POINT('Ctrl Pts',(-1.99999998637942,4.86698756709221,-8.49999981001019));
#14680=CARTESIAN_POINT('Ctrl Pts',(-1.99999998487118,4.94178731532506,-8.49999981001019));
#14681=CARTESIAN_POINT('Ctrl Pts',(-1.99999998336212,5.01662756747694,-8.48298223166298));
#14682=CARTESIAN_POINT('Ctrl Pts',(-1.99999998200456,5.08395402872939,-8.45049697549427));
#14683=CARTESIAN_POINT('Ctrl Pts',(-1.99999998019449,5.17372264373266,-8.40718330060266));
#14684=CARTESIAN_POINT('Ctrl Pts',(-1.99999997865376,5.25013340824807,-8.33637153180617));
#14685=CARTESIAN_POINT('Ctrl Pts',(-1.99999997764826,5.3,-8.25000027590431));
#14686=CARTESIAN_POINT('Origin',(3.00000027782516,5.,-8.25000010128132));
#14687=CARTESIAN_POINT('',(-6.10000028149225,5.3,-8.65000041909516));
#14688=CARTESIAN_POINT('Origin',(-6.50000026752241,5.,-8.250000433065));
#14689=CARTESIAN_POINT('',(-4.74999995529652,5.,-8.75000037194694));
#14690=CARTESIAN_POINT('Origin',(-4.74999997275881,5.,-8.25000037194694));
#14691=CARTESIAN_POINT('',(-5.49999995529652,5.,-8.75000039814039));
#14692=CARTESIAN_POINT('',(3.00000029528746,5.,-8.75000010128132));
#14693=CARTESIAN_POINT('',(-5.49999995529652,5.3,-8.65000039814039));
#14694=CARTESIAN_POINT('Origin',(-5.49999995529652,5.,-8.25000039814039));
#14695=CARTESIAN_POINT('',(3.000000291795,5.3,-8.65000010128133));
#14696=CARTESIAN_POINT('Origin',(0.,5.3,0.));
#14697=CARTESIAN_POINT('',(-5.49999995529652,5.3,-7.99999981001019));
#14698=CARTESIAN_POINT('',(-5.49999995529652,5.3,-4.2499999050051));
#14699=CARTESIAN_POINT('',(6.75000047148205,5.3,-7.99999981001019));
#14700=CARTESIAN_POINT('',(-0.999999977648258,5.3,-7.99999981001019));
#14701=CARTESIAN_POINT('',(7.99999981001019,5.3,-6.75000047148205));
#14702=CARTESIAN_POINT('',(8.7500004156027,5.3,-5.99999986588955));
#14703=CARTESIAN_POINT('',(7.99999981001019,5.3,5.49999995529652));
#14704=CARTESIAN_POINT('',(7.99999981001019,5.3,2.74999997764826));
#14705=CARTESIAN_POINT('',(8.6500004156027,5.3,5.49999995529652));
#14706=CARTESIAN_POINT('',(4.37500020780135,5.3,5.49999995529652));
#14707=CARTESIAN_POINT('',(8.6500004156027,5.3,6.10000028498471));
#14708=CARTESIAN_POINT('',(8.6500004156027,5.3,3.00000014249235));
#14709=CARTESIAN_POINT('',(6.75000089057721,5.3,7.99999981001019));
#14710=CARTESIAN_POINT('',(6.00000028498471,5.3,8.7500004156027));
#14711=CARTESIAN_POINT('',(-5.50000008195639,5.3,7.99999981001019));
#14712=CARTESIAN_POINT('',(-2.75000004097819,5.3,7.99999981001019));
#14713=CARTESIAN_POINT('',(-5.50000008195639,5.3,8.6500004156027));
#14714=CARTESIAN_POINT('',(-5.50000008195639,5.3,4.37500020780135));
#14715=CARTESIAN_POINT('',(-6.10000028498471,5.3,8.6500004156027));
#14716=CARTESIAN_POINT('',(-3.00000014249235,5.3,8.6500004156027));
#14717=CARTESIAN_POINT('',(-8.6500004156027,5.3,6.10000028498471));
#14718=CARTESIAN_POINT('',(-8.7500004156027,5.3,6.00000028498471));
#14719=CARTESIAN_POINT('',(-8.6500004156027,5.3,5.49999995529652));
#14720=CARTESIAN_POINT('',(-8.6500004156027,5.3,-3.00000014249235));
#14721=CARTESIAN_POINT('',(-7.99999981001019,5.3,5.49999995529652));
#14722=CARTESIAN_POINT('',(-4.2499999050051,5.3,5.49999995529652));
#14723=CARTESIAN_POINT('',(-7.99999981001019,5.3,-6.75000089057721));
#14724=CARTESIAN_POINT('',(-7.99999981001019,5.3,0.999999977648258));
#14725=CARTESIAN_POINT('',(-6.00000028498471,5.3,-8.7500004156027));
#14726=CARTESIAN_POINT('',(-4.55,5.3,-5.57214293612046E-16));
#14727=CARTESIAN_POINT('Origin',(0.,5.3,0.));
#14728=CARTESIAN_POINT('Origin',(-5.49999995529652,5.3,-8.49999981001019));
#14729=CARTESIAN_POINT('',(-5.49999995529652,3.55,-8.75000039814039));
#14730=CARTESIAN_POINT('',(-5.49999995529652,5.3,-8.75000039814039));
#14731=CARTESIAN_POINT('',(-5.49999995529652,3.55,-8.49999981001019));
#14732=CARTESIAN_POINT('',(-5.49999995529652,3.55,-8.56249995704274));
#14733=CARTESIAN_POINT('',(-5.49999995529652,4.8,-8.49999981001019));
#14734=CARTESIAN_POINT('',(-5.49999995529652,5.3,-8.49999981001019));
#14735=CARTESIAN_POINT('Origin',(-5.49999995529652,4.8,-7.99999981001019));
#14736=CARTESIAN_POINT('Origin',(6.00000028498471,5.3,-8.74999999650754));
#14737=CARTESIAN_POINT('',(-2.24999995529652,3.3,-8.75000028463546));
#14738=CARTESIAN_POINT('Origin',(-2.24999995529652,3.55,-8.75000028463546));
#14739=CARTESIAN_POINT('',(-5.24999995529652,3.3,-8.75000038940924));
#14740=CARTESIAN_POINT('',(-6.00000028498471,3.3,-8.7500004156027));
#14741=CARTESIAN_POINT('Origin',(-5.24999995529652,3.55,-8.75000038940924));
#14742=CARTESIAN_POINT('',(-4.74999995529652,4.09845597841936,-8.75000037194694));
#14743=CARTESIAN_POINT('',(-4.74999995529652,5.4,-8.75000037194694));
#14744=CARTESIAN_POINT('',(-4.49999995529652,3.84845597841936,-8.7500003632158));
#14745=CARTESIAN_POINT('Origin',(-4.49999995529652,4.09845597841936,-8.7500003632158));
#14746=CARTESIAN_POINT('',(-2.99999995529652,3.84845597841936,-8.7500003108289));
#14747=CARTESIAN_POINT('',(0.625000164844096,3.84845597841936,-8.75000018422724));
#14748=CARTESIAN_POINT('',(-2.74999995529652,4.09845597841936,-8.75000030209775));
#14749=CARTESIAN_POINT('Origin',(-2.99999995529652,4.09845597841936,-8.75000031082891));
#14750=CARTESIAN_POINT('',(-2.74999995529652,4.57422798920968,-8.75000030209775));
#14751=CARTESIAN_POINT('Origin',(-8.2500004156027,5.,-3.00000014249235));
#14752=CARTESIAN_POINT('Origin',(-8.2500004156027,5.,6.50000028498471));
#14753=CARTESIAN_POINT('',(-8.7500004156027,5.,4.74999995529652));
#14754=CARTESIAN_POINT('Origin',(-8.2500004156027,5.,4.74999995529652));
#14755=CARTESIAN_POINT('',(-8.7500004156027,5.,5.49999995529652));
#14756=CARTESIAN_POINT('',(-8.7500004156027,5.,-3.00000014249235));
#14757=CARTESIAN_POINT('Origin',(-8.2500004156027,5.,5.49999995529652));
#14758=CARTESIAN_POINT('Origin',(-8.49999981001019,5.3,5.49999995529652));
#14759=CARTESIAN_POINT('',(-8.7500004156027,1.55,5.49999995529652));
#14760=CARTESIAN_POINT('',(-8.7500004156027,5.3,5.49999995529652));
#14761=CARTESIAN_POINT('',(-8.49999981001019,1.55,5.49999995529652));
#14762=CARTESIAN_POINT('',(-8.56249996140832,1.55,5.49999995529652));
#14763=CARTESIAN_POINT('',(-8.49999981001019,4.8,5.49999995529652));
#14764=CARTESIAN_POINT('',(-8.49999981001019,5.3,5.49999995529652));
#14765=CARTESIAN_POINT('Origin',(-7.99999981001019,4.8,5.49999995529652));
#14766=CARTESIAN_POINT('Origin',(-8.7500004156027,5.3,-6.00000028498471));
#14767=CARTESIAN_POINT('',(-8.7500004156027,2.29862505562358,4.74999995529652));
#14768=CARTESIAN_POINT('',(-8.7500004156027,5.4,4.74999995529652));
#14769=CARTESIAN_POINT('',(-8.7500004156027,2.04862505562358,4.49999995529652));
#14770=CARTESIAN_POINT('Origin',(-8.7500004156027,2.29862505562358,4.49999995529652));
#14771=CARTESIAN_POINT('',(-8.7500004156027,2.04862505562358,2.99999995529652));
#14772=CARTESIAN_POINT('',(-8.7500004156027,2.04862505562358,-0.625000164844096));
#14773=CARTESIAN_POINT('',(-8.7500004156027,2.29862505562358,2.74999995529652));
#14774=CARTESIAN_POINT('Origin',(-8.7500004156027,2.29862505562358,2.99999995529652));
#14775=CARTESIAN_POINT('',(-8.7500004156027,5.,2.74999995529652));
#14776=CARTESIAN_POINT('',(-8.7500004156027,4.57431252781179,2.74999995529652));
#14777=CARTESIAN_POINT('',(-8.7500004156027,5.,1.99999995529652));
#14778=CARTESIAN_POINT('',(-8.7500004156027,5.,-3.00000014249235));
#14779=CARTESIAN_POINT('',(-8.7500004156027,1.55,1.99999995529652));
#14780=CARTESIAN_POINT('',(-8.7500004156027,5.3,1.99999995529652));
#14781=CARTESIAN_POINT('',(-8.7500004156027,1.3,2.24999995529652));
#14782=CARTESIAN_POINT('Origin',(-8.7500004156027,1.55,2.24999995529652));
#14783=CARTESIAN_POINT('',(-8.7500004156027,1.3,5.24999995529652));
#14784=CARTESIAN_POINT('',(-8.7500004156027,1.3,-1.1250001648441));
#14785=CARTESIAN_POINT('Origin',(-8.7500004156027,1.55,5.24999995529652));
#14786=CARTESIAN_POINT('Origin',(-8.2500004156027,5.,-3.00000014249235));
#14787=CARTESIAN_POINT('Origin',(-8.2500004156027,5.,2.74999995529652));
#14788=CARTESIAN_POINT('Origin',(-8.2500004156027,5.,1.99999995529652));
#14789=CARTESIAN_POINT('Origin',(-8.7500004156027,5.3,1.99999995529652));
#14790=CARTESIAN_POINT('',(-8.2500004156027,5.3,2.));
#14791=CARTESIAN_POINT('',(-8.2500004156027,5.3,2.));
#14792=CARTESIAN_POINT('',(-8.49999981001019,4.86698764774734,1.99999995529652));
#14793=CARTESIAN_POINT('Origin',(-7.99999981001019,4.86698764774734,1.99999995529652));
#14794=CARTESIAN_POINT('',(-8.49999981001019,1.55,1.99999995529652));
#14795=CARTESIAN_POINT('',(-8.49999981001019,5.3,1.99999995529652));
#14796=CARTESIAN_POINT('',(-8.68750026420457,1.55,1.99999995529652));
#14797=CARTESIAN_POINT('Origin',(-8.2500004156027,5.,-3.00000014249235));
#14798=CARTESIAN_POINT('',(-8.7500004156027,5.,1.));
#14799=CARTESIAN_POINT('Origin',(-8.2500004156027,5.,1.));
#14800=CARTESIAN_POINT('',(-8.7500004156027,5.,-1.));
#14801=CARTESIAN_POINT('Origin',(-8.2500004156027,5.,-1.));
#14802=CARTESIAN_POINT('',(-8.7500004156027,5.,-3.00000014249235));
#14803=CARTESIAN_POINT('Origin',(-8.5000004156027,5.3,1.));
#14804=CARTESIAN_POINT('',(-8.7500004156027,1.55,1.));
#14805=CARTESIAN_POINT('',(-8.7500004156027,5.3,1.));
#14806=CARTESIAN_POINT('',(-8.5000004156027,1.55,1.));
#14807=CARTESIAN_POINT('',(-8.5625004156027,1.55,1.));
#14808=CARTESIAN_POINT('',(-8.5000004156027,4.86698729810778,1.));
#14809=CARTESIAN_POINT('',(-8.5000004156027,5.3,1.));
#14810=CARTESIAN_POINT('',(-8.2500004156027,5.3,1.));
#14811=CARTESIAN_POINT('Origin',(-8.0000004156027,4.86698729810778,1.));
#14812=CARTESIAN_POINT('',(-8.2500004156027,5.5,1.));
#14813=CARTESIAN_POINT('Origin',(-8.7500004156027,5.3,-6.00000028498471));
#14814=CARTESIAN_POINT('',(-8.7500004156027,1.55,-1.));
#14815=CARTESIAN_POINT('',(-8.7500004156027,5.3,-1.));
#14816=CARTESIAN_POINT('',(-8.7500004156027,1.3,-0.75));
#14817=CARTESIAN_POINT('Origin',(-8.7500004156027,1.55,-0.75));
#14818=CARTESIAN_POINT('',(-8.7500004156027,1.3,0.75));
#14819=CARTESIAN_POINT('',(-8.7500004156027,1.3,-3.00000014249235));
#14820=CARTESIAN_POINT('Origin',(-8.7500004156027,1.55,0.75));
#14821=CARTESIAN_POINT('Origin',(-8.2500004156027,5.,-3.00000014249235));
#14822=CARTESIAN_POINT('',(-8.7500004156027,5.,-1.99999995529652));
#14823=CARTESIAN_POINT('Origin',(-8.2500004156027,5.,-1.99999995529652));
#14824=CARTESIAN_POINT('',(-8.7500004156027,5.,-2.74999991618097));
#14825=CARTESIAN_POINT('Origin',(-8.2500004156027,5.,-2.74999991618097));
#14826=CARTESIAN_POINT('',(-8.7500004156027,5.,-3.00000014249235));
#14827=CARTESIAN_POINT('Origin',(-8.7500004156027,5.5,-2.74999991618097));
#14828=CARTESIAN_POINT('',(-8.2500004156027,5.3,-2.74999991618097));
#14829=CARTESIAN_POINT('',(-8.2500004156027,3.84862505562358,-2.74999991618097));
#14830=CARTESIAN_POINT('',(-8.49999981001019,4.86698764774734,-2.74999991618097));
#14831=CARTESIAN_POINT('Origin',(-7.99999981001019,4.86698764774734,-2.74999991618097));
#14832=CARTESIAN_POINT('',(-8.49999981001019,2.29862505562358,-2.74999991618097));
#14833=CARTESIAN_POINT('',(-8.49999981001019,5.4,-2.74999991618097));
#14834=CARTESIAN_POINT('',(-8.7500004156027,2.29862505562358,-2.74999991618097));
#14835=CARTESIAN_POINT('',(-8.7500004156027,2.29862505562358,-2.74999991618097));
#14836=CARTESIAN_POINT('',(-8.7500004156027,5.4,-2.74999991618097));
#14837=CARTESIAN_POINT('Origin',(-8.2500004156027,5.,-3.00000014249235));
#14838=CARTESIAN_POINT('',(-8.6500004156027,5.3,-5.49999987706542));
#14839=CARTESIAN_POINT('',(-8.7500004156027,5.,-5.49999987706542));
#14840=CARTESIAN_POINT('Origin',(-8.2500004156027,5.,-5.49999987706542));
#14841=CARTESIAN_POINT('',(-8.7500004156027,5.,-4.74999991618097));
#14842=CARTESIAN_POINT('',(-8.7500004156027,5.,-3.00000014249235));
#14843=CARTESIAN_POINT('Origin',(-8.2500004156027,5.,-4.74999991618097));
#14844=CARTESIAN_POINT('',(-8.6500004156027,5.3,-6.10000028498471));
#14845=CARTESIAN_POINT('Origin',(-8.2500004156027,5.,-6.50000028498471));
#14846=CARTESIAN_POINT('',(-8.6500004156027,5.3,-3.00000014249235));
#14847=CARTESIAN_POINT('Origin',(-8.7500004156027,5.3,-6.00000028498471));
#14848=CARTESIAN_POINT('',(-8.7500004156027,2.04862505562358,-2.99999991618097));
#14849=CARTESIAN_POINT('Origin',(-8.7500004156027,2.29862505562358,-2.99999991618097));
#14850=CARTESIAN_POINT('',(-8.7500004156027,2.04862505562358,-4.49999991618097));
#14851=CARTESIAN_POINT('',(-8.7500004156027,2.04862505562358,-4.37500010058284));
#14852=CARTESIAN_POINT('',(-8.7500004156027,2.29862505562358,-4.74999991618097));
#14853=CARTESIAN_POINT('Origin',(-8.7500004156027,2.29862505562358,-4.49999991618097));
#14854=CARTESIAN_POINT('',(-8.7500004156027,4.57431252781179,-4.74999991618097));
#14855=CARTESIAN_POINT('',(-8.7500004156027,1.55,-5.49999987706542));
#14856=CARTESIAN_POINT('',(-8.7500004156027,5.3,-5.49999987706542));
#14857=CARTESIAN_POINT('',(-8.7500004156027,1.3,-5.24999987706542));
#14858=CARTESIAN_POINT('Origin',(-8.7500004156027,1.55,-5.24999987706542));
#14859=CARTESIAN_POINT('',(-8.7500004156027,1.3,-2.24999995529652));
#14860=CARTESIAN_POINT('',(-8.7500004156027,1.3,-4.87500010058284));
#14861=CARTESIAN_POINT('',(-8.7500004156027,1.55,-1.99999995529652));
#14862=CARTESIAN_POINT('Origin',(-8.7500004156027,1.55,-2.24999995529652));
#14863=CARTESIAN_POINT('',(-8.7500004156027,5.3,-1.99999995529652));
#14864=CARTESIAN_POINT('Origin',(-8.7500004156027,5.3,-5.49999987706542));
#14865=CARTESIAN_POINT('',(-8.2500004156027,5.3,-5.49999987706542));
#14866=CARTESIAN_POINT('',(-4.37500020780135,5.3,-5.49999987706542));
#14867=CARTESIAN_POINT('',(-8.49999981001019,4.86698764774734,-5.49999987706542));
#14868=CARTESIAN_POINT('Origin',(-7.99999981001019,4.86698764774734,-5.49999987706542));
#14869=CARTESIAN_POINT('',(-8.49999981001019,1.55,-5.49999987706542));
#14870=CARTESIAN_POINT('',(-8.49999981001019,5.3,-5.49999987706542));
#14871=CARTESIAN_POINT('',(-8.68750026420457,1.55,-5.49999987706542));
#14872=CARTESIAN_POINT('Origin',(0.,5.3,0.));
#14873=CARTESIAN_POINT('',(-8.2500004156027,5.3,-6.50000028498471));
#14874=CARTESIAN_POINT('',(-6.00000028498471,5.3,-8.7500004156027));
#14875=CARTESIAN_POINT('',(-8.2500004156027,5.3,1.87499997764826));
#14876=CARTESIAN_POINT('Origin',(8.2500004156027,5.,3.00000014249235));
#14877=CARTESIAN_POINT('',(8.6500004156027,5.3,-6.09999986588955));
#14878=CARTESIAN_POINT('Origin',(8.2500004156027,5.,-6.49999986588955));
#14879=CARTESIAN_POINT('',(8.7500004156027,5.,-4.75000001862645));
#14880=CARTESIAN_POINT('Origin',(8.2500004156027,5.,-4.75000001862645));
#14881=CARTESIAN_POINT('',(8.7500004156027,5.,-5.50000008195639));
#14882=CARTESIAN_POINT('',(8.7500004156027,5.,3.00000014249235));
#14883=CARTESIAN_POINT('',(8.6500004156027,5.3,-5.50000008195639));
#14884=CARTESIAN_POINT('Origin',(8.2500004156027,5.,-5.50000008195639));
#14885=CARTESIAN_POINT('',(8.6500004156027,5.3,3.00000014249235));
#14886=CARTESIAN_POINT('Origin',(0.,5.3,0.));
#14887=CARTESIAN_POINT('',(8.2500004156027,5.3,-5.50000008195639));
#14888=CARTESIAN_POINT('',(4.2499999050051,5.3,-5.50000008195639));
#14889=CARTESIAN_POINT('',(8.2500004156027,5.3,-6.49999986588955));
#14890=CARTESIAN_POINT('',(8.2500004156027,5.3,1.87499997764826));
#14891=CARTESIAN_POINT('',(8.7500004156027,5.3,-5.99999986588955));
#14892=CARTESIAN_POINT('Origin',(8.49999981001019,5.3,-5.50000008195639));
#14893=CARTESIAN_POINT('',(8.7500004156027,1.55,-5.50000008195639));
#14894=CARTESIAN_POINT('',(8.7500004156027,5.3,-5.50000008195639));
#14895=CARTESIAN_POINT('',(8.49999981001019,1.55,-5.50000008195639));
#14896=CARTESIAN_POINT('',(8.56249996140832,1.55,-5.50000008195639));
#14897=CARTESIAN_POINT('',(8.49999981001019,4.86698764774734,-5.50000008195639));
#14898=CARTESIAN_POINT('',(8.49999981001019,5.3,-5.50000008195639));
#14899=CARTESIAN_POINT('Origin',(7.99999981001019,4.86698764774734,-5.50000008195639));
#14900=CARTESIAN_POINT('Origin',(8.7500004156027,5.3,6.00000028498471));
#14901=CARTESIAN_POINT('',(8.7500004156027,2.3007451310079,-4.75000001862645));
#14902=CARTESIAN_POINT('',(8.7500004156027,5.4,-4.75000001862645));
#14903=CARTESIAN_POINT('',(8.7500004156027,2.0507451310079,-4.50000001862645));
#14904=CARTESIAN_POINT('Origin',(8.7500004156027,2.3007451310079,-4.50000001862645));
#14905=CARTESIAN_POINT('',(8.7500004156027,2.0507451310079,-3.00000001862645));
#14906=CARTESIAN_POINT('',(8.7500004156027,2.0507451310079,0.625000133179128));
#14907=CARTESIAN_POINT('',(8.7500004156027,2.3007451310079,-2.75000001862645));
#14908=CARTESIAN_POINT('Origin',(8.7500004156027,2.3007451310079,-3.00000001862645));
#14909=CARTESIAN_POINT('',(8.7500004156027,5.,-2.75000001862645));
#14910=CARTESIAN_POINT('',(8.7500004156027,4.57537256550395,-2.75000001862645));
#14911=CARTESIAN_POINT('',(8.7500004156027,5.,-1.99999995529652));
#14912=CARTESIAN_POINT('',(8.7500004156027,5.,3.00000014249235));
#14913=CARTESIAN_POINT('',(8.7500004156027,1.55,-1.99999995529652));
#14914=CARTESIAN_POINT('',(8.7500004156027,5.3,-1.99999995529652));
#14915=CARTESIAN_POINT('',(8.7500004156027,1.3,-2.24999995529652));
#14916=CARTESIAN_POINT('Origin',(8.7500004156027,1.55,-2.24999995529652));
#14917=CARTESIAN_POINT('',(8.7500004156027,1.3,-5.25000008195639));
#14918=CARTESIAN_POINT('',(8.7500004156027,1.3,1.12500013317913));
#14919=CARTESIAN_POINT('Origin',(8.7500004156027,1.55,-5.25000008195639));
#14920=CARTESIAN_POINT('Origin',(8.2500004156027,5.,3.00000014249235));
#14921=CARTESIAN_POINT('Origin',(8.2500004156027,5.,-2.75000001862645));
#14922=CARTESIAN_POINT('Origin',(8.2500004156027,5.,-1.99999995529652));
#14923=CARTESIAN_POINT('Origin',(8.7500004156027,5.3,-1.99999995529652));
#14924=CARTESIAN_POINT('',(8.2500004156027,5.3,-1.99999995529652));
#14925=CARTESIAN_POINT('',(8.2500004156027,5.3,-1.99999995529652));
#14926=CARTESIAN_POINT('',(8.49999981001019,4.86698764774734,-1.99999995529652));
#14927=CARTESIAN_POINT('Origin',(7.99999981001019,4.86698764774734,-1.99999995529652));
#14928=CARTESIAN_POINT('',(8.49999981001019,1.55,-1.99999995529652));
#14929=CARTESIAN_POINT('',(8.49999981001019,5.3,-1.99999995529652));
#14930=CARTESIAN_POINT('',(8.68750026420457,1.55,-1.99999995529652));
#14931=CARTESIAN_POINT('Origin',(8.2500004156027,5.,3.00000014249235));
#14932=CARTESIAN_POINT('',(8.6500004156027,5.3,0.999999977648258));
#14933=CARTESIAN_POINT('',(8.7500004156027,5.,0.999999977648258));
#14934=CARTESIAN_POINT('Origin',(8.2500004156027,5.,0.999999977648258));
#14935=CARTESIAN_POINT('',(8.7500004156027,5.,-0.9999995585531));
#14936=CARTESIAN_POINT('',(8.7500004156027,5.,3.00000014249235));
#14937=CARTESIAN_POINT('Origin',(8.2500004156027,5.,-0.9999995585531));
#14938=CARTESIAN_POINT('Origin',(8.2500004156027,5.,0.999942641016831));
#14939=CARTESIAN_POINT('Origin',(8.7500004156027,5.3,6.00000028498471));
#14940=CARTESIAN_POINT('',(8.7500004156027,1.55,0.999999977648258));
#14941=CARTESIAN_POINT('',(8.7500004156027,5.3,0.999999977648258));
#14942=CARTESIAN_POINT('',(8.7500004156027,1.3,0.749999977648258));
#14943=CARTESIAN_POINT('Origin',(8.7500004156027,1.55,0.749999977648258));
#14944=CARTESIAN_POINT('',(8.7500004156027,1.3,-0.749999558553099));
#14945=CARTESIAN_POINT('',(8.7500004156027,1.3,3.00000024726614));
#14946=CARTESIAN_POINT('',(8.7500004156027,1.55,-0.9999995585531));
#14947=CARTESIAN_POINT('Origin',(8.7500004156027,1.55,-0.7499995585531));
#14948=CARTESIAN_POINT('',(8.7500004156027,5.3,-0.9999995585531));
#14949=CARTESIAN_POINT('Origin',(8.7500004156027,5.3,0.999999977648258));
#14950=CARTESIAN_POINT('',(8.49999981001019,5.3,0.999999977648258));
#14951=CARTESIAN_POINT('',(4.37500020780135,5.3,0.999999977648258));
#14952=CARTESIAN_POINT('',(8.49999981001019,1.55,0.999999977648258));
#14953=CARTESIAN_POINT('',(8.49999981001019,5.3,0.999999977648258));
#14954=CARTESIAN_POINT('',(8.68750026420457,1.55,0.999999977648258));
#14955=CARTESIAN_POINT('Origin',(8.2500004156027,5.,3.00000014249235));
#14956=CARTESIAN_POINT('',(8.7500004156027,5.,1.99999995529652));
#14957=CARTESIAN_POINT('Origin',(8.2500004156027,5.,1.99999995529652));
#14958=CARTESIAN_POINT('',(8.7500004156027,5.,2.74999995529652));
#14959=CARTESIAN_POINT('Origin',(8.2500004156027,5.,2.74999995529652));
#14960=CARTESIAN_POINT('',(8.7500004156027,5.,3.00000014249235));
#14961=CARTESIAN_POINT('Origin',(8.7500004156027,5.5,2.74999995529652));
#14962=CARTESIAN_POINT('',(8.2500004156027,5.3,2.74999995529652));
#14963=CARTESIAN_POINT('',(8.2500004156027,3.8507451310079,2.74999995529652));
#14964=CARTESIAN_POINT('',(8.49999981001019,4.86698764774734,2.74999995529652));
#14965=CARTESIAN_POINT('Origin',(7.99999981001019,4.86698764774734,2.74999995529652));
#14966=CARTESIAN_POINT('',(8.49999981001019,2.3007451310079,2.74999995529652));
#14967=CARTESIAN_POINT('',(8.49999981001019,5.4,2.74999995529652));
#14968=CARTESIAN_POINT('',(8.7500004156027,2.3007451310079,2.74999995529652));
#14969=CARTESIAN_POINT('',(8.7500004156027,2.3007451310079,2.74999995529652));
#14970=CARTESIAN_POINT('',(8.7500004156027,5.4,2.74999995529652));
#14971=CARTESIAN_POINT('Origin',(8.2500004156027,5.,3.00000014249235));
#14972=CARTESIAN_POINT('',(8.7500004156027,5.,5.49999995529652));
#14973=CARTESIAN_POINT('Origin',(8.2500004156027,5.,5.49999995529652));
#14974=CARTESIAN_POINT('',(8.7500004156027,5.,4.74999995529652));
#14975=CARTESIAN_POINT('',(8.7500004156027,5.,3.00000014249235));
#14976=CARTESIAN_POINT('Origin',(8.2500004156027,5.,4.74999995529652));
#14977=CARTESIAN_POINT('Origin',(8.2500004156027,5.,6.50000028498471));
#14978=CARTESIAN_POINT('Origin',(8.7500004156027,5.3,6.00000028498471));
#14979=CARTESIAN_POINT('',(8.7500004156027,2.0507451310079,2.99999995529652));
#14980=CARTESIAN_POINT('Origin',(8.7500004156027,2.3007451310079,2.99999995529652));
#14981=CARTESIAN_POINT('',(8.7500004156027,2.0507451310079,4.49999995529652));
#14982=CARTESIAN_POINT('',(8.7500004156027,2.0507451310079,4.37500012014061));
#14983=CARTESIAN_POINT('',(8.7500004156027,2.3007451310079,4.74999995529652));
#14984=CARTESIAN_POINT('Origin',(8.7500004156027,2.3007451310079,4.49999995529652));
#14985=CARTESIAN_POINT('',(8.7500004156027,4.57537256550395,4.74999995529652));
#14986=CARTESIAN_POINT('',(8.7500004156027,1.55,5.49999995529652));
#14987=CARTESIAN_POINT('',(8.7500004156027,5.3,5.49999995529652));
#14988=CARTESIAN_POINT('',(8.7500004156027,1.3,5.24999995529652));
#14989=CARTESIAN_POINT('Origin',(8.7500004156027,1.55,5.24999995529652));
#14990=CARTESIAN_POINT('',(8.7500004156027,1.3,2.24999995529652));
#14991=CARTESIAN_POINT('',(8.7500004156027,1.3,4.87500012014061));
#14992=CARTESIAN_POINT('',(8.7500004156027,1.55,1.99999995529652));
#14993=CARTESIAN_POINT('Origin',(8.7500004156027,1.55,2.24999995529652));
#14994=CARTESIAN_POINT('',(8.7500004156027,5.3,1.99999995529652));
#14995=CARTESIAN_POINT('Origin',(8.7500004156027,5.3,5.49999995529652));
#14996=CARTESIAN_POINT('',(8.49999981001019,4.8,5.49999995529652));
#14997=CARTESIAN_POINT('Origin',(7.99999981001019,4.8,5.49999995529652));
#14998=CARTESIAN_POINT('',(8.49999981001019,1.55,5.49999995529652));
#14999=CARTESIAN_POINT('',(8.49999981001019,5.3,5.49999995529652));
#15000=CARTESIAN_POINT('',(8.68750026420457,1.55,5.49999995529652));
#15001=CARTESIAN_POINT('Origin',(-3.00000014249235,5.,8.2500004156027));
#15002=CARTESIAN_POINT('',(6.10000028498471,5.3,8.6500004156027));
#15003=CARTESIAN_POINT('Origin',(6.50000028498471,5.,8.2500004156027));
#15004=CARTESIAN_POINT('',(4.74999991618097,5.,8.7500004156027));
#15005=CARTESIAN_POINT('Origin',(4.74999991618097,5.,8.2500004156027));
#15006=CARTESIAN_POINT('',(5.49999987706542,5.,8.7500004156027));
#15007=CARTESIAN_POINT('',(-3.00000014249235,5.,8.7500004156027));
#15008=CARTESIAN_POINT('',(5.49999987706542,5.3,8.6500004156027));
#15009=CARTESIAN_POINT('Origin',(5.49999987706542,5.,8.2500004156027));
#15010=CARTESIAN_POINT('',(-3.00000014249235,5.3,8.6500004156027));
#15011=CARTESIAN_POINT('Origin',(0.,5.3,0.));
#15012=CARTESIAN_POINT('',(5.49999987706542,5.3,8.2500004156027));
#15013=CARTESIAN_POINT('',(5.49999987706542,5.3,4.2499999050051));
#15014=CARTESIAN_POINT('',(6.50000028498471,5.3,8.2500004156027));
#15015=CARTESIAN_POINT('',(-1.87500000931323,5.3,8.2500004156027));
#15016=CARTESIAN_POINT('',(6.00000028498471,5.3,8.7500004156027));
#15017=CARTESIAN_POINT('Origin',(5.49999987706542,5.3,8.49999981001019));
#15018=CARTESIAN_POINT('',(5.49999987706542,3.55,8.7500004156027));
#15019=CARTESIAN_POINT('',(5.49999987706542,5.3,8.7500004156027));
#15020=CARTESIAN_POINT('',(5.49999987706542,3.55,8.49999981001019));
#15021=CARTESIAN_POINT('',(5.49999987706542,3.55,8.56249996140832));
#15022=CARTESIAN_POINT('',(5.49999987706542,4.86698764774734,8.49999981001019));
#15023=CARTESIAN_POINT('',(5.49999987706542,5.3,8.49999981001019));
#15024=CARTESIAN_POINT('Origin',(5.49999987706542,4.86698764774734,7.99999981001019));
#15025=CARTESIAN_POINT('Origin',(-6.00000028498471,5.3,8.7500004156027));
#15026=CARTESIAN_POINT('',(4.74999991618097,4.10182593816747,8.7500004156027));
#15027=CARTESIAN_POINT('',(4.74999991618097,5.4,8.7500004156027));
#15028=CARTESIAN_POINT('',(4.49999991618097,3.85182593816747,8.7500004156027));
#15029=CARTESIAN_POINT('Origin',(4.49999991618097,4.10182593816747,8.7500004156027));
#15030=CARTESIAN_POINT('',(2.99999991618097,3.85182593816747,8.7500004156027));
#15031=CARTESIAN_POINT('',(-0.62500018440187,3.85182593816747,8.7500004156027));
#15032=CARTESIAN_POINT('',(2.74999991618097,4.10182593816747,8.7500004156027));
#15033=CARTESIAN_POINT('Origin',(2.99999991618097,4.10182593816747,8.7500004156027));
#15034=CARTESIAN_POINT('',(2.74999991618097,5.,8.7500004156027));
#15035=CARTESIAN_POINT('',(2.74999991618097,4.57591296908373,8.7500004156027));
#15036=CARTESIAN_POINT('',(1.99999995529652,5.,8.7500004156027));
#15037=CARTESIAN_POINT('',(-3.00000014249235,5.,8.7500004156027));
#15038=CARTESIAN_POINT('',(1.99999995529652,3.55,8.7500004156027));
#15039=CARTESIAN_POINT('',(1.99999995529652,5.3,8.7500004156027));
#15040=CARTESIAN_POINT('',(2.24999995529652,3.3,8.7500004156027));
#15041=CARTESIAN_POINT('Origin',(2.24999995529652,3.55,8.7500004156027));
#15042=CARTESIAN_POINT('',(5.24999987706542,3.3,8.7500004156027));
#15043=CARTESIAN_POINT('',(6.00000028498471,3.3,8.7500004156027));
#15044=CARTESIAN_POINT('Origin',(5.24999987706542,3.55,8.7500004156027));
#15045=CARTESIAN_POINT('Origin',(-3.00000014249235,5.,8.2500004156027));
#15046=CARTESIAN_POINT('Origin',(2.74999991618097,5.,8.2500004156027));
#15047=CARTESIAN_POINT('Origin',(1.99999995529652,5.,8.2500004156027));
#15048=CARTESIAN_POINT('Origin',(1.99999995529652,5.3,8.7500004156027));
#15049=CARTESIAN_POINT('',(2.,5.3,8.2500004156027));
#15050=CARTESIAN_POINT('',(2.,5.3,8.2500004156027));
#15051=CARTESIAN_POINT('',(1.99999995529652,4.86698764774734,8.49999981001019));
#15052=CARTESIAN_POINT('Origin',(1.99999995529652,4.86698764774734,7.99999981001019));
#15053=CARTESIAN_POINT('',(1.99999995529652,3.55,8.49999981001019));
#15054=CARTESIAN_POINT('',(1.99999995529652,5.3,8.49999981001019));
#15055=CARTESIAN_POINT('',(1.99999995529652,3.55,8.68750026420457));
#15056=CARTESIAN_POINT('Origin',(-3.00000014249235,5.,8.2500004156027));
#15057=CARTESIAN_POINT('',(-5.50000008195639,5.,8.7500004156027));
#15058=CARTESIAN_POINT('Origin',(-5.50000008195639,5.,8.2500004156027));
#15059=CARTESIAN_POINT('',(-4.75000001862645,5.,8.7500004156027));
#15060=CARTESIAN_POINT('',(-3.00000014249235,5.,8.7500004156027));
#15061=CARTESIAN_POINT('Origin',(-4.75000001862645,5.,8.2500004156027));
#15062=CARTESIAN_POINT('Origin',(-6.50000028498471,5.,8.2500004156027));
#15063=CARTESIAN_POINT('Origin',(-8.7500004156027,5.3,6.00000028498471));
#15064=CARTESIAN_POINT('Origin',(-3.00000014249235,5.,8.2500004156027));
#15065=CARTESIAN_POINT('',(-1.99999995529652,5.,8.7500004156027));
#15066=CARTESIAN_POINT('Origin',(-1.99999995529652,5.,8.2500004156027));
#15067=CARTESIAN_POINT('',(-2.75000001862645,5.,8.7500004156027));
#15068=CARTESIAN_POINT('Origin',(-2.75000001862645,5.,8.2500004156027));
#15069=CARTESIAN_POINT('',(-3.00000014249235,5.,8.7500004156027));
#15070=CARTESIAN_POINT('Origin',(-1.99999995529652,5.3,8.49999981001019));
#15071=CARTESIAN_POINT('',(-1.99999995529652,3.55,8.7500004156027));
#15072=CARTESIAN_POINT('',(-1.99999995529652,5.3,8.7500004156027));
#15073=CARTESIAN_POINT('',(-1.99999995529652,3.55,8.49999981001019));
#15074=CARTESIAN_POINT('',(-1.99999995529652,3.55,8.56249996140832));
#15075=CARTESIAN_POINT('',(-1.99999995529652,4.86698764774734,8.49999981001019));
#15076=CARTESIAN_POINT('',(-1.99999995529652,5.3,8.49999981001019));
#15077=CARTESIAN_POINT('',(-1.99999995529652,5.3,8.2500004156027));
#15078=CARTESIAN_POINT('Origin',(-1.99999995529652,4.86698764774734,7.99999981001019));
#15079=CARTESIAN_POINT('',(-1.99999995529652,5.5,8.2500004156027));
#15080=CARTESIAN_POINT('Origin',(-6.00000028498471,5.3,8.7500004156027));
#15081=CARTESIAN_POINT('',(-5.50000008195639,3.55,8.7500004156027));
#15082=CARTESIAN_POINT('',(-5.50000008195639,5.3,8.7500004156027));
#15083=CARTESIAN_POINT('',(-5.25000008195639,3.3,8.7500004156027));
#15084=CARTESIAN_POINT('Origin',(-5.25000008195639,3.55,8.7500004156027));
#15085=CARTESIAN_POINT('',(-2.24999995529652,3.3,8.7500004156027));
#15086=CARTESIAN_POINT('',(6.00000028498471,3.3,8.7500004156027));
#15087=CARTESIAN_POINT('Origin',(-2.24999995529652,3.55,8.7500004156027));
#15088=CARTESIAN_POINT('',(-2.75000001862645,4.1012073984181,8.7500004156027));
#15089=CARTESIAN_POINT('',(-2.75000001862645,5.4,8.7500004156027));
#15090=CARTESIAN_POINT('',(-3.00000001862645,3.8512073984181,8.7500004156027));
#15091=CARTESIAN_POINT('Origin',(-3.00000001862645,4.1012073984181,8.7500004156027));
#15092=CARTESIAN_POINT('',(-4.50000001862645,3.8512073984181,8.7500004156027));
#15093=CARTESIAN_POINT('',(-4.37500015180558,3.8512073984181,8.7500004156027));
#15094=CARTESIAN_POINT('',(-4.75000001862645,4.1012073984181,8.7500004156027));
#15095=CARTESIAN_POINT('Origin',(-4.50000001862645,4.1012073984181,8.7500004156027));
#15096=CARTESIAN_POINT('',(-4.75000001862645,4.57560369920905,8.7500004156027));
#15097=CARTESIAN_POINT('Origin',(-3.00000014249235,5.,8.2500004156027));
#15098=CARTESIAN_POINT('',(1.,5.,8.7500004156027));
#15099=CARTESIAN_POINT('Origin',(1.,5.,8.2500004156027));
#15100=CARTESIAN_POINT('',(-1.,5.,8.7500004156027));
#15101=CARTESIAN_POINT('Origin',(-1.,5.,8.2500004156027));
#15102=CARTESIAN_POINT('',(-3.00000014249235,5.,8.7500004156027));
#15103=CARTESIAN_POINT('Origin',(1.,5.3,8.5000004156027));
#15104=CARTESIAN_POINT('',(1.,3.55,8.7500004156027));
#15105=CARTESIAN_POINT('',(1.,5.3,8.7500004156027));
#15106=CARTESIAN_POINT('',(1.,3.55,8.5000004156027));
#15107=CARTESIAN_POINT('',(1.,3.55,8.5625004156027));
#15108=CARTESIAN_POINT('',(1.,4.86698729810778,8.5000004156027));
#15109=CARTESIAN_POINT('',(1.,5.3,8.5000004156027));
#15110=CARTESIAN_POINT('',(1.,5.3,8.2500004156027));
#15111=CARTESIAN_POINT('Origin',(1.,4.86698729810778,8.0000004156027));
#15112=CARTESIAN_POINT('',(1.,5.5,8.2500004156027));
#15113=CARTESIAN_POINT('Origin',(-6.00000028498471,5.3,8.7500004156027));
#15114=CARTESIAN_POINT('',(-1.,3.55,8.7500004156027));
#15115=CARTESIAN_POINT('',(-1.,5.3,8.7500004156027));
#15116=CARTESIAN_POINT('',(-0.75,3.3,8.7500004156027));
#15117=CARTESIAN_POINT('Origin',(-0.75,3.55,8.7500004156027));
#15118=CARTESIAN_POINT('',(0.75,3.3,8.7500004156027));
#15119=CARTESIAN_POINT('',(6.00000028498471,3.3,8.7500004156027));
#15120=CARTESIAN_POINT('Origin',(0.75,3.55,8.7500004156027));
#15121=CARTESIAN_POINT('Origin',(7.99999981001019,4.86698764774734,1.87499997764826));
#15122=CARTESIAN_POINT('',(8.49999981001019,4.86698764774734,-4.75000001862645));
#15123=CARTESIAN_POINT('',(8.49999981001019,4.86698764774734,1.87499997764826));
#15124=CARTESIAN_POINT('',(8.2500004156027,5.3,-4.75000001862645));
#15125=CARTESIAN_POINT('Origin',(7.99999981001019,4.86698764774734,-4.75000001862645));
#15126=CARTESIAN_POINT('',(8.2500004156027,5.3,1.87499997764826));
#15127=CARTESIAN_POINT('Origin',(7.99999981001019,4.86698764774734,1.87499997764826));
#15128=CARTESIAN_POINT('',(8.49999981001019,4.86698764774734,-2.75000001862645));
#15129=CARTESIAN_POINT('',(8.2500004156027,5.3,-2.75000001862645));
#15130=CARTESIAN_POINT('Origin',(7.99999981001019,4.86698764774734,-2.75000001862645));
#15131=CARTESIAN_POINT('',(8.49999981001019,4.86698764774734,1.87499997764826));
#15132=CARTESIAN_POINT('',(8.2500004156027,5.3,1.87499997764826));
#15133=CARTESIAN_POINT('Origin',(7.99999981001019,4.86698764774734,1.87499997764826));
#15134=CARTESIAN_POINT('',(8.49999981001019,4.86698764774734,-0.9999995585531));
#15135=CARTESIAN_POINT('',(8.2500004156027,5.3,-0.9999995585531));
#15136=CARTESIAN_POINT('Origin',(7.99999981001019,4.86698764774734,-0.9999995585531));
#15137=CARTESIAN_POINT('',(8.49999981001019,4.86698764774734,0.999942641016831));
#15138=CARTESIAN_POINT('',(8.49999981001019,4.86698764774734,1.87499997764826));
#15139=CARTESIAN_POINT('',(8.2500004156027,5.3,0.999942641016831));
#15140=CARTESIAN_POINT('Origin',(7.99999981001019,4.86698764774734,0.999942641016831));
#15141=CARTESIAN_POINT('',(8.2500004156027,5.3,1.87499997764826));
#15142=CARTESIAN_POINT('Origin',(7.99999981001019,4.86698764774734,1.87499997764826));
#15143=CARTESIAN_POINT('',(8.49999981001019,4.86698764774734,1.99999995529652));
#15144=CARTESIAN_POINT('',(8.2500004156027,5.3,1.99999995529652));
#15145=CARTESIAN_POINT('Origin',(7.99999981001019,4.86698764774734,1.99999995529652));
#15146=CARTESIAN_POINT('',(8.49999981001019,4.86698764774734,1.87499997764826));
#15147=CARTESIAN_POINT('',(8.2500004156027,5.3,1.87499997764826));
#15148=CARTESIAN_POINT('Origin',(7.99999981001019,4.8,2.74999997764826));
#15149=CARTESIAN_POINT('',(8.2500004156027,5.23301235225266,4.74999995529652));
#15150=CARTESIAN_POINT('',(8.49999981001019,4.8,4.74999995529652));
#15151=CARTESIAN_POINT('Origin',(7.99999981001019,4.8,4.74999995529652));
#15152=CARTESIAN_POINT('',(8.49999981001019,4.8,2.74999997764826));
#15153=CARTESIAN_POINT('',(8.2500004156027,5.23301235225266,-6.49999986588955));
#15154=CARTESIAN_POINT('Origin',(7.99999981001019,4.8,-6.75000047148205));
#15155=CARTESIAN_POINT('',(8.2500004156027,5.23301235225266,2.74999997764826));
#15156=CARTESIAN_POINT('Origin',(8.49999981001019,5.3,5.49999995529652));
#15157=CARTESIAN_POINT('',(8.49999981001019,1.55,1.99999995529652));
#15158=CARTESIAN_POINT('',(8.49999981001019,5.3,1.99999995529652));
#15159=CARTESIAN_POINT('',(8.49999981001019,1.3,2.24999995529652));
#15160=CARTESIAN_POINT('Origin',(8.49999981001019,1.55,2.24999995529652));
#15161=CARTESIAN_POINT('',(8.49999981001019,1.3,5.24999995529652));
#15162=CARTESIAN_POINT('',(8.49999981001019,1.3,4.62499995529652));
#15163=CARTESIAN_POINT('Origin',(8.49999981001019,1.55,5.24999995529652));
#15164=CARTESIAN_POINT('',(8.49999981001019,2.3007451310079,4.74999995529652));
#15165=CARTESIAN_POINT('',(8.49999981001019,4.57537256550395,4.74999995529652));
#15166=CARTESIAN_POINT('',(8.49999981001019,2.0507451310079,4.49999995529652));
#15167=CARTESIAN_POINT('Origin',(8.49999981001019,2.3007451310079,4.49999995529652));
#15168=CARTESIAN_POINT('',(8.49999981001019,2.0507451310079,2.99999995529652));
#15169=CARTESIAN_POINT('',(8.49999981001019,2.0507451310079,4.12499995529652));
#15170=CARTESIAN_POINT('Origin',(8.49999981001019,2.3007451310079,2.99999995529652));
#15171=CARTESIAN_POINT('Origin',(-1.87500000931323,4.86698764774734,7.99999981001019));
#15172=CARTESIAN_POINT('',(4.74999991618097,4.86698764774734,8.49999981001019));
#15173=CARTESIAN_POINT('',(-1.87500000931323,4.86698764774734,8.49999981001019));
#15174=CARTESIAN_POINT('',(4.74999991618097,5.3,8.2500004156027));
#15175=CARTESIAN_POINT('Origin',(4.74999991618097,4.86698764774734,7.99999981001019));
#15176=CARTESIAN_POINT('',(-1.87500000931323,5.3,8.2500004156027));
#15177=CARTESIAN_POINT('Origin',(-1.87500000931323,4.86698764774734,7.99999981001019));
#15178=CARTESIAN_POINT('',(2.74999991618097,4.86698764774734,8.49999981001019));
#15179=CARTESIAN_POINT('',(2.74999991618097,5.3,8.2500004156027));
#15180=CARTESIAN_POINT('Origin',(2.74999991618097,4.86698764774734,7.99999981001019));
#15181=CARTESIAN_POINT('',(-1.87500000931323,4.86698764774734,8.49999981001019));
#15182=CARTESIAN_POINT('',(-1.87500000931323,5.3,8.2500004156027));
#15183=CARTESIAN_POINT('Origin',(-1.87500000931323,4.86698729810778,8.0000004156027));
#15184=CARTESIAN_POINT('',(-1.,4.86698729810778,8.5000004156027));
#15185=CARTESIAN_POINT('',(-1.87500000931323,4.86698729810778,8.5000004156027));
#15186=CARTESIAN_POINT('',(-0.999999955296516,5.3,8.2500004156027));
#15187=CARTESIAN_POINT('Origin',(-1.,4.86698729810778,8.0000004156027));
#15188=CARTESIAN_POINT('',(-1.87500000931323,5.3,8.2500004156027));
#15189=CARTESIAN_POINT('Origin',(-1.87500000931323,4.86698764774734,7.99999981001019));
#15190=CARTESIAN_POINT('',(-2.75000001862645,4.86698764774734,8.49999981001019));
#15191=CARTESIAN_POINT('',(-1.87500000931323,4.86698764774734,8.49999981001019));
#15192=CARTESIAN_POINT('',(-2.75000001862645,5.3,8.2500004156027));
#15193=CARTESIAN_POINT('Origin',(-2.75000001862645,4.86698764774734,7.99999981001019));
#15194=CARTESIAN_POINT('',(-1.87500000931323,5.3,8.2500004156027));
#15195=CARTESIAN_POINT('Origin',(-2.75000004097819,4.8,7.99999981001019));
#15196=CARTESIAN_POINT('',(-4.75000001862645,5.23301235225266,8.2500004156027));
#15197=CARTESIAN_POINT('',(-4.75000001862645,4.8,8.49999981001019));
#15198=CARTESIAN_POINT('Origin',(-4.75000001862645,4.8,7.99999981001019));
#15199=CARTESIAN_POINT('',(-5.50000008195639,4.8,8.49999981001019));
#15200=CARTESIAN_POINT('',(-2.75000004097819,4.8,8.49999981001019));
#15201=CARTESIAN_POINT('Origin',(-5.50000008195639,4.8,7.99999981001019));
#15202=CARTESIAN_POINT('',(6.50000028498471,5.23301235225266,8.2500004156027));
#15203=CARTESIAN_POINT('Origin',(6.75000089057721,4.8,7.99999981001019));
#15204=CARTESIAN_POINT('',(-2.75000004097819,5.23301235225266,8.2500004156027));
#15205=CARTESIAN_POINT('Origin',(-5.50000008195639,5.3,8.49999981001019));
#15206=CARTESIAN_POINT('',(-2.24999995529652,3.3,8.49999981001019));
#15207=CARTESIAN_POINT('Origin',(-2.24999995529652,3.55,8.49999981001019));
#15208=CARTESIAN_POINT('',(-5.25000008195639,3.3,8.49999981001019));
#15209=CARTESIAN_POINT('',(-1.99999995529652,3.3,8.49999981001019));
#15210=CARTESIAN_POINT('',(-5.50000008195639,3.55,8.49999981001019));
#15211=CARTESIAN_POINT('Origin',(-5.25000008195639,3.55,8.49999981001019));
#15212=CARTESIAN_POINT('',(-5.50000008195639,5.3,8.49999981001019));
#15213=CARTESIAN_POINT('',(-4.75000001862645,4.1012073984181,8.49999981001019));
#15214=CARTESIAN_POINT('',(-4.75000001862645,4.57560369920905,8.49999981001019));
#15215=CARTESIAN_POINT('',(-4.50000001862645,3.8512073984181,8.49999981001019));
#15216=CARTESIAN_POINT('Origin',(-4.50000001862645,4.1012073984181,8.49999981001019));
#15217=CARTESIAN_POINT('',(-3.00000001862645,3.8512073984181,8.49999981001019));
#15218=CARTESIAN_POINT('',(-4.12500005029142,3.8512073984181,8.49999981001019));
#15219=CARTESIAN_POINT('',(-2.75000001862645,4.1012073984181,8.49999981001019));
#15220=CARTESIAN_POINT('Origin',(-3.00000001862645,4.1012073984181,8.49999981001019));
#15221=CARTESIAN_POINT('',(-2.75000001862645,5.4,8.49999981001019));
#15222=CARTESIAN_POINT('Ctrl Pts',(4.74999993783422,5.3,-8.25000004016329));
#15223=CARTESIAN_POINT('Ctrl Pts',(4.99999994656537,5.3,-8.25000003143214));
#15224=CARTESIAN_POINT('Ctrl Pts',(5.24999995529652,5.3,-8.250000022701));
#15225=CARTESIAN_POINT('Ctrl Pts',(5.49999996402767,5.3,-8.25000001396985));
#15226=CARTESIAN_POINT('Ctrl Pts',(4.74999993682872,5.25013342934556,-8.33637136811661));
#15227=CARTESIAN_POINT('Ctrl Pts',(4.99999994555987,5.25013343014918,-8.33637136206872));
#15228=CARTESIAN_POINT('Ctrl Pts',(5.24999995429102,5.25013343088611,-8.33637135597676));
#15229=CARTESIAN_POINT('Ctrl Pts',(5.49999996302218,5.25013343168973,-8.33637134992888));
#15230=CARTESIAN_POINT('Ctrl Pts',(4.7499999341324,5.11641200832467,-8.46028699309928));
#15231=CARTESIAN_POINT('Ctrl Pts',(4.99999994286355,5.11641200808533,-8.46028699153926));
#15232=CARTESIAN_POINT('Ctrl Pts',(5.2499999515947,5.11641200786789,-8.46028698999952));
#15233=CARTESIAN_POINT('Ctrl Pts',(5.49999996032585,5.11641200762855,-8.4602869884395));
#15234=CARTESIAN_POINT('Ctrl Pts',(4.74999993061131,4.94178721810687,-8.49999981001019));
#15235=CARTESIAN_POINT('Ctrl Pts',(4.99999993934246,4.94178721450286,-8.49999981001534));
#15236=CARTESIAN_POINT('Ctrl Pts',(5.24999994807361,4.94178721090886,-8.49999981000505));
#15237=CARTESIAN_POINT('Ctrl Pts',(5.49999995680476,4.94178720730486,-8.49999981001019));
#15238=CARTESIAN_POINT('Ctrl Pts',(4.74999992910306,4.86698743098682,-8.49999981001019));
#15239=CARTESIAN_POINT('Ctrl Pts',(4.99999993783421,4.86698742594588,-8.49999981001019));
#15240=CARTESIAN_POINT('Ctrl Pts',(5.24999994656536,4.86698742090494,-8.49999981001019));
#15241=CARTESIAN_POINT('Ctrl Pts',(5.49999995529652,4.86698741586401,-8.49999981001019));
#15242=CARTESIAN_POINT('',(4.74999993783422,5.3,-8.25000004016329));
#15243=CARTESIAN_POINT('',(-1.87499984231545,5.3,-8.25000027153873));
#15244=CARTESIAN_POINT('',(4.74999994656536,4.86698743098682,-8.49999981001019));
#15245=CARTESIAN_POINT('Ctrl Pts',(4.74999993783422,5.3,-8.25000004016329));
#15246=CARTESIAN_POINT('Ctrl Pts',(4.74999993682872,5.25013342934556,-8.33637136811661));
#15247=CARTESIAN_POINT('Ctrl Pts',(4.74999993528797,5.17372118876219,-8.40718029667813));
#15248=CARTESIAN_POINT('Ctrl Pts',(4.7499999334779,5.08395274599208,-8.45049443076725));
#15249=CARTESIAN_POINT('Ctrl Pts',(4.74999993212034,5.0166264139145,-8.48298003133409));
#15250=CARTESIAN_POINT('Ctrl Pts',(4.74999993061131,4.94178721810687,-8.49999981001019));
#15251=CARTESIAN_POINT('Ctrl Pts',(4.74999992910306,4.86698743098682,-8.49999981001019));
#15252=CARTESIAN_POINT('Ctrl Pts',(4.74999994656536,4.86698743098682,-8.49999981001019));
#15253=CARTESIAN_POINT('Ctrl Pts',(4.99999994947574,4.86698742594588,-8.49999981001019));
#15254=CARTESIAN_POINT('Ctrl Pts',(5.24999995238613,4.86698742090494,-8.49999981001019));
#15255=CARTESIAN_POINT('Ctrl Pts',(5.49999995529652,4.86698741586401,-8.49999981001019));
#15256=CARTESIAN_POINT('Origin',(5.49999995529652,5.3,-8.49999981001019));
#15257=CARTESIAN_POINT('',(4.74999994656536,4.09845597841936,-8.49999981001019));
#15258=CARTESIAN_POINT('',(4.74999994656536,4.57422798920968,-8.49999981001019));
#15259=CARTESIAN_POINT('',(4.49999994656536,3.84845597841936,-8.49999981001019));
#15260=CARTESIAN_POINT('Origin',(4.49999994656536,4.09845597841936,-8.49999981001019));
#15261=CARTESIAN_POINT('',(2.99999994656536,3.84845597841936,-8.49999981001019));
#15262=CARTESIAN_POINT('',(4.12499995529652,3.84845597841936,-8.49999981001019));
#15263=CARTESIAN_POINT('Origin',(2.99999994656536,4.09845597841936,-8.49999981001019));
#15264=CARTESIAN_POINT('',(1.99999995529652,4.86698748643714,-8.49999981001019));
#15265=CARTESIAN_POINT('Ctrl Pts',(1.99999995529652,4.86698748643714,-8.49999981001019));
#15266=CARTESIAN_POINT('Ctrl Pts',(2.24999995238613,4.8669874813962,-8.49999981001019));
#15267=CARTESIAN_POINT('Ctrl Pts',(2.49999994947575,4.86698747635526,-8.49999981001019));
#15268=CARTESIAN_POINT('Ctrl Pts',(2.74999994656536,4.86698747131432,-8.49999981001019));
#15269=CARTESIAN_POINT('',(1.99999995529652,3.55,-8.49999981001019));
#15270=CARTESIAN_POINT('',(1.99999995529652,5.3,-8.49999981001019));
#15271=CARTESIAN_POINT('',(2.24999995529652,3.3,-8.49999981001019));
#15272=CARTESIAN_POINT('Origin',(2.24999995529652,3.55,-8.49999981001019));
#15273=CARTESIAN_POINT('',(5.24999995529652,3.3,-8.49999981001019));
#15274=CARTESIAN_POINT('',(1.99999995529652,3.3,-8.49999981001019));
#15275=CARTESIAN_POINT('Origin',(5.24999995529652,3.55,-8.49999981001019));
#15276=CARTESIAN_POINT('Ctrl Pts',(1.99999993783422,5.3,-8.25000013620593));
#15277=CARTESIAN_POINT('Ctrl Pts',(2.24999994365499,5.3,-8.25000012747478));
#15278=CARTESIAN_POINT('Ctrl Pts',(2.49999994947575,5.3,-8.25000011874363));
#15279=CARTESIAN_POINT('Ctrl Pts',(2.74999995529652,5.3,-8.25000011001248));
#15280=CARTESIAN_POINT('Ctrl Pts',(1.99999993682872,5.25013342075028,-8.33637143480495));
#15281=CARTESIAN_POINT('Ctrl Pts',(2.24999994264949,5.2501334215539,-8.33637142875706));
#15282=CARTESIAN_POINT('Ctrl Pts',(2.49999994847026,5.25013342229082,-8.33637142266511));
#15283=CARTESIAN_POINT('Ctrl Pts',(2.74999995429102,5.25013342309444,-8.33637141661722));
#15284=CARTESIAN_POINT('Ctrl Pts',(1.99999993413245,5.11641456663732,-8.46029210235391));
#15285=CARTESIAN_POINT('Ctrl Pts',(2.24999993995321,5.11641456639798,-8.46029210079389));
#15286=CARTESIAN_POINT('Ctrl Pts',(2.49999994577398,5.11641456618125,-8.46029209925523));
#15287=CARTESIAN_POINT('Ctrl Pts',(2.74999995159475,5.11641456594191,-8.46029209769521));
#15288=CARTESIAN_POINT('Ctrl Pts',(1.9999999306113,4.94178725771426,-8.49999981001019));
#15289=CARTESIAN_POINT('Ctrl Pts',(2.24999993643207,4.94178725411025,-8.49999981001534));
#15290=CARTESIAN_POINT('Ctrl Pts',(2.49999994225284,4.94178725051625,-8.49999981000505));
#15291=CARTESIAN_POINT('Ctrl Pts',(2.7499999480736,4.94178724691224,-8.49999981001019));
#15292=CARTESIAN_POINT('Ctrl Pts',(1.99999992910306,4.86698748643714,-8.49999981001019));
#15293=CARTESIAN_POINT('Ctrl Pts',(2.24999993492383,4.8669874813962,-8.49999981001019));
#15294=CARTESIAN_POINT('Ctrl Pts',(2.49999994074459,4.86698747635526,-8.49999981001019));
#15295=CARTESIAN_POINT('Ctrl Pts',(2.74999994656536,4.86698747131432,-8.49999981001019));
#15296=CARTESIAN_POINT('',(1.99999993783422,5.3,-8.25000013620593));
#15297=CARTESIAN_POINT('',(-1.87499984231545,5.3,-8.25000027153873));
#15298=CARTESIAN_POINT('Ctrl Pts',(1.99999993783422,5.3,-8.25000013620593));
#15299=CARTESIAN_POINT('Ctrl Pts',(1.99999993682872,5.25013342075028,-8.33637143480495));
#15300=CARTESIAN_POINT('Ctrl Pts',(1.99999993528799,5.17372264697145,-8.40718324483293));
#15301=CARTESIAN_POINT('Ctrl Pts',(1.99999993347792,5.08395401039748,-8.4504969455082));
#15302=CARTESIAN_POINT('Ctrl Pts',(1.99999993212036,5.016627532967,-8.48298222101464));
#15303=CARTESIAN_POINT('Ctrl Pts',(1.9999999306113,4.94178725771426,-8.49999981001019));
#15304=CARTESIAN_POINT('Ctrl Pts',(1.99999992910306,4.86698748643714,-8.49999981001019));
#15305=CARTESIAN_POINT('Ctrl Pts',(-0.999999995110556,5.3,-8.25000024097972));
#15306=CARTESIAN_POINT('Ctrl Pts',(-0.333333334613897,5.3,-8.25000021769665));
#15307=CARTESIAN_POINT('Ctrl Pts',(0.333333325882762,5.3,-8.25000019441359));
#15308=CARTESIAN_POINT('Ctrl Pts',(0.99999998637942,5.3,-8.25000017113052));
#15309=CARTESIAN_POINT('Ctrl Pts',(-0.999999996116055,5.25013341137362,
-8.33637150755586));
#15310=CARTESIAN_POINT('Ctrl Pts',(-0.333333335619396,5.25013341351661,
-8.33637149142816));
#15311=CARTESIAN_POINT('Ctrl Pts',(0.333333324877265,5.25013341548173,-8.33637147518296));
#15312=CARTESIAN_POINT('Ctrl Pts',(0.999999985373922,5.25013341762472,-8.33637145905525));
#15313=CARTESIAN_POINT('Ctrl Pts',(-0.999999998812292,5.11641648100681,
-8.46029592969123));
#15314=CARTESIAN_POINT('Ctrl Pts',(-0.333333338315633,5.11641648036856,
-8.46029592553118));
#15315=CARTESIAN_POINT('Ctrl Pts',(0.333333322181025,5.11641647979202,-8.46029592143025));
#15316=CARTESIAN_POINT('Ctrl Pts',(0.999999982677685,5.11641647915377,-8.4602959172702));
#15317=CARTESIAN_POINT('Ctrl Pts',(-1.00000000233348,4.94178730092235,-8.49999981001019));
#15318=CARTESIAN_POINT('Ctrl Pts',(-0.333333341836816,4.94178729131165,
-8.49999981002392));
#15319=CARTESIAN_POINT('Ctrl Pts',(0.333333318659845,4.94178728172765,-8.49999980999647));
#15320=CARTESIAN_POINT('Ctrl Pts',(0.999999979156503,4.94178727211695,-8.49999981001019));
#15321=CARTESIAN_POINT('Ctrl Pts',(-1.00000000384172,4.86698754692844,-8.49999981001019));
#15322=CARTESIAN_POINT('Ctrl Pts',(-0.333333343345061,4.86698753348592,
-8.49999981001019));
#15323=CARTESIAN_POINT('Ctrl Pts',(0.333333317151599,4.86698752004341,-8.49999981001019));
#15324=CARTESIAN_POINT('Ctrl Pts',(0.999999977648258,4.8669875066009,-8.49999981001019));
#15325=CARTESIAN_POINT('',(0.999999977648258,4.8669875066009,-8.49999981001019));
#15326=CARTESIAN_POINT('',(0.999999937834219,5.3,-8.25000017113053));
#15327=CARTESIAN_POINT('Ctrl Pts',(0.999999946565356,4.8669875066009,-8.49999981001019));
#15328=CARTESIAN_POINT('Ctrl Pts',(0.999999948073601,4.94178727211695,-8.49999981001019));
#15329=CARTESIAN_POINT('Ctrl Pts',(0.999999949582679,5.01662836084702,-8.48298385597877));
#15330=CARTESIAN_POINT('Ctrl Pts',(0.999999950940236,5.08395495126907,-8.45049881849276));
#15331=CARTESIAN_POINT('Ctrl Pts',(0.999999952750313,5.17372373849847,-8.40718543517808));
#15332=CARTESIAN_POINT('Ctrl Pts',(0.99999995429102,5.25013341762472,-8.33637145905525));
#15333=CARTESIAN_POINT('Ctrl Pts',(0.999999955296518,5.3,-8.25000017113053));
#15334=CARTESIAN_POINT('',(-1.87499984231545,5.3,-8.25000027153873));
#15335=CARTESIAN_POINT('Ctrl Pts',(-0.999999977648258,4.86698754692844,
-8.49999981001019));
#15336=CARTESIAN_POINT('Ctrl Pts',(-0.333333325882753,4.86698753348592,
-8.49999981001019));
#15337=CARTESIAN_POINT('Ctrl Pts',(0.333333325882753,4.86698752004341,-8.49999981001019));
#15338=CARTESIAN_POINT('Ctrl Pts',(0.999999977648258,4.8669875066009,-8.49999981001019));
#15339=CARTESIAN_POINT('Origin',(0.999999977648258,5.3,-8.49999981001019));
#15340=CARTESIAN_POINT('',(-0.749999977648258,3.3,-8.49999981001019));
#15341=CARTESIAN_POINT('Origin',(-0.749999977648258,3.55,-8.49999981001019));
#15342=CARTESIAN_POINT('',(0.749999977648258,3.3,-8.49999981001019));
#15343=CARTESIAN_POINT('',(-0.999999977648258,3.3,-8.49999981001019));
#15344=CARTESIAN_POINT('',(0.999999977648258,3.55,-8.49999981001019));
#15345=CARTESIAN_POINT('Origin',(0.749999977648258,3.55,-8.49999981001019));
#15346=CARTESIAN_POINT('',(0.999999977648258,5.3,-8.49999981001019));
#15347=CARTESIAN_POINT('Ctrl Pts',(-2.74999997275882,5.3,-8.25000030209776));
#15348=CARTESIAN_POINT('Ctrl Pts',(-2.49999996402766,5.3,-8.25000029336661));
#15349=CARTESIAN_POINT('Ctrl Pts',(-2.24999995529651,5.3,-8.25000028463546));
#15350=CARTESIAN_POINT('Ctrl Pts',(-1.99999994656535,5.3,-8.25000027590431));
#15351=CARTESIAN_POINT('Ctrl Pts',(-2.74999997376431,5.25013340590391,-8.3363715499939));
#15352=CARTESIAN_POINT('Ctrl Pts',(-2.49999996503316,5.25013340670753,-8.33637154394601));
#15353=CARTESIAN_POINT('Ctrl Pts',(-2.249999956302,5.25013340744445,-8.33637153785405));
#15354=CARTESIAN_POINT('Ctrl Pts',(-1.99999994757085,5.25013340824807,-8.33637153180617));
#15355=CARTESIAN_POINT('Ctrl Pts',(-2.74999997646059,5.11641457104154,-8.46029213185873));
#15356=CARTESIAN_POINT('Ctrl Pts',(-2.49999996772944,5.11641457080219,-8.46029213029871));
#15357=CARTESIAN_POINT('Ctrl Pts',(-2.24999995899828,5.11641457058545,-8.46029212876006));
#15358=CARTESIAN_POINT('Ctrl Pts',(-1.99999995026713,5.11641457034611,-8.46029212720004));
#15359=CARTESIAN_POINT('Ctrl Pts',(-2.74999997998174,4.94178732612709,-8.49999981001019));
#15360=CARTESIAN_POINT('Ctrl Pts',(-2.49999997125058,4.94178732252307,-8.49999981001534));
#15361=CARTESIAN_POINT('Ctrl Pts',(-2.24999996251943,4.94178731892907,-8.49999981000505));
#15362=CARTESIAN_POINT('Ctrl Pts',(-1.99999995378827,4.94178731532506,-8.49999981001019));
#15363=CARTESIAN_POINT('Ctrl Pts',(-2.74999998148998,4.86698758221504,-8.49999981001019));
#15364=CARTESIAN_POINT('Ctrl Pts',(-2.49999997275883,4.8669875771741,-8.49999981001019));
#15365=CARTESIAN_POINT('Ctrl Pts',(-2.24999996402767,4.86698757213315,-8.49999981001019));
#15366=CARTESIAN_POINT('Ctrl Pts',(-1.99999995529652,4.86698756709221,-8.49999981001019));
#15367=CARTESIAN_POINT('',(-2.74999997275881,5.3,-8.25000030209775));
#15368=CARTESIAN_POINT('',(-1.87499984231545,5.3,-8.25000027153873));
#15369=CARTESIAN_POINT('',(-2.74999996402768,4.86698758221504,-8.49999981001019));
#15370=CARTESIAN_POINT('Ctrl Pts',(-2.74999997275882,5.3,-8.25000030209776));
#15371=CARTESIAN_POINT('Ctrl Pts',(-2.74999997376431,5.25013340590391,-8.3363715499939));
#15372=CARTESIAN_POINT('Ctrl Pts',(-2.74999997530504,5.17372264312541,-8.40718331105952));
#15373=CARTESIAN_POINT('Ctrl Pts',(-2.74999997711512,5.08395403216664,-8.45049698111669));
#15374=CARTESIAN_POINT('Ctrl Pts',(-2.74999997847267,5.01662757394757,-8.48298223365957));
#15375=CARTESIAN_POINT('Ctrl Pts',(-2.74999997998174,4.94178732612709,-8.49999981001019));
#15376=CARTESIAN_POINT('Ctrl Pts',(-2.74999998148998,4.86698758221504,-8.49999981001019));
#15377=CARTESIAN_POINT('Ctrl Pts',(-2.74999996402768,4.86698758221504,-8.49999981001019));
#15378=CARTESIAN_POINT('Ctrl Pts',(-2.49999996111729,4.8669875771741,-8.49999981001019));
#15379=CARTESIAN_POINT('Ctrl Pts',(-2.24999995820691,4.86698757213315,-8.49999981001019));
#15380=CARTESIAN_POINT('Ctrl Pts',(-1.99999995529652,4.86698756709221,-8.49999981001019));
#15381=CARTESIAN_POINT('Origin',(-1.99999995529652,5.3,-8.49999981001019));
#15382=CARTESIAN_POINT('',(-2.74999996402768,4.09845597841936,-8.49999981001019));
#15383=CARTESIAN_POINT('',(-2.74999996402768,4.57422798920968,-8.49999981001019));
#15384=CARTESIAN_POINT('',(-2.99999996402768,3.84845597841936,-8.49999981001019));
#15385=CARTESIAN_POINT('Origin',(-2.99999996402768,4.09845597841936,-8.49999981001019));
#15386=CARTESIAN_POINT('',(-4.49999996402768,3.84845597841936,-8.49999981001019));
#15387=CARTESIAN_POINT('',(-3.37499995529652,3.84845597841936,-8.49999981001019));
#15388=CARTESIAN_POINT('',(-4.74999996402768,4.09845597841936,-8.49999981001019));
#15389=CARTESIAN_POINT('Origin',(-4.49999996402768,4.09845597841936,-8.49999981001019));
#15390=CARTESIAN_POINT('',(-4.74999996402768,4.8,-8.49999981001019));
#15391=CARTESIAN_POINT('',(-4.74999996402768,5.4,-8.49999981001019));
#15392=CARTESIAN_POINT('',(-0.999999977648258,4.8,-8.49999981001019));
#15393=CARTESIAN_POINT('',(-5.24999995529652,3.3,-8.49999981001019));
#15394=CARTESIAN_POINT('Origin',(-5.24999995529652,3.55,-8.49999981001019));
#15395=CARTESIAN_POINT('',(-2.24999995529652,3.3,-8.49999981001019));
#15396=CARTESIAN_POINT('',(-1.99999995529652,3.3,-8.49999981001019));
#15397=CARTESIAN_POINT('Origin',(-2.24999995529652,3.55,-8.49999981001019));
#15398=CARTESIAN_POINT('Origin',(-0.999999977648258,4.8,-7.99999981001019));
#15399=CARTESIAN_POINT('',(-4.74999997275881,5.2330123774574,-8.25000037194695));
#15400=CARTESIAN_POINT('Origin',(-4.74999998148998,4.8,-7.99999981001019));
#15401=CARTESIAN_POINT('',(6.50000030244701,5.23301260429967,-8.24999997904524));
#15402=CARTESIAN_POINT('',(1.00000025372718,5.23301249339897,-8.25000017113051));
#15403=CARTESIAN_POINT('Origin',(6.75000047148205,4.8,-7.99999981001019));
#15404=CARTESIAN_POINT('Origin',(-7.99999981001019,4.86698764774734,1.87499997764826));
#15405=CARTESIAN_POINT('',(-8.49999981001019,4.86698764774734,-4.74999991618097));
#15406=CARTESIAN_POINT('',(-8.2500004156027,5.3,-4.74999991618097));
#15407=CARTESIAN_POINT('Origin',(-7.99999981001019,4.86698764774734,-4.74999991618097));
#15408=CARTESIAN_POINT('',(-8.49999981001019,4.86698764774734,1.87499997764826));
#15409=CARTESIAN_POINT('',(-8.2500004156027,5.3,1.87499997764826));
#15410=CARTESIAN_POINT('Origin',(-7.99999981001019,4.86698764774734,1.87499997764826));
#15411=CARTESIAN_POINT('',(-8.49999981001019,4.86698764774734,-1.99999995529652));
#15412=CARTESIAN_POINT('',(-8.2500004156027,5.3,-1.99999995529652));
#15413=CARTESIAN_POINT('Origin',(-7.99999981001019,4.86698764774734,-1.99999995529652));
#15414=CARTESIAN_POINT('',(-8.49999981001019,4.86698764774734,1.87499997764826));
#15415=CARTESIAN_POINT('',(-8.2500004156027,5.3,1.87499997764826));
#15416=CARTESIAN_POINT('Origin',(-8.0000004156027,4.86698729810778,1.87499997764826));
#15417=CARTESIAN_POINT('',(-8.5000004156027,4.86698729810778,-1.));
#15418=CARTESIAN_POINT('',(-8.5000004156027,4.86698729810778,1.87499997764826));
#15419=CARTESIAN_POINT('',(-8.2500004156027,5.3,-0.999999955296517));
#15420=CARTESIAN_POINT('Origin',(-8.0000004156027,4.86698729810778,-1.));
#15421=CARTESIAN_POINT('',(-8.2500004156027,5.3,1.87499997764826));
#15422=CARTESIAN_POINT('Origin',(-7.99999981001019,4.86698764774734,1.87499997764826));
#15423=CARTESIAN_POINT('',(-8.49999981001019,4.86698764774734,2.74999995529652));
#15424=CARTESIAN_POINT('',(-8.2500004156027,5.3,2.74999995529652));
#15425=CARTESIAN_POINT('Origin',(-7.99999981001019,4.86698764774734,2.74999995529652));
#15426=CARTESIAN_POINT('',(-8.49999981001019,4.86698764774734,1.87499997764826));
#15427=CARTESIAN_POINT('',(-8.2500004156027,5.3,1.87499997764826));
#15428=CARTESIAN_POINT('Origin',(-7.99999981001019,4.8,0.999999977648258));
#15429=CARTESIAN_POINT('',(-8.2500004156027,5.23301235225266,4.74999995529652));
#15430=CARTESIAN_POINT('',(-8.49999981001019,4.8,4.74999995529652));
#15431=CARTESIAN_POINT('Origin',(-7.99999981001019,4.8,4.74999995529652));
#15432=CARTESIAN_POINT('',(-8.2500004156027,5.23301235225266,-6.50000028498471));
#15433=CARTESIAN_POINT('',(-8.2500004156027,5.23301235225266,0.999999977648258));
#15434=CARTESIAN_POINT('Origin',(-7.99999981001019,4.8,-6.75000089057721));
#15435=CARTESIAN_POINT('',(-8.49999981001019,4.8,0.999999977648258));
#15436=CARTESIAN_POINT('Origin',(-8.49999981001019,5.3,1.99999995529652));
#15437=CARTESIAN_POINT('',(-8.49999981001019,2.29862505562358,2.74999995529652));
#15438=CARTESIAN_POINT('',(-8.49999981001019,4.57431252781179,2.74999995529652));
#15439=CARTESIAN_POINT('',(-8.49999981001019,2.04862505562358,2.99999995529652));
#15440=CARTESIAN_POINT('Origin',(-8.49999981001019,2.29862505562358,2.99999995529652));
#15441=CARTESIAN_POINT('',(-8.49999981001019,2.04862505562358,4.49999995529652));
#15442=CARTESIAN_POINT('',(-8.49999981001019,2.04862505562358,3.37499995529652));
#15443=CARTESIAN_POINT('',(-8.49999981001019,2.29862505562358,4.74999995529652));
#15444=CARTESIAN_POINT('Origin',(-8.49999981001019,2.29862505562358,4.49999995529652));
#15445=CARTESIAN_POINT('',(-8.49999981001019,5.4,4.74999995529652));
#15446=CARTESIAN_POINT('',(-8.49999981001019,1.3,5.24999995529652));
#15447=CARTESIAN_POINT('Origin',(-8.49999981001019,1.55,5.24999995529652));
#15448=CARTESIAN_POINT('',(-8.49999981001019,1.3,2.24999995529652));
#15449=CARTESIAN_POINT('',(-8.49999981001019,1.3,2.87499995529652));
#15450=CARTESIAN_POINT('Origin',(-8.49999981001019,1.55,2.24999995529652));
#15451=CARTESIAN_POINT('Origin',(0.,5.25,0.));
#15452=CARTESIAN_POINT('',(4.05,5.,4.95981953654678E-16));
#15453=CARTESIAN_POINT('',(4.3,5.25,-5.26598123633362E-16));
#15454=CARTESIAN_POINT('Origin',(0.,5.,0.));
#15455=CARTESIAN_POINT('Origin',(0.,5.5,0.));
#15456=CARTESIAN_POINT('',(4.05,4.3,4.95981953654678E-16));
#15457=CARTESIAN_POINT('',(4.05,5.5,4.95981953654678E-16));
#15458=CARTESIAN_POINT('Origin',(0.,4.3,0.));
#15459=CARTESIAN_POINT('Origin',(0.,5.3,0.));
#15460=CARTESIAN_POINT('',(-4.55,4.3,-5.57214293612046E-16));
#15461=CARTESIAN_POINT('Origin',(0.,4.3,0.));
#15462=CARTESIAN_POINT('',(-4.55,5.3,-5.57214293612046E-16));
#15463=CARTESIAN_POINT('Origin',(0.,4.3,0.));
#15464=CARTESIAN_POINT('Origin',(8.68750026420457,1.55,5.24999995529652));
#15465=CARTESIAN_POINT('',(8.68750026420457,1.3,5.24999995529652));
#15466=CARTESIAN_POINT('Origin',(8.68750026420457,1.55,0.749999977648258));
#15467=CARTESIAN_POINT('',(8.49999981001019,1.3,0.749999977648258));
#15468=CARTESIAN_POINT('Origin',(8.49999981001019,1.55,0.749999977648258));
#15469=CARTESIAN_POINT('',(8.68750026420457,1.3,0.749999977648258));
#15470=CARTESIAN_POINT('Origin',(8.62500011280645,1.3,2.09547579288483E-7));
#15471=CARTESIAN_POINT('',(8.49999981001019,1.3,-0.7499995585531));
#15472=CARTESIAN_POINT('',(8.49999981001019,1.3,0.500000093597919));
#15473=CARTESIAN_POINT('',(8.56249996140832,1.3,-0.7499995585531));
#15474=CARTESIAN_POINT('Origin',(8.68750026420457,1.55,-2.24999995529652));
#15475=CARTESIAN_POINT('',(8.49999981001019,1.3,-2.24999995529652));
#15476=CARTESIAN_POINT('Origin',(8.49999981001019,1.55,-2.24999995529652));
#15477=CARTESIAN_POINT('',(8.68750026420457,1.3,-2.24999995529652));
#15478=CARTESIAN_POINT('Origin',(8.56249996140832,1.55,2.24999995529652));
#15479=CARTESIAN_POINT('',(8.56249996140832,1.3,2.24999995529652));
#15480=CARTESIAN_POINT('',(8.56249996140832,1.55,1.99999995529652));
#15481=CARTESIAN_POINT('Origin',(8.49999981001019,5.3,1.99999995529652));
#15482=CARTESIAN_POINT('',(8.2500004156027,5.5,1.99999995529652));
#15483=CARTESIAN_POINT('Origin',(8.56249996140832,1.55,-0.7499995585531));
#15484=CARTESIAN_POINT('',(8.49999981001019,1.55,-0.9999995585531));
#15485=CARTESIAN_POINT('Origin',(8.49999981001019,1.55,-0.7499995585531));
#15486=CARTESIAN_POINT('',(8.56249996140832,1.55,-0.9999995585531));
#15487=CARTESIAN_POINT('Origin',(8.56249996140832,1.55,-5.25000008195639));
#15488=CARTESIAN_POINT('',(8.49999981001019,1.3,-5.25000008195639));
#15489=CARTESIAN_POINT('',(8.56249996140832,1.3,-5.25000008195639));
#15490=CARTESIAN_POINT('Origin',(8.49999981001019,1.55,-5.25000008195639));
#15491=CARTESIAN_POINT('Origin',(8.49999981001019,5.3,-1.99999995529652));
#15492=CARTESIAN_POINT('',(8.49999981001019,1.3,-2.87499998696148));
#15493=CARTESIAN_POINT('',(8.49999981001019,2.3007451310079,-2.75000001862645));
#15494=CARTESIAN_POINT('',(8.49999981001019,4.57537256550395,-2.75000001862645));
#15495=CARTESIAN_POINT('',(8.49999981001019,2.0507451310079,-3.00000001862645));
#15496=CARTESIAN_POINT('Origin',(8.49999981001019,2.3007451310079,-3.00000001862645));
#15497=CARTESIAN_POINT('',(8.49999981001019,2.0507451310079,-4.50000001862645));
#15498=CARTESIAN_POINT('',(8.49999981001019,2.0507451310079,-3.37499998696148));
#15499=CARTESIAN_POINT('',(8.49999981001019,2.3007451310079,-4.75000001862645));
#15500=CARTESIAN_POINT('Origin',(8.49999981001019,2.3007451310079,-4.50000001862645));
#15501=CARTESIAN_POINT('',(8.49999981001019,5.4,-4.75000001862645));
#15502=CARTESIAN_POINT('Origin',(8.7500004156027,2.3007451310079,-3.00000001862645));
#15503=CARTESIAN_POINT('',(8.7500004156027,2.0507451310079,-3.00000001862645));
#15504=CARTESIAN_POINT('',(8.7500004156027,2.3007451310079,-2.75000001862645));
#15505=CARTESIAN_POINT('Origin',(8.7500004156027,2.0507451310079,-4.75000001862645));
#15506=CARTESIAN_POINT('',(8.7500004156027,2.0507451310079,-4.50000001862645));
#15507=CARTESIAN_POINT('Origin',(8.7500004156027,2.3007451310079,4.49999995529652));
#15508=CARTESIAN_POINT('',(8.7500004156027,2.0507451310079,4.49999995529652));
#15509=CARTESIAN_POINT('',(8.7500004156027,2.3007451310079,4.74999995529652));
#15510=CARTESIAN_POINT('Origin',(8.7500004156027,2.0507451310079,2.74999995529652));
#15511=CARTESIAN_POINT('',(8.7500004156027,2.0507451310079,2.99999995529652));
#15512=CARTESIAN_POINT('Origin',(8.7500004156027,2.3007451310079,2.99999995529652));
#15513=CARTESIAN_POINT('Origin',(8.7500004156027,2.3007451310079,-4.50000001862645));
#15514=CARTESIAN_POINT('',(8.7500004156027,2.3007451310079,-4.75000001862645));
#15515=CARTESIAN_POINT('Origin',(8.7500004156027,5.5,-4.75000001862645));
#15516=CARTESIAN_POINT('',(8.2500004156027,3.8507451310079,-4.75000001862645));
#15517=CARTESIAN_POINT('Origin',(-5.25000008195639,3.55,8.68750026420457));
#15518=CARTESIAN_POINT('',(-5.25000008195639,3.3,8.68750026420457));
#15519=CARTESIAN_POINT('',(-5.50000008195639,3.55,8.68750026420457));
#15520=CARTESIAN_POINT('Origin',(-5.50000008195639,5.3,8.7500004156027));
#15521=CARTESIAN_POINT('Origin',(-0.75,3.55,8.6875004156027));
#15522=CARTESIAN_POINT('',(-1.,3.55,8.5000004156027));
#15523=CARTESIAN_POINT('',(-0.75,3.3,8.5000004156027));
#15524=CARTESIAN_POINT('Origin',(-0.75,3.55,8.5000004156027));
#15525=CARTESIAN_POINT('',(-0.75,3.3,8.6875004156027));
#15526=CARTESIAN_POINT('',(-1.,3.55,8.6875004156027));
#15527=CARTESIAN_POINT('Origin',(0.,3.3,8.6250004156027));
#15528=CARTESIAN_POINT('',(0.75,3.3,8.5000004156027));
#15529=CARTESIAN_POINT('',(1.,3.3,8.5000004156027));
#15530=CARTESIAN_POINT('',(0.75,3.3,8.5625004156027));
#15531=CARTESIAN_POINT('Origin',(2.24999995529652,3.55,8.68750026420457));
#15532=CARTESIAN_POINT('',(2.24999995529652,3.3,8.49999981001019));
#15533=CARTESIAN_POINT('Origin',(2.24999995529652,3.55,8.49999981001019));
#15534=CARTESIAN_POINT('',(2.24999995529652,3.3,8.68750026420457));
#15535=CARTESIAN_POINT('Origin',(-2.24999995529652,3.55,8.56249996140832));
#15536=CARTESIAN_POINT('',(-2.24999995529652,3.3,8.56249996140832));
#15537=CARTESIAN_POINT('Origin',(0.75,3.55,8.5625004156027));
#15538=CARTESIAN_POINT('Origin',(0.75,3.55,8.5000004156027));
#15539=CARTESIAN_POINT('Origin',(5.24999987706542,3.55,8.56249996140832));
#15540=CARTESIAN_POINT('',(5.24999987706542,3.3,8.49999981001019));
#15541=CARTESIAN_POINT('',(5.24999987706542,3.3,8.56249996140832));
#15542=CARTESIAN_POINT('Origin',(5.24999987706542,3.55,8.49999981001019));
#15543=CARTESIAN_POINT('Origin',(1.99999995529652,5.3,8.49999981001019));
#15544=CARTESIAN_POINT('',(1.99999995529652,3.3,8.49999981001019));
#15545=CARTESIAN_POINT('',(2.74999991618097,4.10182593816747,8.49999981001019));
#15546=CARTESIAN_POINT('',(2.74999991618097,4.57591296908373,8.49999981001019));
#15547=CARTESIAN_POINT('',(2.99999991618097,3.85182593816747,8.49999981001019));
#15548=CARTESIAN_POINT('Origin',(2.99999991618097,4.10182593816747,8.49999981001019));
#15549=CARTESIAN_POINT('',(4.49999991618097,3.85182593816747,8.49999981001019));
#15550=CARTESIAN_POINT('',(3.37499993573874,3.85182593816747,8.49999981001019));
#15551=CARTESIAN_POINT('',(4.74999991618097,4.10182593816747,8.49999981001019));
#15552=CARTESIAN_POINT('Origin',(4.49999991618097,4.10182593816747,8.49999981001019));
#15553=CARTESIAN_POINT('',(4.74999991618097,5.4,8.49999981001019));
#15554=CARTESIAN_POINT('Origin',(2.99999991618097,4.10182593816747,8.7500004156027));
#15555=CARTESIAN_POINT('',(2.99999991618097,3.85182593816747,8.7500004156027));
#15556=CARTESIAN_POINT('',(2.74999991618097,4.10182593816747,8.7500004156027));
#15557=CARTESIAN_POINT('Origin',(4.74999991618097,3.85182593816747,8.7500004156027));
#15558=CARTESIAN_POINT('',(4.49999991618097,3.85182593816747,8.7500004156027));
#15559=CARTESIAN_POINT('Origin',(-4.50000001862645,4.1012073984181,8.7500004156027));
#15560=CARTESIAN_POINT('',(-4.50000001862645,3.8512073984181,8.7500004156027));
#15561=CARTESIAN_POINT('',(-4.75000001862645,4.1012073984181,8.7500004156027));
#15562=CARTESIAN_POINT('Origin',(-2.75000001862645,3.8512073984181,8.7500004156027));
#15563=CARTESIAN_POINT('',(-3.00000001862645,3.8512073984181,8.7500004156027));
#15564=CARTESIAN_POINT('Origin',(-3.00000001862645,4.1012073984181,8.7500004156027));
#15565=CARTESIAN_POINT('',(-2.75000001862645,4.1012073984181,8.7500004156027));
#15566=CARTESIAN_POINT('Origin',(-2.75000001862645,5.5,8.7500004156027));
#15567=CARTESIAN_POINT('',(-2.75000001862645,7.3512073984181,8.2500004156027));
#15568=CARTESIAN_POINT('Origin',(4.49999991618097,4.10182593816747,8.7500004156027));
#15569=CARTESIAN_POINT('',(4.74999991618097,4.10182593816747,8.7500004156027));
#15570=CARTESIAN_POINT('Origin',(4.74999991618097,5.5,8.7500004156027));
#15571=CARTESIAN_POINT('',(4.74999991618097,7.35182593816747,8.2500004156027));
#15572=CARTESIAN_POINT('Origin',(-8.68750026420457,1.55,-5.24999987706542));
#15573=CARTESIAN_POINT('',(-8.49999981001019,1.3,-5.24999987706542));
#15574=CARTESIAN_POINT('Origin',(-8.49999981001019,1.55,-5.24999987706542));
#15575=CARTESIAN_POINT('',(-8.68750026420457,1.3,-5.24999987706542));
#15576=CARTESIAN_POINT('Origin',(-8.6875004156027,1.55,-0.75));
#15577=CARTESIAN_POINT('',(-8.5000004156027,1.55,-1.));
#15578=CARTESIAN_POINT('',(-8.5000004156027,1.3,-0.75));
#15579=CARTESIAN_POINT('Origin',(-8.5000004156027,1.55,-0.75));
#15580=CARTESIAN_POINT('',(-8.6875004156027,1.3,-0.75));
#15581=CARTESIAN_POINT('',(-8.6875004156027,1.55,-1.));
#15582=CARTESIAN_POINT('Origin',(-8.6250004156027,1.3,0.));
#15583=CARTESIAN_POINT('',(-8.5000004156027,1.3,0.75));
#15584=CARTESIAN_POINT('',(-8.5000004156027,1.3,-0.5));
#15585=CARTESIAN_POINT('',(-8.5625004156027,1.3,0.75));
#15586=CARTESIAN_POINT('Origin',(-8.68750026420457,1.55,2.24999995529652));
#15587=CARTESIAN_POINT('',(-8.68750026420457,1.3,2.24999995529652));
#15588=CARTESIAN_POINT('Origin',(-8.56249996140832,1.55,-2.24999995529652));
#15589=CARTESIAN_POINT('',(-8.49999981001019,1.3,-2.24999995529652));
#15590=CARTESIAN_POINT('',(-8.56249996140832,1.3,-2.24999995529652));
#15591=CARTESIAN_POINT('',(-8.49999981001019,1.55,-1.99999995529652));
#15592=CARTESIAN_POINT('Origin',(-8.49999981001019,1.55,-2.24999995529652));
#15593=CARTESIAN_POINT('',(-8.56249996140832,1.55,-1.99999995529652));
#15594=CARTESIAN_POINT('Origin',(-8.49999981001019,5.3,-1.99999995529652));
#15595=CARTESIAN_POINT('',(-8.49999981001019,5.3,-1.99999995529652));
#15596=CARTESIAN_POINT('',(-8.2500004156027,5.5,-1.99999995529652));
#15597=CARTESIAN_POINT('Origin',(-8.49999981001019,5.3,-5.49999987706542));
#15598=CARTESIAN_POINT('',(-8.49999981001019,2.29862505562358,-4.74999991618097));
#15599=CARTESIAN_POINT('',(-8.49999981001019,4.57431252781179,-4.74999991618097));
#15600=CARTESIAN_POINT('',(-8.49999981001019,2.04862505562358,-4.49999991618097));
#15601=CARTESIAN_POINT('Origin',(-8.49999981001019,2.29862505562358,-4.49999991618097));
#15602=CARTESIAN_POINT('',(-8.49999981001019,2.04862505562358,-2.99999991618097));
#15603=CARTESIAN_POINT('',(-8.49999981001019,2.04862505562358,-4.12499989662319));
#15604=CARTESIAN_POINT('Origin',(-8.49999981001019,2.29862505562358,-2.99999991618097));
#15605=CARTESIAN_POINT('',(-8.49999981001019,1.3,-4.62499989662319));
#15606=CARTESIAN_POINT('Origin',(-8.5625004156027,1.55,0.75));
#15607=CARTESIAN_POINT('Origin',(-8.5000004156027,1.55,0.75));
#15608=CARTESIAN_POINT('Origin',(-8.56249996140832,1.55,5.24999995529652));
#15609=CARTESIAN_POINT('',(-8.56249996140832,1.3,5.24999995529652));
#15610=CARTESIAN_POINT('Origin',(-8.7500004156027,2.29862505562358,2.99999995529652));
#15611=CARTESIAN_POINT('',(-8.7500004156027,2.04862505562358,2.99999995529652));
#15612=CARTESIAN_POINT('',(-8.7500004156027,2.29862505562358,2.74999995529652));
#15613=CARTESIAN_POINT('Origin',(-8.7500004156027,2.04862505562358,4.74999995529652));
#15614=CARTESIAN_POINT('',(-8.7500004156027,2.04862505562358,4.49999995529652));
#15615=CARTESIAN_POINT('Origin',(-8.7500004156027,2.29862505562358,-4.49999991618097));
#15616=CARTESIAN_POINT('',(-8.7500004156027,2.04862505562358,-4.49999991618097));
#15617=CARTESIAN_POINT('',(-8.7500004156027,2.29862505562358,-4.74999991618097));
#15618=CARTESIAN_POINT('Origin',(-8.7500004156027,2.04862505562358,-2.74999991618097));
#15619=CARTESIAN_POINT('',(-8.7500004156027,2.04862505562358,-2.99999991618097));
#15620=CARTESIAN_POINT('Origin',(-8.7500004156027,2.29862505562358,-2.99999991618097));
#15621=CARTESIAN_POINT('Origin',(-8.7500004156027,2.29862505562358,4.49999995529652));
#15622=CARTESIAN_POINT('',(-8.7500004156027,2.29862505562358,4.74999995529652));
#15623=CARTESIAN_POINT('Origin',(-8.7500004156027,5.5,4.74999995529652));
#15624=CARTESIAN_POINT('',(-8.2500004156027,5.0871562639059,4.74999995529652));
#15625=CARTESIAN_POINT('Origin',(-2.24999995529652,3.55,-8.6875001899898));
#15626=CARTESIAN_POINT('',(-2.24999995529652,3.3,-8.6875001899898));
#15627=CARTESIAN_POINT('Origin',(-4.49999995529652,4.09845597841936,-8.7500003632158));
#15628=CARTESIAN_POINT('',(-4.74999995529652,4.09845597841936,-8.75000037194695));
#15629=CARTESIAN_POINT('',(-4.49999995529652,3.84845597841936,-8.7500003632158));
#15630=CARTESIAN_POINT('Origin',(-4.74999995529652,5.5,-8.75000037194695));
#15631=CARTESIAN_POINT('',(-4.74999997275881,5.08711399460484,-8.25000037194695));
#15632=CARTESIAN_POINT('Origin',(-5.24999995529652,3.55,-8.56249995704274));
#15633=CARTESIAN_POINT('',(-5.24999995529652,3.3,-8.56249995704274));
#15634=CARTESIAN_POINT('Origin',(-2.99999995529652,4.09845597841936,-8.7500003108289));
#15635=CARTESIAN_POINT('',(-2.99999995529652,3.84845597841936,-8.7500003108289));
#15636=CARTESIAN_POINT('',(-2.74999995529652,4.09845597841936,-8.75000030209775));
#15637=CARTESIAN_POINT('Origin',(-4.74999995529652,3.84845597841936,-8.75000037194695));
#15638=CARTESIAN_POINT('Origin',(4.49999995529652,4.09845597841936,-8.75000004889444));
#15639=CARTESIAN_POINT('',(4.49999995529652,3.84845597841936,-8.75000004889444));
#15640=CARTESIAN_POINT('',(4.74999995529652,4.09845597841936,-8.75000004016329));
#15641=CARTESIAN_POINT('Origin',(2.74999995529652,3.84845597841936,-8.75000011001249));
#15642=CARTESIAN_POINT('',(2.99999995529652,3.84845597841936,-8.75000010128134));
#15643=CARTESIAN_POINT('Origin',(2.24999995529652,3.55,-8.56249989155913));
#15644=CARTESIAN_POINT('',(2.24999995529652,3.3,-8.56249989155913));
#15645=CARTESIAN_POINT('',(1.99999995529652,3.55,-8.56249989155913));
#15646=CARTESIAN_POINT('Origin',(3.74999995529652,3.3,-8.62499997310806));
#15647=CARTESIAN_POINT('',(5.24999995529652,3.3,-8.68749999353895));
#15648=CARTESIAN_POINT('Origin',(-0.749999977648258,3.55,-8.56249991775257));
#15649=CARTESIAN_POINT('',(-0.749999977648258,3.3,-8.56249991775257));
#15650=CARTESIAN_POINT('Origin',(-5.55111512312578E-16,3.3,-8.62500002549495));
#15651=CARTESIAN_POINT('',(0.749999977648258,3.3,-8.68750009831274));
#15652=CARTESIAN_POINT('Origin',(5.24999995529652,3.55,-8.68749999353895));
#15653=CARTESIAN_POINT('Origin',(0.749999977648258,3.55,-8.68750009831274));
#15654=CARTESIAN_POINT('',(0.999999977648258,3.55,-8.68750009831274));
#15655=CARTESIAN_POINT('Origin',(2.99999995529652,4.09845597841936,-8.75000010128134));
#15656=CARTESIAN_POINT('Origin',(0.999999955296517,5.5,-8.75000017113053));
#15657=CARTESIAN_POINT('',(0.99999993783422,5.3,-8.25000017113052));
#15658=CARTESIAN_POINT('',(0.999999977648258,5.3,-8.49999981001019));
#15659=CARTESIAN_POINT('',(0.999999977648258,5.3,-8.49999981001019));
#15660=CARTESIAN_POINT('',(0.999999977648258,5.3,-4.37500008556526));
#15661=CARTESIAN_POINT('Origin',(1.99999995529652,5.3,-8.75000013620593));
#15662=CARTESIAN_POINT('',(1.99999995529652,5.3,-8.49999981001019));
#15663=CARTESIAN_POINT('',(1.99999995529652,5.3,-4.2499999050051));
#15664=CARTESIAN_POINT('',(1.99999995529652,5.3,-8.49999981001019));
#15665=CARTESIAN_POINT('',(1.99999993783422,5.5,-8.25000013620593));
#15666=CARTESIAN_POINT('Origin',(-1.49999999511056,5.4,-8.25000025844201));
#15667=CARTESIAN_POINT('',(4.74999993783422,3.84845597841936,-8.25000004016329));
#15668=CARTESIAN_POINT('',(6.50000030244701,4.98711399460484,-8.24999997904524));
#15669=CARTESIAN_POINT('',(-2.74999997275881,7.34845597841936,-8.25000030209775));
#15670=CARTESIAN_POINT('Origin',(-8.2500004156027,5.4,-1.49999995529652));
#15671=CARTESIAN_POINT('',(-8.2500004156027,7.34862505562358,-4.74999991618097));
#15672=CARTESIAN_POINT('',(-8.2500004156027,4.9871562639059,-6.50000028498471));
#15673=CARTESIAN_POINT('',(-8.2500004156027,7.34862505562358,2.74999995529652));
#15674=CARTESIAN_POINT('',(-8.2500004156027,5.3,-0.999999955296517));
#15675=CARTESIAN_POINT('Origin',(8.7500004156027,5.5,0.999942641016831));
#15676=CARTESIAN_POINT('',(8.2500004156027,5.3,0.999942641016831));
#15677=CARTESIAN_POINT('',(8.49999981001019,5.4,0.999942641016831));
#15678=CARTESIAN_POINT('Origin',(-8.7500004156027,3.84862505562358,-4.74999991618097));
#15679=CARTESIAN_POINT('Origin',(-8.7500004156027,3.84862505562358,2.74999995529652));
#15680=CARTESIAN_POINT('Origin',(8.7500004156027,3.8507451310079,4.74999995529652));
#15681=CARTESIAN_POINT('',(8.2500004156027,7.3507451310079,4.74999995529652));
#15682=CARTESIAN_POINT('Origin',(8.7500004156027,3.8507451310079,-2.75000001862645));
#15683=CARTESIAN_POINT('',(8.2500004156027,7.3507451310079,-2.75000001862645));
#15684=CARTESIAN_POINT('Origin',(8.2500004156027,4.67537256550395,-3.75000001862645));
#15685=CARTESIAN_POINT('',(8.2500004156027,5.49999987706542,-0.9999995585531));
#15686=CARTESIAN_POINT('',(8.2500004156027,4.98768628275198,-6.49999986588955));
#15687=CARTESIAN_POINT('Origin',(-2.74999995529652,3.84845597841936,-8.75000030209776));
#15688=CARTESIAN_POINT('Origin',(4.74999995529652,3.84845597841936,-8.75000004016329));
#15689=CARTESIAN_POINT('Origin',(2.74999991618097,3.85182593816747,8.7500004156027));
#15690=CARTESIAN_POINT('',(2.74999991618097,3.85182593816747,8.2500004156027));
#15691=CARTESIAN_POINT('Origin',(3.74999991618097,4.67591296908373,8.2500004156027));
#15692=CARTESIAN_POINT('',(-0.999999955296516,5.3,8.2500004156027));
#15693=CARTESIAN_POINT('',(-4.75000001862645,3.8512073984181,8.2500004156027));
#15694=CARTESIAN_POINT('',(6.50000028498471,4.98780184960453,8.2500004156027));
#15695=CARTESIAN_POINT('Origin',(-4.75000001862645,3.8512073984181,8.7500004156027));
#15696=CARTESIAN_POINT('Origin',(1.99999995529652,5.3,-8.49999981001019));
#15697=CARTESIAN_POINT('Origin',(-8.7500004156027,5.3,-1.));
#15698=CARTESIAN_POINT('',(-8.5000004156027,5.3,-1.));
#15699=CARTESIAN_POINT('Origin',(-8.5000004156027,5.3,-1.));
#15700=CARTESIAN_POINT('Origin',(8.62500011280645,1.3,3.74999995529652));
#15701=CARTESIAN_POINT('Origin',(-1.,5.3,8.5000004156027));
#15702=CARTESIAN_POINT('',(-1.,5.3,8.5000004156027));
#15703=CARTESIAN_POINT('Origin',(-1.,5.3,8.7500004156027));
#15704=CARTESIAN_POINT('Origin',(8.49999981001019,5.3,-0.9999995585531));
#15705=CARTESIAN_POINT('',(8.49999981001019,5.3,-0.9999995585531));
#15706=CARTESIAN_POINT('Origin',(8.49999981001019,5.3,0.999999977648258));
#15707=CARTESIAN_POINT('Origin',(-8.62500011280645,1.3,-3.74999991618097));
#15708=CARTESIAN_POINT('Origin',(0.999999977648258,5.3,-8.75000017113052));
#15709=CARTESIAN_POINT('Origin',(-8.62500011280645,1.3,3.74999995529652));
#15710=CARTESIAN_POINT('Origin',(3.74999991618097,3.3,8.62500011280645));
#15711=CARTESIAN_POINT('Origin',(-3.75000001862645,3.3,8.62500011280645));
#15712=CARTESIAN_POINT('Origin',(8.62500011280645,1.3,-3.75000001862645));
#15713=CARTESIAN_POINT('Origin',(-3.74999995529652,3.3,-8.62500010407529));
#15714=CARTESIAN_POINT('Origin',(8.7500004156027,5.3,-5.99999986588955));
#15715=CARTESIAN_POINT('Origin',(6.00000028498471,5.3,8.7500004156027));
#15716=CARTESIAN_POINT('Origin',(-6.00000028498471,5.3,-8.7500004156027));
#15717=CARTESIAN_POINT('Origin',(9.,-1.,1.95000000447035));
#15718=CARTESIAN_POINT('',(9.1,0.4,1.95000000447035));
#15719=CARTESIAN_POINT('',(9.1,-1.4,1.95000000447035));
#15720=CARTESIAN_POINT('',(9.1,-1.,1.95000000447035));
#15721=CARTESIAN_POINT('',(9.,-1.5,1.85000000447035));
#15722=CARTESIAN_POINT('Origin',(9.,-1.4,1.95000000447035));
#15723=CARTESIAN_POINT('',(9.,0.5,1.85000000447035));
#15724=CARTESIAN_POINT('',(9.,-1.,1.85000000447035));
#15725=CARTESIAN_POINT('Origin',(9.,0.4,1.95000000447035));
#15726=CARTESIAN_POINT('Origin',(9.,-1.4,2.14999999776483));
#15727=CARTESIAN_POINT('',(9.1,-1.4,2.14999999552965));
#15728=CARTESIAN_POINT('',(9.1,-1.4,2.14999999776483));
#15729=CARTESIAN_POINT('',(9.,-1.5,2.24999999552965));
#15730=CARTESIAN_POINT('Origin',(9.,-1.4,2.14999999552965));
#15731=CARTESIAN_POINT('',(9.,-1.5,2.14999999776483));
#15732=CARTESIAN_POINT('Origin',(9.,1.38777878078145E-16,2.14999999552965));
#15733=CARTESIAN_POINT('',(9.1,0.4,2.14999999552965));
#15734=CARTESIAN_POINT('',(9.1,1.38777878078145E-16,2.14999999552965));
#15735=CARTESIAN_POINT('',(9.,0.5,2.24999999552965));
#15736=CARTESIAN_POINT('Origin',(9.,0.4,2.14999999552965));
#15737=CARTESIAN_POINT('',(9.,1.38777878078145E-16,2.24999999552965));
#15738=CARTESIAN_POINT('Origin',(9.,0.4,1.95000000223517));
#15739=CARTESIAN_POINT('',(9.,0.5,1.95000000223517));
#15740=CARTESIAN_POINT('',(9.1,0.4,1.95000000223517));
#15741=CARTESIAN_POINT('Origin',(8.9,0.5,1.85000000447035));
#15742=CARTESIAN_POINT('',(8.9,0.5,1.85000000447035));
#15743=CARTESIAN_POINT('',(8.9,0.5,1.85000000447035));
#15744=CARTESIAN_POINT('',(8.9,0.5,2.24999999552965));
#15745=CARTESIAN_POINT('',(8.9,0.5,1.95000000223517));
#15746=CARTESIAN_POINT('',(8.9,0.5,2.24999999552965));
#15747=CARTESIAN_POINT('Origin',(8.9,-1.5,1.85000000447035));
#15748=CARTESIAN_POINT('',(8.9,-1.5,1.85000000447035));
#15749=CARTESIAN_POINT('',(8.9,-1.5,1.85000000447035));
#15750=CARTESIAN_POINT('',(8.9,-1.,1.85000000447035));
#15751=CARTESIAN_POINT('Origin',(9.1,-0.5,2.05));
#15752=CARTESIAN_POINT('Origin',(8.7,-1.4,2.14999999776483));
#15753=CARTESIAN_POINT('',(8.8,-1.4,2.14999999552965));
#15754=CARTESIAN_POINT('',(8.8,-1.4,1.95000000447035));
#15755=CARTESIAN_POINT('',(8.8,-1.4,2.14999999776483));
#15756=CARTESIAN_POINT('',(8.7,-1.5,1.85000000447035));
#15757=CARTESIAN_POINT('Origin',(8.7,-1.4,1.95000000447035));
#15758=CARTESIAN_POINT('',(8.7,-1.5,2.24999999552965));
#15759=CARTESIAN_POINT('',(8.7,-1.5,2.14999999776483));
#15760=CARTESIAN_POINT('Origin',(8.7,-1.4,2.14999999552965));
#15761=CARTESIAN_POINT('Origin',(8.7,-1.,1.95000000447035));
#15762=CARTESIAN_POINT('',(8.7,0.5,1.85000000447035));
#15763=CARTESIAN_POINT('',(8.7,-1.,1.85000000447035));
#15764=CARTESIAN_POINT('',(8.8,0.4,1.95000000447035));
#15765=CARTESIAN_POINT('',(8.8,-1.,1.95000000447035));
#15766=CARTESIAN_POINT('Origin',(8.7,0.4,1.95000000447035));
#15767=CARTESIAN_POINT('Origin',(8.7,0.4,1.95000000223517));
#15768=CARTESIAN_POINT('',(8.7,0.5,2.24999999552965));
#15769=CARTESIAN_POINT('',(8.7,0.5,1.95000000223517));
#15770=CARTESIAN_POINT('',(8.8,0.4,2.14999999552965));
#15771=CARTESIAN_POINT('',(8.8,0.4,1.95000000223517));
#15772=CARTESIAN_POINT('Origin',(8.7,0.4,2.14999999552965));
#15773=CARTESIAN_POINT('Origin',(8.7,1.38777878078145E-16,2.14999999552965));
#15774=CARTESIAN_POINT('',(8.7,1.38777878078145E-16,2.24999999552965));
#15775=CARTESIAN_POINT('',(8.8,1.38777878078145E-16,2.14999999552965));
#15776=CARTESIAN_POINT('Origin',(8.6,0.5,2.24999999552965));
#15777=CARTESIAN_POINT('',(8.6,-1.5,2.24999999552965));
#15778=CARTESIAN_POINT('',(8.6,-1.5,2.24999999552965));
#15779=CARTESIAN_POINT('',(8.6,0.5,2.24999999552965));
#15780=CARTESIAN_POINT('',(8.6,1.38777878078145E-16,2.24999999552965));
#15781=CARTESIAN_POINT('',(8.6,0.5,2.24999999552965));
#15782=CARTESIAN_POINT('Origin',(8.6,-1.5,2.24999999552965));
#15783=CARTESIAN_POINT('',(8.6,-1.5,1.85000000447035));
#15784=CARTESIAN_POINT('',(8.6,-1.5,1.85000000447035));
#15785=CARTESIAN_POINT('',(8.6,-1.5,2.14999999776483));
#15786=CARTESIAN_POINT('Origin',(8.8,-0.5,2.05));
#15787=CARTESIAN_POINT('Origin',(8.6,-0.5,2.05));
#15788=CARTESIAN_POINT('',(8.6,-1.6,2.45));
#15789=CARTESIAN_POINT('',(8.6,-1.6,1.65));
#15790=CARTESIAN_POINT('Origin',(8.6,-1.6,2.05));
#15791=CARTESIAN_POINT('',(8.6,1.,2.45));
#15792=CARTESIAN_POINT('',(8.6,-2.,2.45));
#15793=CARTESIAN_POINT('',(8.6,1.,1.65));
#15794=CARTESIAN_POINT('',(8.6,1.,2.45));
#15795=CARTESIAN_POINT('',(8.6,1.,1.65));
#15796=CARTESIAN_POINT('',(8.6,0.5,1.85000000447035));
#15797=CARTESIAN_POINT('',(8.6,-1.,1.85000000447035));
#15798=CARTESIAN_POINT('',(8.6,0.5,1.95000000223517));
#15799=CARTESIAN_POINT('Origin',(8.6,-1.6,2.05));
#15800=CARTESIAN_POINT('',(8.9,-1.6,1.65));
#15801=CARTESIAN_POINT('',(8.9,-1.6,2.45));
#15802=CARTESIAN_POINT('Origin',(8.9,-1.6,2.05));
#15803=CARTESIAN_POINT('',(8.6,-1.6,2.45));
#15804=CARTESIAN_POINT('',(8.6,-1.6,1.65));
#15805=CARTESIAN_POINT('Origin',(8.6,1.,2.45));
#15806=CARTESIAN_POINT('',(8.9,1.,2.45));
#15807=CARTESIAN_POINT('',(8.9,-2.,2.45));
#15808=CARTESIAN_POINT('',(8.6,1.,2.45));
#15809=CARTESIAN_POINT('Origin',(8.6,-1.5,1.85000000447035));
#15810=CARTESIAN_POINT('',(8.6,0.5,1.85000000447035));
#15811=CARTESIAN_POINT('Origin',(8.6,0.5,1.85000000447035));
#15812=CARTESIAN_POINT('Origin',(8.9,-1.5,2.24999999552965));
#15813=CARTESIAN_POINT('',(8.9,-1.5,2.24999999552965));
#15814=CARTESIAN_POINT('',(8.9,-1.5,2.24999999552965));
#15815=CARTESIAN_POINT('',(8.9,-1.5,2.14999999776483));
#15816=CARTESIAN_POINT('Origin',(8.9,0.5,2.24999999552965));
#15817=CARTESIAN_POINT('',(8.9,1.38777878078145E-16,2.24999999552965));
#15818=CARTESIAN_POINT('Origin',(8.6,-2.,1.65));
#15819=CARTESIAN_POINT('',(8.9,1.,1.65));
#15820=CARTESIAN_POINT('',(8.6,1.,1.65));
#15821=CARTESIAN_POINT('',(8.9,1.,1.65));
#15822=CARTESIAN_POINT('Origin',(8.6,1.,1.65));
#15823=CARTESIAN_POINT('',(8.9,1.,2.45));
#15824=CARTESIAN_POINT('Origin',(8.9,-0.5,2.05));
#15825=CARTESIAN_POINT('Origin',(9.,-1.,-0.0499999955296515));
#15826=CARTESIAN_POINT('',(9.1,0.4,-0.0499999955296515));
#15827=CARTESIAN_POINT('',(9.1,-1.4,-0.0499999955296515));
#15828=CARTESIAN_POINT('',(9.1,-1.,-0.0499999955296515));
#15829=CARTESIAN_POINT('',(9.,-1.5,-0.149999995529652));
#15830=CARTESIAN_POINT('Origin',(9.,-1.4,-0.0499999955296515));
#15831=CARTESIAN_POINT('',(9.,0.5,-0.149999995529652));
#15832=CARTESIAN_POINT('',(9.,-1.,-0.149999995529652));
#15833=CARTESIAN_POINT('Origin',(9.,0.4,-0.0499999955296515));
#15834=CARTESIAN_POINT('Origin',(9.,-1.4,0.149999997764826));
#15835=CARTESIAN_POINT('',(9.1,-1.4,0.149999995529652));
#15836=CARTESIAN_POINT('',(9.1,-1.4,0.149999997764826));
#15837=CARTESIAN_POINT('',(9.,-1.5,0.249999995529652));
#15838=CARTESIAN_POINT('Origin',(9.,-1.4,0.149999995529652));
#15839=CARTESIAN_POINT('',(9.,-1.5,0.149999997764826));
#15840=CARTESIAN_POINT('Origin',(9.,1.38777878078145E-16,0.149999995529652));
#15841=CARTESIAN_POINT('',(9.1,0.4,0.149999995529652));
#15842=CARTESIAN_POINT('',(9.1,1.38777878078145E-16,0.149999995529652));
#15843=CARTESIAN_POINT('',(9.,0.5,0.249999995529652));
#15844=CARTESIAN_POINT('Origin',(9.,0.4,0.149999995529652));
#15845=CARTESIAN_POINT('',(9.,1.38777878078145E-16,0.249999995529652));
#15846=CARTESIAN_POINT('Origin',(9.,0.4,-0.0499999977648258));
#15847=CARTESIAN_POINT('',(9.,0.5,-0.0499999977648258));
#15848=CARTESIAN_POINT('',(9.1,0.4,-0.0499999977648258));
#15849=CARTESIAN_POINT('Origin',(8.9,0.5,-0.149999995529652));
#15850=CARTESIAN_POINT('',(8.9,0.5,-0.149999995529652));
#15851=CARTESIAN_POINT('',(8.9,0.5,-0.149999995529652));
#15852=CARTESIAN_POINT('',(8.9,0.5,0.249999995529652));
#15853=CARTESIAN_POINT('',(8.9,0.5,-0.0499999977648258));
#15854=CARTESIAN_POINT('',(8.9,0.5,0.249999995529652));
#15855=CARTESIAN_POINT('Origin',(8.9,-1.5,-0.149999995529652));
#15856=CARTESIAN_POINT('',(8.9,-1.5,-0.149999995529652));
#15857=CARTESIAN_POINT('',(8.9,-1.5,-0.149999995529652));
#15858=CARTESIAN_POINT('',(8.9,-1.,-0.149999995529652));
#15859=CARTESIAN_POINT('Origin',(9.1,-0.5,0.05));
#15860=CARTESIAN_POINT('Origin',(8.7,-1.4,0.149999997764826));
#15861=CARTESIAN_POINT('',(8.8,-1.4,0.149999995529652));
#15862=CARTESIAN_POINT('',(8.8,-1.4,-0.0499999955296515));
#15863=CARTESIAN_POINT('',(8.8,-1.4,0.149999997764826));
#15864=CARTESIAN_POINT('',(8.7,-1.5,-0.149999995529652));
#15865=CARTESIAN_POINT('Origin',(8.7,-1.4,-0.0499999955296515));
#15866=CARTESIAN_POINT('',(8.7,-1.5,0.249999995529652));
#15867=CARTESIAN_POINT('',(8.7,-1.5,0.149999997764826));
#15868=CARTESIAN_POINT('Origin',(8.7,-1.4,0.149999995529652));
#15869=CARTESIAN_POINT('Origin',(8.7,-1.,-0.0499999955296515));
#15870=CARTESIAN_POINT('',(8.7,0.5,-0.149999995529652));
#15871=CARTESIAN_POINT('',(8.7,-1.,-0.149999995529652));
#15872=CARTESIAN_POINT('',(8.8,0.4,-0.0499999955296515));
#15873=CARTESIAN_POINT('',(8.8,-1.,-0.0499999955296515));
#15874=CARTESIAN_POINT('Origin',(8.7,0.4,-0.0499999955296515));
#15875=CARTESIAN_POINT('Origin',(8.7,0.4,-0.0499999977648258));
#15876=CARTESIAN_POINT('',(8.7,0.5,0.249999995529652));
#15877=CARTESIAN_POINT('',(8.7,0.5,-0.0499999977648258));
#15878=CARTESIAN_POINT('',(8.8,0.4,0.149999995529652));
#15879=CARTESIAN_POINT('',(8.8,0.4,-0.0499999977648258));
#15880=CARTESIAN_POINT('Origin',(8.7,0.4,0.149999995529652));
#15881=CARTESIAN_POINT('Origin',(8.7,1.38777878078145E-16,0.149999995529652));
#15882=CARTESIAN_POINT('',(8.7,1.38777878078145E-16,0.249999995529652));
#15883=CARTESIAN_POINT('',(8.8,1.38777878078145E-16,0.149999995529652));
#15884=CARTESIAN_POINT('Origin',(8.6,0.5,0.249999995529652));
#15885=CARTESIAN_POINT('',(8.6,-1.5,0.249999995529652));
#15886=CARTESIAN_POINT('',(8.6,-1.5,0.249999995529652));
#15887=CARTESIAN_POINT('',(8.6,0.5,0.249999995529652));
#15888=CARTESIAN_POINT('',(8.6,1.38777878078145E-16,0.249999995529652));
#15889=CARTESIAN_POINT('',(8.6,0.5,0.249999995529652));
#15890=CARTESIAN_POINT('Origin',(8.6,-1.5,0.249999995529652));
#15891=CARTESIAN_POINT('',(8.6,-1.5,-0.149999995529652));
#15892=CARTESIAN_POINT('',(8.6,-1.5,-0.149999995529652));
#15893=CARTESIAN_POINT('',(8.6,-1.5,0.149999997764826));
#15894=CARTESIAN_POINT('Origin',(8.8,-0.5,0.05));
#15895=CARTESIAN_POINT('Origin',(8.6,-0.5,0.05));
#15896=CARTESIAN_POINT('',(8.6,-1.6,0.45));
#15897=CARTESIAN_POINT('',(8.6,-1.6,-0.35));
#15898=CARTESIAN_POINT('Origin',(8.6,-1.6,0.05));
#15899=CARTESIAN_POINT('',(8.6,1.,0.45));
#15900=CARTESIAN_POINT('',(8.6,-2.,0.45));
#15901=CARTESIAN_POINT('',(8.6,1.,-0.35));
#15902=CARTESIAN_POINT('',(8.6,1.,0.45));
#15903=CARTESIAN_POINT('',(8.6,1.,-0.35));
#15904=CARTESIAN_POINT('',(8.6,0.5,-0.149999995529652));
#15905=CARTESIAN_POINT('',(8.6,-1.,-0.149999995529652));
#15906=CARTESIAN_POINT('',(8.6,0.5,-0.0499999977648258));
#15907=CARTESIAN_POINT('Origin',(8.6,-1.6,0.05));
#15908=CARTESIAN_POINT('',(8.9,-1.6,-0.35));
#15909=CARTESIAN_POINT('',(8.9,-1.6,0.45));
#15910=CARTESIAN_POINT('Origin',(8.9,-1.6,0.05));
#15911=CARTESIAN_POINT('',(8.6,-1.6,0.45));
#15912=CARTESIAN_POINT('',(8.6,-1.6,-0.35));
#15913=CARTESIAN_POINT('Origin',(8.6,1.,0.45));
#15914=CARTESIAN_POINT('',(8.9,1.,0.45));
#15915=CARTESIAN_POINT('',(8.9,-2.,0.45));
#15916=CARTESIAN_POINT('',(8.6,1.,0.45));
#15917=CARTESIAN_POINT('Origin',(8.6,-1.5,-0.149999995529652));
#15918=CARTESIAN_POINT('',(8.6,0.5,-0.149999995529652));
#15919=CARTESIAN_POINT('Origin',(8.6,0.5,-0.149999995529652));
#15920=CARTESIAN_POINT('Origin',(8.9,-1.5,0.249999995529652));
#15921=CARTESIAN_POINT('',(8.9,-1.5,0.249999995529652));
#15922=CARTESIAN_POINT('',(8.9,-1.5,0.249999995529652));
#15923=CARTESIAN_POINT('',(8.9,-1.5,0.149999997764826));
#15924=CARTESIAN_POINT('Origin',(8.9,0.5,0.249999995529652));
#15925=CARTESIAN_POINT('',(8.9,1.38777878078145E-16,0.249999995529652));
#15926=CARTESIAN_POINT('Origin',(8.6,-2.,-0.35));
#15927=CARTESIAN_POINT('',(8.9,1.,-0.35));
#15928=CARTESIAN_POINT('',(8.6,1.,-0.35));
#15929=CARTESIAN_POINT('',(8.9,1.,-0.35));
#15930=CARTESIAN_POINT('Origin',(8.6,1.,-0.35));
#15931=CARTESIAN_POINT('',(8.9,1.,0.45));
#15932=CARTESIAN_POINT('Origin',(8.9,-0.5,0.05));
#15933=CARTESIAN_POINT('Origin',(9.,-1.,-2.04999999552965));
#15934=CARTESIAN_POINT('',(9.1,0.4,-2.04999999552965));
#15935=CARTESIAN_POINT('',(9.1,-1.4,-2.04999999552965));
#15936=CARTESIAN_POINT('',(9.1,-1.,-2.04999999552965));
#15937=CARTESIAN_POINT('',(9.,-1.5,-2.14999999552965));
#15938=CARTESIAN_POINT('Origin',(9.,-1.4,-2.04999999552965));
#15939=CARTESIAN_POINT('',(9.,0.5,-2.14999999552965));
#15940=CARTESIAN_POINT('',(9.,-1.,-2.14999999552965));
#15941=CARTESIAN_POINT('Origin',(9.,0.4,-2.04999999552965));
#15942=CARTESIAN_POINT('Origin',(9.,-1.4,-1.85000000223517));
#15943=CARTESIAN_POINT('',(9.1,-1.4,-1.85000000447035));
#15944=CARTESIAN_POINT('',(9.1,-1.4,-1.85000000223517));
#15945=CARTESIAN_POINT('',(9.,-1.5,-1.75000000447035));
#15946=CARTESIAN_POINT('Origin',(9.,-1.4,-1.85000000447035));
#15947=CARTESIAN_POINT('',(9.,-1.5,-1.85000000223517));
#15948=CARTESIAN_POINT('Origin',(9.,1.38777878078145E-16,-1.85000000447035));
#15949=CARTESIAN_POINT('',(9.1,0.4,-1.85000000447035));
#15950=CARTESIAN_POINT('',(9.1,1.38777878078145E-16,-1.85000000447035));
#15951=CARTESIAN_POINT('',(9.,0.5,-1.75000000447035));
#15952=CARTESIAN_POINT('Origin',(9.,0.4,-1.85000000447035));
#15953=CARTESIAN_POINT('',(9.,1.38777878078145E-16,-1.75000000447035));
#15954=CARTESIAN_POINT('Origin',(9.,0.4,-2.04999999776483));
#15955=CARTESIAN_POINT('',(9.,0.5,-2.04999999776483));
#15956=CARTESIAN_POINT('',(9.1,0.4,-2.04999999776483));
#15957=CARTESIAN_POINT('Origin',(8.9,0.5,-2.14999999552965));
#15958=CARTESIAN_POINT('',(8.9,0.5,-2.14999999552965));
#15959=CARTESIAN_POINT('',(8.9,0.5,-2.14999999552965));
#15960=CARTESIAN_POINT('',(8.9,0.5,-1.75000000447035));
#15961=CARTESIAN_POINT('',(8.9,0.5,-2.04999999776483));
#15962=CARTESIAN_POINT('',(8.9,0.5,-1.75000000447035));
#15963=CARTESIAN_POINT('Origin',(8.9,-1.5,-2.14999999552965));
#15964=CARTESIAN_POINT('',(8.9,-1.5,-2.14999999552965));
#15965=CARTESIAN_POINT('',(8.9,-1.5,-2.14999999552965));
#15966=CARTESIAN_POINT('',(8.9,-1.,-2.14999999552965));
#15967=CARTESIAN_POINT('Origin',(9.1,-0.5,-1.95));
#15968=CARTESIAN_POINT('Origin',(8.7,-1.4,-1.85000000223517));
#15969=CARTESIAN_POINT('',(8.8,-1.4,-1.85000000447035));
#15970=CARTESIAN_POINT('',(8.8,-1.4,-2.04999999552965));
#15971=CARTESIAN_POINT('',(8.8,-1.4,-1.85000000223517));
#15972=CARTESIAN_POINT('',(8.7,-1.5,-2.14999999552965));
#15973=CARTESIAN_POINT('Origin',(8.7,-1.4,-2.04999999552965));
#15974=CARTESIAN_POINT('',(8.7,-1.5,-1.75000000447035));
#15975=CARTESIAN_POINT('',(8.7,-1.5,-1.85000000223517));
#15976=CARTESIAN_POINT('Origin',(8.7,-1.4,-1.85000000447035));
#15977=CARTESIAN_POINT('Origin',(8.7,-1.,-2.04999999552965));
#15978=CARTESIAN_POINT('',(8.7,0.5,-2.14999999552965));
#15979=CARTESIAN_POINT('',(8.7,-1.,-2.14999999552965));
#15980=CARTESIAN_POINT('',(8.8,0.4,-2.04999999552965));
#15981=CARTESIAN_POINT('',(8.8,-1.,-2.04999999552965));
#15982=CARTESIAN_POINT('Origin',(8.7,0.4,-2.04999999552965));
#15983=CARTESIAN_POINT('Origin',(8.7,0.4,-2.04999999776483));
#15984=CARTESIAN_POINT('',(8.7,0.5,-1.75000000447035));
#15985=CARTESIAN_POINT('',(8.7,0.5,-2.04999999776483));
#15986=CARTESIAN_POINT('',(8.8,0.4,-1.85000000447035));
#15987=CARTESIAN_POINT('',(8.8,0.4,-2.04999999776483));
#15988=CARTESIAN_POINT('Origin',(8.7,0.4,-1.85000000447035));
#15989=CARTESIAN_POINT('Origin',(8.7,1.38777878078145E-16,-1.85000000447035));
#15990=CARTESIAN_POINT('',(8.7,1.38777878078145E-16,-1.75000000447035));
#15991=CARTESIAN_POINT('',(8.8,1.38777878078145E-16,-1.85000000447035));
#15992=CARTESIAN_POINT('Origin',(8.6,0.5,-1.75000000447035));
#15993=CARTESIAN_POINT('',(8.6,-1.5,-1.75000000447035));
#15994=CARTESIAN_POINT('',(8.6,-1.5,-1.75000000447035));
#15995=CARTESIAN_POINT('',(8.6,0.5,-1.75000000447035));
#15996=CARTESIAN_POINT('',(8.6,1.38777878078145E-16,-1.75000000447035));
#15997=CARTESIAN_POINT('',(8.6,0.5,-1.75000000447035));
#15998=CARTESIAN_POINT('Origin',(8.6,-1.5,-1.75000000447035));
#15999=CARTESIAN_POINT('',(8.6,-1.5,-2.14999999552965));
#16000=CARTESIAN_POINT('',(8.6,-1.5,-2.14999999552965));
#16001=CARTESIAN_POINT('',(8.6,-1.5,-1.85000000223517));
#16002=CARTESIAN_POINT('Origin',(8.8,-0.5,-1.95));
#16003=CARTESIAN_POINT('Origin',(8.6,-0.5,-1.95));
#16004=CARTESIAN_POINT('',(8.6,-1.6,-1.55));
#16005=CARTESIAN_POINT('',(8.6,-1.6,-2.35));
#16006=CARTESIAN_POINT('Origin',(8.6,-1.6,-1.95));
#16007=CARTESIAN_POINT('',(8.6,1.,-1.55));
#16008=CARTESIAN_POINT('',(8.6,-2.,-1.55));
#16009=CARTESIAN_POINT('',(8.6,1.,-2.35));
#16010=CARTESIAN_POINT('',(8.6,1.,-1.55));
#16011=CARTESIAN_POINT('',(8.6,1.,-2.35));
#16012=CARTESIAN_POINT('',(8.6,0.5,-2.14999999552965));
#16013=CARTESIAN_POINT('',(8.6,-1.,-2.14999999552965));
#16014=CARTESIAN_POINT('',(8.6,0.5,-2.04999999776483));
#16015=CARTESIAN_POINT('Origin',(8.6,-1.6,-1.95));
#16016=CARTESIAN_POINT('',(8.9,-1.6,-2.35));
#16017=CARTESIAN_POINT('',(8.9,-1.6,-1.55));
#16018=CARTESIAN_POINT('Origin',(8.9,-1.6,-1.95));
#16019=CARTESIAN_POINT('',(8.6,-1.6,-1.55));
#16020=CARTESIAN_POINT('',(8.6,-1.6,-2.35));
#16021=CARTESIAN_POINT('Origin',(8.6,1.,-1.55));
#16022=CARTESIAN_POINT('',(8.9,1.,-1.55));
#16023=CARTESIAN_POINT('',(8.9,-2.,-1.55));
#16024=CARTESIAN_POINT('',(8.6,1.,-1.55));
#16025=CARTESIAN_POINT('Origin',(8.6,-1.5,-2.14999999552965));
#16026=CARTESIAN_POINT('',(8.6,0.5,-2.14999999552965));
#16027=CARTESIAN_POINT('Origin',(8.6,0.5,-2.14999999552965));
#16028=CARTESIAN_POINT('Origin',(8.9,-1.5,-1.75000000447035));
#16029=CARTESIAN_POINT('',(8.9,-1.5,-1.75000000447035));
#16030=CARTESIAN_POINT('',(8.9,-1.5,-1.75000000447035));
#16031=CARTESIAN_POINT('',(8.9,-1.5,-1.85000000223517));
#16032=CARTESIAN_POINT('Origin',(8.9,0.5,-1.75000000447035));
#16033=CARTESIAN_POINT('',(8.9,1.38777878078145E-16,-1.75000000447035));
#16034=CARTESIAN_POINT('Origin',(8.6,-2.,-2.35));
#16035=CARTESIAN_POINT('',(8.9,1.,-2.35));
#16036=CARTESIAN_POINT('',(8.6,1.,-2.35));
#16037=CARTESIAN_POINT('',(8.9,1.,-2.35));
#16038=CARTESIAN_POINT('Origin',(8.6,1.,-2.35));
#16039=CARTESIAN_POINT('',(8.9,1.,-1.55));
#16040=CARTESIAN_POINT('Origin',(8.9,-0.5,-1.95));
#16041=CARTESIAN_POINT('Origin',(-2.14999999552965,-1.,-9.));
#16042=CARTESIAN_POINT('',(-2.14999999552965,0.4,-9.1));
#16043=CARTESIAN_POINT('',(-2.14999999552965,-1.4,-9.1));
#16044=CARTESIAN_POINT('',(-2.14999999552965,-1.,-9.1));
#16045=CARTESIAN_POINT('',(-2.24999999552965,-1.5,-9.));
#16046=CARTESIAN_POINT('Origin',(-2.14999999552965,-1.4,-9.));
#16047=CARTESIAN_POINT('',(-2.24999999552965,0.5,-9.));
#16048=CARTESIAN_POINT('',(-2.24999999552965,-1.,-9.));
#16049=CARTESIAN_POINT('Origin',(-2.14999999552965,0.4,-9.));
#16050=CARTESIAN_POINT('Origin',(-1.95000000223518,-1.4,-9.));
#16051=CARTESIAN_POINT('',(-1.95000000447035,-1.4,-9.1));
#16052=CARTESIAN_POINT('',(-1.95000000223518,-1.4,-9.1));
#16053=CARTESIAN_POINT('',(-1.85000000447035,-1.5,-9.));
#16054=CARTESIAN_POINT('Origin',(-1.95000000447035,-1.4,-9.));
#16055=CARTESIAN_POINT('',(-1.95000000223518,-1.5,-9.));
#16056=CARTESIAN_POINT('Origin',(-1.95000000447035,1.38777878078145E-16,
-9.));
#16057=CARTESIAN_POINT('',(-1.95000000447035,0.4,-9.1));
#16058=CARTESIAN_POINT('',(-1.95000000447035,1.38777878078145E-16,-9.1));
#16059=CARTESIAN_POINT('',(-1.85000000447035,0.5,-9.));
#16060=CARTESIAN_POINT('Origin',(-1.95000000447035,0.4,-9.));
#16061=CARTESIAN_POINT('',(-1.85000000447035,1.38777878078145E-16,-9.));
#16062=CARTESIAN_POINT('Origin',(-2.14999999776483,0.4,-9.));
#16063=CARTESIAN_POINT('',(-2.14999999776483,0.5,-9.));
#16064=CARTESIAN_POINT('',(-2.14999999776483,0.4,-9.1));
#16065=CARTESIAN_POINT('Origin',(-2.24999999552965,0.5,-8.9));
#16066=CARTESIAN_POINT('',(-2.24999999552965,0.5,-8.9));
#16067=CARTESIAN_POINT('',(-2.24999999552965,0.5,-8.9));
#16068=CARTESIAN_POINT('',(-1.85000000447035,0.5,-8.9));
#16069=CARTESIAN_POINT('',(-2.14999999776483,0.5,-8.9));
#16070=CARTESIAN_POINT('',(-1.85000000447035,0.5,-8.9));
#16071=CARTESIAN_POINT('Origin',(-2.24999999552965,-1.5,-8.9));
#16072=CARTESIAN_POINT('',(-2.24999999552965,-1.5,-8.9));
#16073=CARTESIAN_POINT('',(-2.24999999552965,-1.5,-8.9));
#16074=CARTESIAN_POINT('',(-2.24999999552965,-1.,-8.9));
#16075=CARTESIAN_POINT('Origin',(-2.05,-0.5,-9.1));
#16076=CARTESIAN_POINT('Origin',(-1.95000000223518,-1.4,-8.7));
#16077=CARTESIAN_POINT('',(-1.95000000447035,-1.4,-8.8));
#16078=CARTESIAN_POINT('',(-2.14999999552965,-1.4,-8.8));
#16079=CARTESIAN_POINT('',(-1.95000000223518,-1.4,-8.8));
#16080=CARTESIAN_POINT('',(-2.24999999552965,-1.5,-8.7));
#16081=CARTESIAN_POINT('Origin',(-2.14999999552965,-1.4,-8.7));
#16082=CARTESIAN_POINT('',(-1.85000000447035,-1.5,-8.7));
#16083=CARTESIAN_POINT('',(-1.95000000223518,-1.5,-8.7));
#16084=CARTESIAN_POINT('Origin',(-1.95000000447035,-1.4,-8.7));
#16085=CARTESIAN_POINT('Origin',(-2.14999999552965,-1.,-8.7));
#16086=CARTESIAN_POINT('',(-2.24999999552965,0.5,-8.7));
#16087=CARTESIAN_POINT('',(-2.24999999552965,-1.,-8.7));
#16088=CARTESIAN_POINT('',(-2.14999999552965,0.4,-8.8));
#16089=CARTESIAN_POINT('',(-2.14999999552965,-1.,-8.8));
#16090=CARTESIAN_POINT('Origin',(-2.14999999552965,0.4,-8.7));
#16091=CARTESIAN_POINT('Origin',(-2.14999999776483,0.4,-8.7));
#16092=CARTESIAN_POINT('',(-1.85000000447035,0.5,-8.7));
#16093=CARTESIAN_POINT('',(-2.14999999776483,0.5,-8.7));
#16094=CARTESIAN_POINT('',(-1.95000000447035,0.4,-8.8));
#16095=CARTESIAN_POINT('',(-2.14999999776483,0.4,-8.8));
#16096=CARTESIAN_POINT('Origin',(-1.95000000447035,0.4,-8.7));
#16097=CARTESIAN_POINT('Origin',(-1.95000000447035,1.38777878078145E-16,
-8.7));
#16098=CARTESIAN_POINT('',(-1.85000000447035,1.38777878078145E-16,-8.7));
#16099=CARTESIAN_POINT('',(-1.95000000447035,1.38777878078145E-16,-8.8));
#16100=CARTESIAN_POINT('Origin',(-1.85000000447035,0.5,-8.6));
#16101=CARTESIAN_POINT('',(-1.85000000447035,-1.5,-8.6));
#16102=CARTESIAN_POINT('',(-1.85000000447035,-1.5,-8.6));
#16103=CARTESIAN_POINT('',(-1.85000000447035,0.5,-8.6));
#16104=CARTESIAN_POINT('',(-1.85000000447035,1.38777878078145E-16,-8.6));
#16105=CARTESIAN_POINT('',(-1.85000000447035,0.5,-8.6));
#16106=CARTESIAN_POINT('Origin',(-1.85000000447035,-1.5,-8.6));
#16107=CARTESIAN_POINT('',(-2.24999999552965,-1.5,-8.6));
#16108=CARTESIAN_POINT('',(-2.24999999552965,-1.5,-8.6));
#16109=CARTESIAN_POINT('',(-1.95000000223518,-1.5,-8.6));
#16110=CARTESIAN_POINT('Origin',(-2.05,-0.5,-8.8));
#16111=CARTESIAN_POINT('Origin',(-2.05,-0.5,-8.6));
#16112=CARTESIAN_POINT('',(-1.65,-1.6,-8.6));
#16113=CARTESIAN_POINT('',(-2.45,-1.6,-8.6));
#16114=CARTESIAN_POINT('Origin',(-2.05,-1.6,-8.6));
#16115=CARTESIAN_POINT('',(-1.65,1.,-8.6));
#16116=CARTESIAN_POINT('',(-1.65,-2.,-8.6));
#16117=CARTESIAN_POINT('',(-2.45,1.,-8.6));
#16118=CARTESIAN_POINT('',(-1.65,1.,-8.6));
#16119=CARTESIAN_POINT('',(-2.45,1.,-8.6));
#16120=CARTESIAN_POINT('',(-2.24999999552965,0.5,-8.6));
#16121=CARTESIAN_POINT('',(-2.24999999552965,-1.,-8.6));
#16122=CARTESIAN_POINT('',(-2.14999999776483,0.5,-8.6));
#16123=CARTESIAN_POINT('Origin',(-2.05,-1.6,-8.6));
#16124=CARTESIAN_POINT('',(-2.45,-1.6,-8.9));
#16125=CARTESIAN_POINT('',(-1.65,-1.6,-8.9));
#16126=CARTESIAN_POINT('Origin',(-2.05,-1.6,-8.9));
#16127=CARTESIAN_POINT('',(-1.65,-1.6,-8.6));
#16128=CARTESIAN_POINT('',(-2.45,-1.6,-8.6));
#16129=CARTESIAN_POINT('Origin',(-1.65,1.,-8.6));
#16130=CARTESIAN_POINT('',(-1.65,1.,-8.9));
#16131=CARTESIAN_POINT('',(-1.65,-2.,-8.9));
#16132=CARTESIAN_POINT('',(-1.65,1.,-8.6));
#16133=CARTESIAN_POINT('Origin',(-2.24999999552965,-1.5,-8.6));
#16134=CARTESIAN_POINT('',(-2.24999999552965,0.5,-8.6));
#16135=CARTESIAN_POINT('Origin',(-2.24999999552965,0.5,-8.6));
#16136=CARTESIAN_POINT('Origin',(-1.85000000447035,-1.5,-8.9));
#16137=CARTESIAN_POINT('',(-1.85000000447035,-1.5,-8.9));
#16138=CARTESIAN_POINT('',(-1.85000000447035,-1.5,-8.9));
#16139=CARTESIAN_POINT('',(-1.95000000223518,-1.5,-8.9));
#16140=CARTESIAN_POINT('Origin',(-1.85000000447035,0.5,-8.9));
#16141=CARTESIAN_POINT('',(-1.85000000447035,1.38777878078145E-16,-8.9));
#16142=CARTESIAN_POINT('Origin',(-2.45,-2.,-8.6));
#16143=CARTESIAN_POINT('',(-2.45,1.,-8.9));
#16144=CARTESIAN_POINT('',(-2.45,1.,-8.6));
#16145=CARTESIAN_POINT('',(-2.45,1.,-8.9));
#16146=CARTESIAN_POINT('Origin',(-2.45,1.,-8.6));
#16147=CARTESIAN_POINT('',(-1.65,1.,-8.9));
#16148=CARTESIAN_POINT('Origin',(-2.05,-0.5,-8.9));
#16149=CARTESIAN_POINT('Origin',(-0.149999995529654,-1.,-9.));
#16150=CARTESIAN_POINT('',(-0.149999995529654,0.4,-9.1));
#16151=CARTESIAN_POINT('',(-0.149999995529654,-1.4,-9.1));
#16152=CARTESIAN_POINT('',(-0.149999995529654,-1.,-9.1));
#16153=CARTESIAN_POINT('',(-0.249999995529654,-1.5,-9.));
#16154=CARTESIAN_POINT('Origin',(-0.149999995529654,-1.4,-9.));
#16155=CARTESIAN_POINT('',(-0.249999995529654,0.5,-9.));
#16156=CARTESIAN_POINT('',(-0.249999995529654,-1.,-9.));
#16157=CARTESIAN_POINT('Origin',(-0.149999995529654,0.4,-9.));
#16158=CARTESIAN_POINT('Origin',(0.0499999977648236,-1.4,-9.));
#16159=CARTESIAN_POINT('',(0.0499999955296493,-1.4,-9.1));
#16160=CARTESIAN_POINT('',(0.0499999977648236,-1.4,-9.1));
#16161=CARTESIAN_POINT('',(0.149999995529649,-1.5,-9.));
#16162=CARTESIAN_POINT('Origin',(0.0499999955296493,-1.4,-9.));
#16163=CARTESIAN_POINT('',(0.0499999977648236,-1.5,-9.));
#16164=CARTESIAN_POINT('Origin',(0.0499999955296493,1.38777878078145E-16,
-9.));
#16165=CARTESIAN_POINT('',(0.0499999955296493,0.4,-9.1));
#16166=CARTESIAN_POINT('',(0.0499999955296493,1.38777878078145E-16,-9.1));
#16167=CARTESIAN_POINT('',(0.149999995529649,0.5,-9.));
#16168=CARTESIAN_POINT('Origin',(0.0499999955296493,0.4,-9.));
#16169=CARTESIAN_POINT('',(0.149999995529649,1.38777878078145E-16,-9.));
#16170=CARTESIAN_POINT('Origin',(-0.149999997764828,0.4,-9.));
#16171=CARTESIAN_POINT('',(-0.149999997764828,0.5,-9.));
#16172=CARTESIAN_POINT('',(-0.149999997764828,0.4,-9.1));
#16173=CARTESIAN_POINT('Origin',(-0.249999995529654,0.5,-8.9));
#16174=CARTESIAN_POINT('',(-0.249999995529654,0.5,-8.9));
#16175=CARTESIAN_POINT('',(-0.249999995529654,0.5,-8.9));
#16176=CARTESIAN_POINT('',(0.149999995529649,0.5,-8.9));
#16177=CARTESIAN_POINT('',(-0.149999997764828,0.5,-8.9));
#16178=CARTESIAN_POINT('',(0.149999995529649,0.5,-8.9));
#16179=CARTESIAN_POINT('Origin',(-0.249999995529654,-1.5,-8.9));
#16180=CARTESIAN_POINT('',(-0.249999995529654,-1.5,-8.9));
#16181=CARTESIAN_POINT('',(-0.249999995529654,-1.5,-8.9));
#16182=CARTESIAN_POINT('',(-0.249999995529654,-1.,-8.9));
#16183=CARTESIAN_POINT('Origin',(-0.0500000000000023,-0.5,-9.1));
#16184=CARTESIAN_POINT('Origin',(0.0499999977648236,-1.4,-8.7));
#16185=CARTESIAN_POINT('',(0.0499999955296493,-1.4,-8.8));
#16186=CARTESIAN_POINT('',(-0.149999995529654,-1.4,-8.8));
#16187=CARTESIAN_POINT('',(0.0499999977648236,-1.4,-8.8));
#16188=CARTESIAN_POINT('',(-0.249999995529654,-1.5,-8.7));
#16189=CARTESIAN_POINT('Origin',(-0.149999995529654,-1.4,-8.7));
#16190=CARTESIAN_POINT('',(0.149999995529649,-1.5,-8.7));
#16191=CARTESIAN_POINT('',(0.0499999977648236,-1.5,-8.7));
#16192=CARTESIAN_POINT('Origin',(0.0499999955296493,-1.4,-8.7));
#16193=CARTESIAN_POINT('Origin',(-0.149999995529654,-1.,-8.7));
#16194=CARTESIAN_POINT('',(-0.249999995529654,0.5,-8.7));
#16195=CARTESIAN_POINT('',(-0.249999995529654,-1.,-8.7));
#16196=CARTESIAN_POINT('',(-0.149999995529654,0.4,-8.8));
#16197=CARTESIAN_POINT('',(-0.149999995529654,-1.,-8.8));
#16198=CARTESIAN_POINT('Origin',(-0.149999995529654,0.4,-8.7));
#16199=CARTESIAN_POINT('Origin',(-0.149999997764828,0.4,-8.7));
#16200=CARTESIAN_POINT('',(0.149999995529649,0.5,-8.7));
#16201=CARTESIAN_POINT('',(-0.149999997764828,0.5,-8.7));
#16202=CARTESIAN_POINT('',(0.0499999955296493,0.4,-8.8));
#16203=CARTESIAN_POINT('',(-0.149999997764828,0.4,-8.8));
#16204=CARTESIAN_POINT('Origin',(0.0499999955296493,0.4,-8.7));
#16205=CARTESIAN_POINT('Origin',(0.0499999955296493,1.38777878078145E-16,
-8.7));
#16206=CARTESIAN_POINT('',(0.149999995529649,1.38777878078145E-16,-8.7));
#16207=CARTESIAN_POINT('',(0.0499999955296493,1.38777878078145E-16,-8.8));
#16208=CARTESIAN_POINT('Origin',(0.149999995529649,0.5,-8.6));
#16209=CARTESIAN_POINT('',(0.149999995529649,-1.5,-8.6));
#16210=CARTESIAN_POINT('',(0.149999995529649,-1.5,-8.6));
#16211=CARTESIAN_POINT('',(0.149999995529649,0.5,-8.6));
#16212=CARTESIAN_POINT('',(0.149999995529649,1.38777878078145E-16,-8.6));
#16213=CARTESIAN_POINT('',(0.149999995529649,0.5,-8.6));
#16214=CARTESIAN_POINT('Origin',(0.149999995529649,-1.5,-8.6));
#16215=CARTESIAN_POINT('',(-0.249999995529654,-1.5,-8.6));
#16216=CARTESIAN_POINT('',(-0.249999995529654,-1.5,-8.6));
#16217=CARTESIAN_POINT('',(0.0499999977648236,-1.5,-8.6));
#16218=CARTESIAN_POINT('Origin',(-0.0500000000000023,-0.5,-8.8));
#16219=CARTESIAN_POINT('Origin',(-0.0500000000000023,-0.5,-8.6));
#16220=CARTESIAN_POINT('',(0.349999999999998,-1.6,-8.6));
#16221=CARTESIAN_POINT('',(-0.450000000000003,-1.6,-8.6));
#16222=CARTESIAN_POINT('Origin',(-0.0500000000000023,-1.6,-8.6));
#16223=CARTESIAN_POINT('',(0.349999999999998,1.,-8.6));
#16224=CARTESIAN_POINT('',(0.349999999999998,-2.,-8.6));
#16225=CARTESIAN_POINT('',(-0.450000000000003,1.,-8.6));
#16226=CARTESIAN_POINT('',(0.349999999999998,1.,-8.6));
#16227=CARTESIAN_POINT('',(-0.450000000000003,1.,-8.6));
#16228=CARTESIAN_POINT('',(-0.249999995529654,0.5,-8.6));
#16229=CARTESIAN_POINT('',(-0.249999995529654,-1.,-8.6));
#16230=CARTESIAN_POINT('',(-0.149999997764828,0.5,-8.6));
#16231=CARTESIAN_POINT('Origin',(-0.0500000000000023,-1.6,-8.6));
#16232=CARTESIAN_POINT('',(-0.450000000000003,-1.6,-8.9));
#16233=CARTESIAN_POINT('',(0.349999999999998,-1.6,-8.9));
#16234=CARTESIAN_POINT('Origin',(-0.0500000000000023,-1.6,-8.9));
#16235=CARTESIAN_POINT('',(0.349999999999998,-1.6,-8.6));
#16236=CARTESIAN_POINT('',(-0.450000000000003,-1.6,-8.6));
#16237=CARTESIAN_POINT('Origin',(0.349999999999998,1.,-8.6));
#16238=CARTESIAN_POINT('',(0.349999999999998,1.,-8.9));
#16239=CARTESIAN_POINT('',(0.349999999999998,-2.,-8.9));
#16240=CARTESIAN_POINT('',(0.349999999999998,1.,-8.6));
#16241=CARTESIAN_POINT('Origin',(-0.249999995529654,-1.5,-8.6));
#16242=CARTESIAN_POINT('',(-0.249999995529654,0.5,-8.6));
#16243=CARTESIAN_POINT('Origin',(-0.249999995529654,0.5,-8.6));
#16244=CARTESIAN_POINT('Origin',(0.149999995529649,-1.5,-8.9));
#16245=CARTESIAN_POINT('',(0.149999995529649,-1.5,-8.9));
#16246=CARTESIAN_POINT('',(0.149999995529649,-1.5,-8.9));
#16247=CARTESIAN_POINT('',(0.0499999977648236,-1.5,-8.9));
#16248=CARTESIAN_POINT('Origin',(0.149999995529649,0.5,-8.9));
#16249=CARTESIAN_POINT('',(0.149999995529649,1.38777878078145E-16,-8.9));
#16250=CARTESIAN_POINT('Origin',(-0.450000000000003,-2.,-8.6));
#16251=CARTESIAN_POINT('',(-0.450000000000003,1.,-8.9));
#16252=CARTESIAN_POINT('',(-0.450000000000003,1.,-8.6));
#16253=CARTESIAN_POINT('',(-0.450000000000003,1.,-8.9));
#16254=CARTESIAN_POINT('Origin',(-0.450000000000003,1.,-8.6));
#16255=CARTESIAN_POINT('',(0.349999999999998,1.,-8.9));
#16256=CARTESIAN_POINT('Origin',(-0.0500000000000023,-0.5,-8.9));
#16257=CARTESIAN_POINT('Origin',(1.85000000447035,-1.,-9.));
#16258=CARTESIAN_POINT('',(1.85000000447035,0.4,-9.1));
#16259=CARTESIAN_POINT('',(1.85000000447035,-1.4,-9.1));
#16260=CARTESIAN_POINT('',(1.85000000447035,-1.,-9.1));
#16261=CARTESIAN_POINT('',(1.75000000447035,-1.5,-9.));
#16262=CARTESIAN_POINT('Origin',(1.85000000447035,-1.4,-9.));
#16263=CARTESIAN_POINT('',(1.75000000447035,0.5,-9.));
#16264=CARTESIAN_POINT('',(1.75000000447035,-1.,-9.));
#16265=CARTESIAN_POINT('Origin',(1.85000000447035,0.4,-9.));
#16266=CARTESIAN_POINT('Origin',(2.04999999776482,-1.4,-9.));
#16267=CARTESIAN_POINT('',(2.04999999552965,-1.4,-9.1));
#16268=CARTESIAN_POINT('',(2.04999999776482,-1.4,-9.1));
#16269=CARTESIAN_POINT('',(2.14999999552965,-1.5,-9.));
#16270=CARTESIAN_POINT('Origin',(2.04999999552965,-1.4,-9.));
#16271=CARTESIAN_POINT('',(2.04999999776482,-1.5,-9.));
#16272=CARTESIAN_POINT('Origin',(2.04999999552965,1.38777878078145E-16,
-9.));
#16273=CARTESIAN_POINT('',(2.04999999552965,0.4,-9.1));
#16274=CARTESIAN_POINT('',(2.04999999552965,1.38777878078145E-16,-9.1));
#16275=CARTESIAN_POINT('',(2.14999999552965,0.5,-9.));
#16276=CARTESIAN_POINT('Origin',(2.04999999552965,0.4,-9.));
#16277=CARTESIAN_POINT('',(2.14999999552965,1.38777878078145E-16,-9.));
#16278=CARTESIAN_POINT('Origin',(1.85000000223517,0.4,-9.));
#16279=CARTESIAN_POINT('',(1.85000000223517,0.5,-9.));
#16280=CARTESIAN_POINT('',(1.85000000223517,0.4,-9.1));
#16281=CARTESIAN_POINT('Origin',(1.75000000447035,0.5,-8.9));
#16282=CARTESIAN_POINT('',(1.75000000447035,0.5,-8.9));
#16283=CARTESIAN_POINT('',(1.75000000447035,0.5,-8.9));
#16284=CARTESIAN_POINT('',(2.14999999552965,0.5,-8.9));
#16285=CARTESIAN_POINT('',(1.85000000223517,0.5,-8.9));
#16286=CARTESIAN_POINT('',(2.14999999552965,0.5,-8.9));
#16287=CARTESIAN_POINT('Origin',(1.75000000447035,-1.5,-8.9));
#16288=CARTESIAN_POINT('',(1.75000000447035,-1.5,-8.9));
#16289=CARTESIAN_POINT('',(1.75000000447035,-1.5,-8.9));
#16290=CARTESIAN_POINT('',(1.75000000447035,-1.,-8.9));
#16291=CARTESIAN_POINT('Origin',(1.95,-0.5,-9.1));
#16292=CARTESIAN_POINT('Origin',(2.04999999776482,-1.4,-8.7));
#16293=CARTESIAN_POINT('',(2.04999999552965,-1.4,-8.8));
#16294=CARTESIAN_POINT('',(1.85000000447035,-1.4,-8.8));
#16295=CARTESIAN_POINT('',(2.04999999776482,-1.4,-8.8));
#16296=CARTESIAN_POINT('',(1.75000000447035,-1.5,-8.7));
#16297=CARTESIAN_POINT('Origin',(1.85000000447035,-1.4,-8.7));
#16298=CARTESIAN_POINT('',(2.14999999552965,-1.5,-8.7));
#16299=CARTESIAN_POINT('',(2.04999999776482,-1.5,-8.7));
#16300=CARTESIAN_POINT('Origin',(2.04999999552965,-1.4,-8.7));
#16301=CARTESIAN_POINT('Origin',(1.85000000447035,-1.,-8.7));
#16302=CARTESIAN_POINT('',(1.75000000447035,0.5,-8.7));
#16303=CARTESIAN_POINT('',(1.75000000447035,-1.,-8.7));
#16304=CARTESIAN_POINT('',(1.85000000447035,0.4,-8.8));
#16305=CARTESIAN_POINT('',(1.85000000447035,-1.,-8.8));
#16306=CARTESIAN_POINT('Origin',(1.85000000447035,0.4,-8.7));
#16307=CARTESIAN_POINT('Origin',(1.85000000223517,0.4,-8.7));
#16308=CARTESIAN_POINT('',(2.14999999552965,0.5,-8.7));
#16309=CARTESIAN_POINT('',(1.85000000223517,0.5,-8.7));
#16310=CARTESIAN_POINT('',(2.04999999552965,0.4,-8.8));
#16311=CARTESIAN_POINT('',(1.85000000223517,0.4,-8.8));
#16312=CARTESIAN_POINT('Origin',(2.04999999552965,0.4,-8.7));
#16313=CARTESIAN_POINT('Origin',(2.04999999552965,1.38777878078145E-16,
-8.7));
#16314=CARTESIAN_POINT('',(2.14999999552965,1.38777878078145E-16,-8.7));
#16315=CARTESIAN_POINT('',(2.04999999552965,1.38777878078145E-16,-8.8));
#16316=CARTESIAN_POINT('Origin',(2.14999999552965,0.5,-8.6));
#16317=CARTESIAN_POINT('',(2.14999999552965,-1.5,-8.6));
#16318=CARTESIAN_POINT('',(2.14999999552965,-1.5,-8.6));
#16319=CARTESIAN_POINT('',(2.14999999552965,0.5,-8.6));
#16320=CARTESIAN_POINT('',(2.14999999552965,1.38777878078145E-16,-8.6));
#16321=CARTESIAN_POINT('',(2.14999999552965,0.5,-8.6));
#16322=CARTESIAN_POINT('Origin',(2.14999999552965,-1.5,-8.6));
#16323=CARTESIAN_POINT('',(1.75000000447035,-1.5,-8.6));
#16324=CARTESIAN_POINT('',(1.75000000447035,-1.5,-8.6));
#16325=CARTESIAN_POINT('',(2.04999999776482,-1.5,-8.6));
#16326=CARTESIAN_POINT('Origin',(1.95,-0.5,-8.8));
#16327=CARTESIAN_POINT('Origin',(1.95,-0.5,-8.6));
#16328=CARTESIAN_POINT('',(2.35,-1.6,-8.6));
#16329=CARTESIAN_POINT('',(1.55,-1.6,-8.6));
#16330=CARTESIAN_POINT('Origin',(1.95,-1.6,-8.6));
#16331=CARTESIAN_POINT('',(2.35,1.,-8.6));
#16332=CARTESIAN_POINT('',(2.35,-2.,-8.6));
#16333=CARTESIAN_POINT('',(1.55,1.,-8.6));
#16334=CARTESIAN_POINT('',(2.35,1.,-8.6));
#16335=CARTESIAN_POINT('',(1.55,1.,-8.6));
#16336=CARTESIAN_POINT('',(1.75000000447035,0.5,-8.6));
#16337=CARTESIAN_POINT('',(1.75000000447035,-1.,-8.6));
#16338=CARTESIAN_POINT('',(1.85000000223517,0.5,-8.6));
#16339=CARTESIAN_POINT('Origin',(1.95,-1.6,-8.6));
#16340=CARTESIAN_POINT('',(1.55,-1.6,-8.9));
#16341=CARTESIAN_POINT('',(2.35,-1.6,-8.9));
#16342=CARTESIAN_POINT('Origin',(1.95,-1.6,-8.9));
#16343=CARTESIAN_POINT('',(2.35,-1.6,-8.6));
#16344=CARTESIAN_POINT('',(1.55,-1.6,-8.6));
#16345=CARTESIAN_POINT('Origin',(2.35,1.,-8.6));
#16346=CARTESIAN_POINT('',(2.35,1.,-8.9));
#16347=CARTESIAN_POINT('',(2.35,-2.,-8.9));
#16348=CARTESIAN_POINT('',(2.35,1.,-8.6));
#16349=CARTESIAN_POINT('Origin',(1.75000000447035,-1.5,-8.6));
#16350=CARTESIAN_POINT('',(1.75000000447035,0.5,-8.6));
#16351=CARTESIAN_POINT('Origin',(1.75000000447035,0.5,-8.6));
#16352=CARTESIAN_POINT('Origin',(2.14999999552965,-1.5,-8.9));
#16353=CARTESIAN_POINT('',(2.14999999552965,-1.5,-8.9));
#16354=CARTESIAN_POINT('',(2.14999999552965,-1.5,-8.9));
#16355=CARTESIAN_POINT('',(2.04999999776482,-1.5,-8.9));
#16356=CARTESIAN_POINT('Origin',(2.14999999552965,0.5,-8.9));
#16357=CARTESIAN_POINT('',(2.14999999552965,1.38777878078145E-16,-8.9));
#16358=CARTESIAN_POINT('Origin',(1.55,-2.,-8.6));
#16359=CARTESIAN_POINT('',(1.55,1.,-8.9));
#16360=CARTESIAN_POINT('',(1.55,1.,-8.6));
#16361=CARTESIAN_POINT('',(1.55,1.,-8.9));
#16362=CARTESIAN_POINT('Origin',(1.55,1.,-8.6));
#16363=CARTESIAN_POINT('',(2.35,1.,-8.9));
#16364=CARTESIAN_POINT('Origin',(1.95,-0.5,-8.9));
#16365=CARTESIAN_POINT('Origin',(0.0999999821186059,11.700000037998,5.0000000692904));
#16366=CARTESIAN_POINT('',(-0.0714285675968444,12.,-2.97142849830645));
#16367=CARTESIAN_POINT('',(-0.0714285675968451,12.,-4.00714283016112));
#16368=CARTESIAN_POINT('',(-0.071428567596844,12.,2.5000000346452));
#16369=CARTESIAN_POINT('',(0.0999999821186065,11.700000037998,-2.79999994859099));
#16370=CARTESIAN_POINT('',(0.376543195527277,11.2160494145328,-2.52345673518232));
#16371=CARTESIAN_POINT('',(0.0999999821186059,11.700000037998,-4.19999994859099));
#16372=CARTESIAN_POINT('',(0.0999999821186059,11.700000037998,5.0000000692904));
#16373=CARTESIAN_POINT('',(-1.66539590525662,14.7894428409046,-2.21392957529386));
#16374=CARTESIAN_POINT('Origin',(-4.9,13.1000000067055,-3.29999996870756));
#16375=CARTESIAN_POINT('',(-1.10714289945151,12.,-4.00714283016111));
#16376=CARTESIAN_POINT('',(-2.45,12.,-4.00714283016111));
#16377=CARTESIAN_POINT('',(-1.30000001788139,11.700000037998,-4.19999994859099));
#16378=CARTESIAN_POINT('',(-4.9,11.700000037998,-4.19999994859099));
#16379=CARTESIAN_POINT('',(0.029888238755767,13.768715103878,-2.87011169195384));
#16380=CARTESIAN_POINT('Origin',(0.0999999821186059,11.700000037998,5.0000000692904));
#16381=CARTESIAN_POINT('',(-0.0714285675968455,12.,-1.57142849830645));
#16382=CARTESIAN_POINT('',(-0.0714285675968448,12.,-2.60714283016111));
#16383=CARTESIAN_POINT('',(-0.071428567596844,12.,2.5000000346452));
#16384=CARTESIAN_POINT('',(0.0999999821186059,11.700000037998,-1.39999994859099));
#16385=CARTESIAN_POINT('',(0.238271590589004,11.4580247231748,-1.2617283401206));
#16386=CARTESIAN_POINT('',(0.0999999821186059,11.700000037998,5.0000000692904));
#16387=CARTESIAN_POINT('',(-1.51759531874636,14.5307918145116,-0.98020523511791));
#16388=CARTESIAN_POINT('Origin',(-4.9,13.1000000067055,-1.89999996870756));
#16389=CARTESIAN_POINT('',(-1.10714289945151,12.,-2.60714283016111));
#16390=CARTESIAN_POINT('',(-2.45,12.,-2.60714283016111));
#16391=CARTESIAN_POINT('',(-1.30000001788139,11.700000037998,-2.79999994859099));
#16392=CARTESIAN_POINT('',(-4.9,11.700000037998,-2.79999994859099));
#16393=CARTESIAN_POINT('',(-0.128491649512389,13.5223463887942,-1.62849158022199));
#16394=CARTESIAN_POINT('Origin',(0.0999999821186059,11.700000037998,5.0000000692904));
#16395=CARTESIAN_POINT('',(-0.0714285675968468,12.,-0.171428498306447));
#16396=CARTESIAN_POINT('',(-0.0714285675968457,12.,-1.20714283016111));
#16397=CARTESIAN_POINT('',(-0.071428567596844,12.,2.5000000346452));
#16398=CARTESIAN_POINT('',(0.0999999821186059,11.700000037998,5.14090059411387E-8));
#16399=CARTESIAN_POINT('',(0.0999999856507328,11.7000000318167,5.49411327543936E-8));
#16400=CARTESIAN_POINT('',(0.0999999821186059,11.700000037998,5.0000000692904));
#16401=CARTESIAN_POINT('',(-1.36979473223609,14.2721407881187,0.253519105058043));
#16402=CARTESIAN_POINT('Origin',(-4.9,13.1000000067055,-0.499999968707562));
#16403=CARTESIAN_POINT('',(-1.10714289945151,12.,-1.20714283016111));
#16404=CARTESIAN_POINT('',(-2.45,12.,-1.20714283016111));
#16405=CARTESIAN_POINT('',(-1.30000001788139,11.700000037998,-1.39999994859099));
#16406=CARTESIAN_POINT('',(-4.9,11.700000037998,-1.39999994859099));
#16407=CARTESIAN_POINT('',(-0.286871537780545,13.2759776737104,-0.386871468490148));
#16408=CARTESIAN_POINT('Origin',(0.0999999821186059,11.700000037998,5.0000000692904));
#16409=CARTESIAN_POINT('',(-0.0714285675968469,12.,1.22857150169355));
#16410=CARTESIAN_POINT('',(-0.0714285675968472,12.,0.192857169838889));
#16411=CARTESIAN_POINT('',(-0.071428567596844,12.,2.5000000346452));
#16412=CARTESIAN_POINT('',(0.0999999821186065,11.700000037998,1.40000005140901));
#16413=CARTESIAN_POINT('',(-0.0382716192875387,11.9419753404587,1.26172845000286));
#16414=CARTESIAN_POINT('',(0.0999999821186059,11.700000037998,5.0000000692904));
#16415=CARTESIAN_POINT('',(-1.22199414572583,14.0134897617257,1.487243445234));
#16416=CARTESIAN_POINT('Origin',(-4.9,13.1000000067055,0.900000031292438));
#16417=CARTESIAN_POINT('',(-1.10714289945151,12.,0.192857169838889));
#16418=CARTESIAN_POINT('',(-2.45,12.,0.192857169838889));
#16419=CARTESIAN_POINT('',(-1.30000001788139,11.700000037998,5.14090059411387E-8));
#16420=CARTESIAN_POINT('',(-4.9,11.700000037998,5.14090070513618E-8));
#16421=CARTESIAN_POINT('',(-0.445251426048702,13.0296089586266,0.854748643241696));
#16422=CARTESIAN_POINT('Origin',(0.0999999821186059,11.700000037998,5.0000000692904));
#16423=CARTESIAN_POINT('',(-0.0714285675968456,12.,2.62857150169355));
#16424=CARTESIAN_POINT('',(-0.071428567596846,12.,1.59285716983889));
#16425=CARTESIAN_POINT('',(-0.071428567596844,12.,2.5000000346452));
#16426=CARTESIAN_POINT('',(0.0999999821186059,11.700000037998,2.800000051409));
#16427=CARTESIAN_POINT('',(-0.17654322422581,12.1839506491007,2.52345684506459));
#16428=CARTESIAN_POINT('',(0.0999999821186059,11.700000037998,5.0000000692904));
#16429=CARTESIAN_POINT('',(-1.07419355921557,13.7548387353328,2.72096778540995));
#16430=CARTESIAN_POINT('Origin',(-4.9,13.1000000067055,2.30000003129244));
#16431=CARTESIAN_POINT('',(-1.10714289945151,12.,1.59285716983889));
#16432=CARTESIAN_POINT('',(-2.45,12.,1.59285716983889));
#16433=CARTESIAN_POINT('',(-1.30000001788139,11.700000037998,1.40000005140901));
#16434=CARTESIAN_POINT('',(-4.9,11.700000037998,1.40000005140901));
#16435=CARTESIAN_POINT('',(-0.603631314316858,12.7832402435428,2.09636875497354));
#16436=CARTESIAN_POINT('Origin',(0.0999999821186059,11.700000037998,5.0000000692904));
#16437=CARTESIAN_POINT('',(-0.0714285675968457,12.,4.02857150169355));
#16438=CARTESIAN_POINT('',(-0.0714285675968461,12.,2.99285716983889));
#16439=CARTESIAN_POINT('',(-0.071428567596844,12.,2.5000000346452));
#16440=CARTESIAN_POINT('',(0.0999999821186059,11.700000037998,4.20000005140901));
#16441=CARTESIAN_POINT('',(-0.314814829164082,12.4259259577427,3.78518524012632));
#16442=CARTESIAN_POINT('',(0.0999999821186059,11.700000037998,5.0000000692904));
#16443=CARTESIAN_POINT('',(-0.926392972705302,13.4961877089398,3.9546921255859));
#16444=CARTESIAN_POINT('Origin',(-4.9,13.1000000067055,3.70000003129244));
#16445=CARTESIAN_POINT('',(-1.10714289945151,12.,2.99285716983889));
#16446=CARTESIAN_POINT('',(-2.45,12.,2.99285716983889));
#16447=CARTESIAN_POINT('',(-1.30000001788139,11.700000037998,2.800000051409));
#16448=CARTESIAN_POINT('',(-4.9,11.700000037998,2.80000005140901));
#16449=CARTESIAN_POINT('',(-0.762011202585015,12.536871528459,3.33798886670539));
#16450=CARTESIAN_POINT('Origin',(-1.80000003799796,13.1000000067055,5.0000000692904));
#16451=CARTESIAN_POINT('',(-2.50714289945151,12.,1.59285716983889));
#16452=CARTESIAN_POINT('',(-2.50714289945151,12.,2.62857150169355));
#16453=CARTESIAN_POINT('',(-2.50714289945151,12.,2.5000000346452));
#16454=CARTESIAN_POINT('',(-2.70000001788139,11.700000037998,1.40000005140901));
#16455=CARTESIAN_POINT('',(-1.8452514260487,13.0296089586266,2.2547486432417));
#16456=CARTESIAN_POINT('',(-2.70000001788139,11.700000037998,2.80000005140901));
#16457=CARTESIAN_POINT('',(-2.70000001788139,11.700000037998,5.0000000692904));
#16458=CARTESIAN_POINT('',(-2.82800589091857,11.5008797910512,2.91378304966428));
#16459=CARTESIAN_POINT('Origin',(-4.9,11.700000037998,2.80000005140901));
#16460=CARTESIAN_POINT('',(-1.47142856759685,12.,2.62857150169355));
#16461=CARTESIAN_POINT('',(-2.45,12.,2.62857150169356));
#16462=CARTESIAN_POINT('',(-4.9,11.700000037998,2.80000005140901));
#16463=CARTESIAN_POINT('',(-1.43827161928754,11.9419753404587,2.66172845000286));
#16464=CARTESIAN_POINT('Origin',(-1.80000003799796,13.1000000067055,5.0000000692904));
#16465=CARTESIAN_POINT('',(-2.50714289945151,12.,0.192857169838888));
#16466=CARTESIAN_POINT('',(-2.50714289945151,12.,1.22857150169355));
#16467=CARTESIAN_POINT('',(-2.50714289945151,12.,2.5000000346452));
#16468=CARTESIAN_POINT('',(-2.70000001788139,11.700000037998,5.14090059411387E-8));
#16469=CARTESIAN_POINT('',(-1.68687153778055,13.2759776737104,1.01312853150985));
#16470=CARTESIAN_POINT('',(-2.70000001788139,11.700000037998,5.0000000692904));
#16471=CARTESIAN_POINT('',(-2.97580647742884,11.2709677675908,1.64516134878451));
#16472=CARTESIAN_POINT('Origin',(-4.9,11.700000037998,1.40000005140901));
#16473=CARTESIAN_POINT('',(-1.47142856759685,12.,1.22857150169355));
#16474=CARTESIAN_POINT('',(-2.45,12.,1.22857150169355));
#16475=CARTESIAN_POINT('',(-4.9,11.700000037998,1.40000005140901));
#16476=CARTESIAN_POINT('',(-1.30000001434927,11.7000000318167,1.40000005494113));
#16477=CARTESIAN_POINT('Origin',(-1.80000003799796,13.1000000067055,5.0000000692904));
#16478=CARTESIAN_POINT('',(-2.50714289945151,12.,-1.20714283016111));
#16479=CARTESIAN_POINT('',(-2.50714289945151,12.,-0.171428498306446));
#16480=CARTESIAN_POINT('',(-2.50714289945151,12.,2.5000000346452));
#16481=CARTESIAN_POINT('',(-2.70000001788139,11.700000037998,-1.39999994859099));
#16482=CARTESIAN_POINT('',(-1.52849164951239,13.5223463887942,-0.22849158022199));
#16483=CARTESIAN_POINT('',(-2.70000001788139,11.700000037998,5.0000000692904));
#16484=CARTESIAN_POINT('',(-3.1236070639391,11.0410557441304,0.376539647904746));
#16485=CARTESIAN_POINT('Origin',(-4.9,11.700000037998,5.14090070513618E-8));
#16486=CARTESIAN_POINT('',(-1.47142856759685,12.,-0.171428498306447));
#16487=CARTESIAN_POINT('',(-2.45,12.,-0.171428498306444));
#16488=CARTESIAN_POINT('',(-4.9,11.700000037998,5.14090070513618E-8));
#16489=CARTESIAN_POINT('',(-1.161728409411,11.4580247231748,0.138271659879404));
#16490=CARTESIAN_POINT('Origin',(-1.80000003799796,13.1000000067055,5.0000000692904));
#16491=CARTESIAN_POINT('',(-2.50714289945151,12.,-2.60714283016111));
#16492=CARTESIAN_POINT('',(-2.50714289945151,12.,-1.57142849830645));
#16493=CARTESIAN_POINT('',(-2.50714289945151,12.,2.5000000346452));
#16494=CARTESIAN_POINT('',(-2.70000001788139,11.700000037998,-2.79999994859099));
#16495=CARTESIAN_POINT('',(-1.37011176124423,13.768715103878,-1.47011169195383));
#16496=CARTESIAN_POINT('',(-2.70000001788139,11.700000037998,5.0000000692904));
#16497=CARTESIAN_POINT('',(-3.27140765044937,10.81114372067,-0.892082052975018));
#16498=CARTESIAN_POINT('Origin',(-4.9,11.700000037998,-1.39999994859099));
#16499=CARTESIAN_POINT('',(-1.47142856759685,12.,-1.57142849830645));
#16500=CARTESIAN_POINT('',(-2.45,12.,-1.57142849830644));
#16501=CARTESIAN_POINT('',(-4.9,11.700000037998,-1.39999994859099));
#16502=CARTESIAN_POINT('',(-1.02345680447272,11.2160494145328,-1.12345673518232));
#16503=CARTESIAN_POINT('Origin',(-4.9,11.700000037998,4.20000005140901));
#16504=CARTESIAN_POINT('',(0.292857100548489,12.,4.02857150169355));
#16505=CARTESIAN_POINT('',(1.32857143240315,12.,4.02857150169355));
#16506=CARTESIAN_POINT('',(-2.45,12.,4.02857150169356));
#16507=CARTESIAN_POINT('',(-0.212756624056404,11.2134897617257,4.47800592356457));
#16508=CARTESIAN_POINT('',(1.49999998211861,11.700000037998,4.20000005140901));
#16509=CARTESIAN_POINT('',(-4.9,11.700000037998,4.20000005140901));
#16510=CARTESIAN_POINT('',(0.946913565897647,12.6679012663846,3.64691363518805));
#16511=CARTESIAN_POINT('Origin',(1.49999998211861,11.700000037998,5.0000000692904));
#16512=CARTESIAN_POINT('',(1.32857143240315,12.,2.99285716983889));
#16513=CARTESIAN_POINT('',(1.32857143240316,12.,2.5000000346452));
#16514=CARTESIAN_POINT('',(1.49999998211861,11.700000037998,2.800000051409));
#16515=CARTESIAN_POINT('',(1.49999998211861,11.700000037998,5.0000000692904));
#16516=CARTESIAN_POINT('',(0.342228728174464,13.7260997324002,4.10249271209617));
#16517=CARTESIAN_POINT('Origin',(-4.9,13.1000000067055,2.30000003129244));
#16518=CARTESIAN_POINT('',(1.32857143240315,12.,1.59285716983889));
#16519=CARTESIAN_POINT('',(0.292857100548489,12.,1.59285716983889));
#16520=CARTESIAN_POINT('',(-2.45,12.,1.59285716983889));
#16521=CARTESIAN_POINT('',(1.4999999821186,11.700000037998,1.400000051409));
#16522=CARTESIAN_POINT('',(0.194428141664199,13.9847507587932,2.86876837192021));
#16523=CARTESIAN_POINT('',(-4.9,11.700000037998,1.40000005140901));
#16524=CARTESIAN_POINT('',(0.637988797414984,12.536871528459,1.93798886670538));
#16525=CARTESIAN_POINT('Origin',(0.999999962002038,13.1000000067055,5.0000000692904));
#16526=CARTESIAN_POINT('',(0.292857100548489,12.,2.62857150169355));
#16527=CARTESIAN_POINT('',(0.292857100548488,12.,2.5000000346452));
#16528=CARTESIAN_POINT('',(-0.360557210566668,10.9835777382653,3.2093842226848));
#16529=CARTESIAN_POINT('Origin',(-4.9,13.1000000067055,2.30000003129244));
#16530=CARTESIAN_POINT('',(2.72857143240316,12.,1.59285716983889));
#16531=CARTESIAN_POINT('',(1.69285710054849,12.,1.59285716983889));
#16532=CARTESIAN_POINT('',(-2.45,12.,1.59285716983889));
#16533=CARTESIAN_POINT('',(2.89999998211861,11.700000037998,1.400000051409));
#16534=CARTESIAN_POINT('',(1.46304984254397,14.2146627822536,3.01656895843048));
#16535=CARTESIAN_POINT('',(-4.9,11.700000037998,1.40000005140901));
#16536=CARTESIAN_POINT('',(1.87960890914683,12.2905028133752,1.77960897843723));
#16537=CARTESIAN_POINT('Origin',(2.39999996200204,13.1000000067055,5.0000000692904));
#16538=CARTESIAN_POINT('',(1.69285710054849,12.,2.62857150169355));
#16539=CARTESIAN_POINT('',(1.69285710054849,12.,2.5000000346452));
#16540=CARTESIAN_POINT('',(1.49999998211861,11.700000037998,5.0000000692904));
#16541=CARTESIAN_POINT('',(0.873167129609286,10.7249267118723,3.35718480919507));
#16542=CARTESIAN_POINT('Origin',(-4.9,11.700000037998,5.14090070513618E-8));
#16543=CARTESIAN_POINT('',(3.09285710054849,12.,-0.171428498306447));
#16544=CARTESIAN_POINT('',(4.12857143240315,12.,-0.171428498306447));
#16545=CARTESIAN_POINT('',(-2.45,12.,-0.171428498306444));
#16546=CARTESIAN_POINT('',(2.89999998211861,11.700000037998,5.14090048309157E-8));
#16547=CARTESIAN_POINT('',(1.81129029676471,10.0064516385586,0.967741993945802));
#16548=CARTESIAN_POINT('',(4.29999998211861,11.700000037998,5.14090048309157E-8));
#16549=CARTESIAN_POINT('',(-4.9,11.700000037998,5.14090070513618E-8));
#16550=CARTESIAN_POINT('',(3.88518517083592,12.4259259577427,-0.414814759873683));
#16551=CARTESIAN_POINT('Origin',(4.29999998211861,11.700000037998,5.0000000692904));
#16552=CARTESIAN_POINT('',(4.12857143240315,12.,-1.20714283016111));
#16553=CARTESIAN_POINT('',(4.12857143240316,12.,2.5000000346452));
#16554=CARTESIAN_POINT('',(4.29999998211861,11.700000037998,-1.399999948591));
#16555=CARTESIAN_POINT('',(4.29999998211861,11.700000037998,5.0000000692904));
#16556=CARTESIAN_POINT('',(2.4360703704032,14.9618768584999,0.696920864588834));
#16557=CARTESIAN_POINT('Origin',(-4.9,11.700000037998,5.14090070513618E-8));
#16558=CARTESIAN_POINT('',(1.69285710054849,12.,-0.171428498306447));
#16559=CARTESIAN_POINT('',(2.72857143240315,12.,-0.171428498306447));
#16560=CARTESIAN_POINT('',(-2.45,12.,-0.171428498306444));
#16561=CARTESIAN_POINT('',(1.49999998211861,11.700000037998,5.14090059411387E-8));
#16562=CARTESIAN_POINT('',(0.577565956588758,10.2651026649515,0.819941407435538));
#16563=CARTESIAN_POINT('',(-4.9,11.700000037998,5.14090070513618E-8));
#16564=CARTESIAN_POINT('',(2.62345677577419,12.1839506491007,-0.27654315493541));
#16565=CARTESIAN_POINT('Origin',(2.89999998211861,11.700000037998,5.0000000692904));
#16566=CARTESIAN_POINT('',(2.72857143240315,12.,-1.20714283016111));
#16567=CARTESIAN_POINT('',(2.72857143240316,12.,2.5000000346452));
#16568=CARTESIAN_POINT('',(2.89999998211861,11.700000037998,-1.399999948591));
#16569=CARTESIAN_POINT('',(2.89999998211861,11.700000037998,5.0000000692904));
#16570=CARTESIAN_POINT('',(1.16744866952344,14.7319648350395,0.54912027807857));
#16571=CARTESIAN_POINT('Origin',(-4.9,11.700000037998,5.14090070513618E-8));
#16572=CARTESIAN_POINT('',(0.292857100548489,12.,-0.171428498306447));
#16573=CARTESIAN_POINT('',(1.32857143240315,12.,-0.171428498306448));
#16574=CARTESIAN_POINT('',(-2.45,12.,-0.171428498306444));
#16575=CARTESIAN_POINT('',(-0.656158383587196,10.5237536913445,0.672140820925274));
#16576=CARTESIAN_POINT('',(-4.9,11.700000037998,5.14090070513618E-8));
#16577=CARTESIAN_POINT('',(1.36172838071246,11.9419753404587,-0.13827154999714));
#16578=CARTESIAN_POINT('Origin',(1.49999998211861,11.700000037998,5.0000000692904));
#16579=CARTESIAN_POINT('',(1.32857143240315,12.,-1.20714283016111));
#16580=CARTESIAN_POINT('',(1.32857143240316,12.,2.5000000346452));
#16581=CARTESIAN_POINT('',(1.4999999821186,11.700000037998,-1.39999994859099));
#16582=CARTESIAN_POINT('',(1.49999998211861,11.700000037998,5.0000000692904));
#16583=CARTESIAN_POINT('',(-0.101173031356329,14.5020528115791,0.401319691568308));
#16584=CARTESIAN_POINT('Origin',(-4.9,11.700000037998,5.14090070513618E-8));
#16585=CARTESIAN_POINT('',(-3.90714289945151,12.,-0.171428498306446));
#16586=CARTESIAN_POINT('',(-2.87142856759685,12.,-0.171428498306447));
#16587=CARTESIAN_POINT('',(-2.45,12.,-0.171428498306444));
#16588=CARTESIAN_POINT('',(-4.10000001788139,11.700000037998,5.14090070513618E-8));
#16589=CARTESIAN_POINT('',(-4.35733140411506,11.2997067705234,0.228739061394482));
#16590=CARTESIAN_POINT('',(-4.9,11.700000037998,5.14090070513618E-8));
#16591=CARTESIAN_POINT('',(-2.42345680447272,11.2160494145328,0.276543264817675));
#16592=CARTESIAN_POINT('Origin',(-2.70000001788139,11.700000037998,5.0000000692904));
#16593=CARTESIAN_POINT('',(-2.87142856759685,12.,-1.20714283016111));
#16594=CARTESIAN_POINT('',(-2.87142856759684,12.,2.5000000346452));
#16595=CARTESIAN_POINT('',(-3.90703813399563,13.8123167411979,-0.0420820679624845));
#16596=CARTESIAN_POINT('Origin',(-4.9,13.1000000067055,-1.89999996870756));
#16597=CARTESIAN_POINT('',(1.32857143240316,12.,-2.60714283016111));
#16598=CARTESIAN_POINT('',(0.292857100548489,12.,-2.60714283016111));
#16599=CARTESIAN_POINT('',(-2.45,12.,-2.60714283016111));
#16600=CARTESIAN_POINT('',(1.49999998211861,11.700000037998,-2.79999994859099));
#16601=CARTESIAN_POINT('',(-0.248973617866592,14.7607038379721,-0.832404648607646));
#16602=CARTESIAN_POINT('',(-4.9,11.700000037998,-2.79999994859099));
#16603=CARTESIAN_POINT('',(1.11312846221945,13.2759776737104,-1.78687146849015));
#16604=CARTESIAN_POINT('Origin',(0.999999962002038,13.1000000067055,5.0000000692904));
#16605=CARTESIAN_POINT('',(0.292857100548489,12.,-1.57142849830645));
#16606=CARTESIAN_POINT('',(0.292857100548488,12.,2.5000000346452));
#16607=CARTESIAN_POINT('',(-0.80395897009746,10.2938416678841,-0.596480879954493));
#16608=CARTESIAN_POINT('Origin',(-4.9,13.1000000067055,-1.89999996870756));
#16609=CARTESIAN_POINT('',(2.72857143240316,12.,-2.60714283016111));
#16610=CARTESIAN_POINT('',(1.69285710054849,12.,-2.60714283016111));
#16611=CARTESIAN_POINT('',(-2.45,12.,-2.60714283016111));
#16612=CARTESIAN_POINT('',(2.89999998211861,11.700000037998,-2.799999948591));
#16613=CARTESIAN_POINT('',(1.01964808301317,14.9906158614325,-0.684604062097383));
#16614=CARTESIAN_POINT('',(-4.9,11.700000037998,-2.79999994859099));
#16615=CARTESIAN_POINT('',(2.3547485739513,13.0296089586266,-1.9452513567583));
#16616=CARTESIAN_POINT('Origin',(2.39999996200204,13.1000000067055,5.0000000692904));
#16617=CARTESIAN_POINT('',(1.69285710054849,12.,-1.57142849830645));
#16618=CARTESIAN_POINT('',(1.69285710054849,12.,2.5000000346452));
#16619=CARTESIAN_POINT('',(1.49999998211861,11.700000037998,5.0000000692904));
#16620=CARTESIAN_POINT('',(0.429765370078493,10.0351906414911,-0.448680293444229));
#16621=CARTESIAN_POINT('Origin',(-2.70000001788139,11.700000037998,5.0000000692904));
#16622=CARTESIAN_POINT('',(-2.87142856759685,12.,-1.57142849830644));
#16623=CARTESIAN_POINT('',(-2.87142856759685,12.,-2.60714283016111));
#16624=CARTESIAN_POINT('',(-2.87142856759684,12.,2.5000000346452));
#16625=CARTESIAN_POINT('',(-2.28518519953445,10.9740741058908,-0.985185130244052));
#16626=CARTESIAN_POINT('',(-4.05483872050589,14.0709677675908,-1.27580640813844));
#16627=CARTESIAN_POINT('Origin',(3.79999996200204,13.1000000067055,5.0000000692904));
#16628=CARTESIAN_POINT('',(3.09285710054849,12.,0.19285716983889));
#16629=CARTESIAN_POINT('',(3.09285710054849,12.,1.22857150169355));
#16630=CARTESIAN_POINT('',(3.09285710054849,12.,2.5000000346452));
#16631=CARTESIAN_POINT('',(3.27960890914683,12.2905028133752,0.379608978437228));
#16632=CARTESIAN_POINT('',(2.89999998211861,11.700000037998,5.0000000692904));
#16633=CARTESIAN_POINT('',(1.95909088327497,10.236363662019,2.23636369482557));
#16634=CARTESIAN_POINT('Origin',(-4.9,11.700000037998,1.40000005140901));
#16635=CARTESIAN_POINT('',(4.12857143240315,12.,1.22857150169355));
#16636=CARTESIAN_POINT('',(-2.45,12.,1.22857150169355));
#16637=CARTESIAN_POINT('',(4.29999998211861,11.700000037998,1.400000051409));
#16638=CARTESIAN_POINT('',(-4.9,11.700000037998,1.40000005140901));
#16639=CARTESIAN_POINT('',(3.74691356589765,12.6679012663846,0.846913635188045));
#16640=CARTESIAN_POINT('Origin',(-2.70000001788139,11.700000037998,5.0000000692904));
#16641=CARTESIAN_POINT('',(-2.87142856759685,12.,2.62857150169355));
#16642=CARTESIAN_POINT('',(-2.87142856759685,12.,1.59285716983889));
#16643=CARTESIAN_POINT('',(-2.87142856759684,12.,2.5000000346452));
#16644=CARTESIAN_POINT('',(-2.70000001434927,11.7000000318167,2.80000005494113));
#16645=CARTESIAN_POINT('',(-3.6114369609751,13.2950146884119,2.42536661238942));
#16646=CARTESIAN_POINT('Origin',(-4.9,13.1000000067055,0.900000031292438));
#16647=CARTESIAN_POINT('',(2.72857143240315,12.,0.192857169838888));
#16648=CARTESIAN_POINT('',(1.69285710054849,12.,0.192857169838889));
#16649=CARTESIAN_POINT('',(-2.45,12.,0.192857169838889));
#16650=CARTESIAN_POINT('',(1.3152492560337,14.4733138086465,1.78284461825452));
#16651=CARTESIAN_POINT('',(2.03798879741499,12.536871528459,0.537988866705383));
#16652=CARTESIAN_POINT('Origin',(2.39999996200204,13.1000000067055,5.0000000692904));
#16653=CARTESIAN_POINT('',(1.69285710054849,12.,1.22857150169355));
#16654=CARTESIAN_POINT('',(1.69285710054849,12.,2.5000000346452));
#16655=CARTESIAN_POINT('',(1.49999998211861,11.700000037998,5.0000000692904));
#16656=CARTESIAN_POINT('',(0.725366543099021,10.4950146884119,2.0885631083153));
#16657=CARTESIAN_POINT('Origin',(-4.9,13.1000000067055,0.900000031292438));
#16658=CARTESIAN_POINT('',(1.32857143240315,12.,0.192857169838887));
#16659=CARTESIAN_POINT('',(0.292857100548489,12.,0.192857169838888));
#16660=CARTESIAN_POINT('',(-2.45,12.,0.192857169838889));
#16661=CARTESIAN_POINT('',(0.0466275551539347,14.2434017851861,1.63504403174426));
#16662=CARTESIAN_POINT('',(0.796368685683141,12.7832402435428,0.69636875497354));
#16663=CARTESIAN_POINT('Origin',(0.999999962002038,13.1000000067055,5.0000000692904));
#16664=CARTESIAN_POINT('',(0.292857100548489,12.,1.22857150169355));
#16665=CARTESIAN_POINT('',(0.292857100548488,12.,2.5000000346452));
#16666=CARTESIAN_POINT('',(-0.508357797076933,10.7536657148049,1.94076252180504));
#16667=CARTESIAN_POINT('Origin',(-4.9,13.1000000067055,0.900000031292438));
#16668=CARTESIAN_POINT('',(-2.87142856759685,12.,0.192857169838889));
#16669=CARTESIAN_POINT('',(-3.90714289945151,12.,0.19285716983889));
#16670=CARTESIAN_POINT('',(-2.45,12.,0.192857169838889));
#16671=CARTESIAN_POINT('',(-3.75923754748536,13.5536657148049,1.19164227221347));
#16672=CARTESIAN_POINT('',(-2.92849164951239,13.5223463887942,1.17150841977801));
#16673=CARTESIAN_POINT('Origin',(-3.20000003799796,13.1000000067055,5.0000000692904));
#16674=CARTESIAN_POINT('',(-3.90714289945151,12.,1.22857150169355));
#16675=CARTESIAN_POINT('',(-3.90714289945151,12.,2.5000000346452));
#16676=CARTESIAN_POINT('',(-4.10000001788139,11.700000037998,1.40000005140901));
#16677=CARTESIAN_POINT('',(-4.10000001788139,11.700000037998,5.0000000692904));
#16678=CARTESIAN_POINT('',(-4.20953081760479,11.5296187939838,1.49736076227425));
#16679=CARTESIAN_POINT('Origin',(-4.9,11.700000037998,-2.79999994859099));
#16680=CARTESIAN_POINT('',(0.292857100548489,12.,-2.97142849830645));
#16681=CARTESIAN_POINT('',(1.32857143240316,12.,-2.97142849830645));
#16682=CARTESIAN_POINT('',(-2.45,12.,-2.97142849830644));
#16683=CARTESIAN_POINT('',(-0.951759556607724,10.0639296444237,-1.86510258083426));
#16684=CARTESIAN_POINT('',(1.63827159058901,11.4580247231748,-2.6617283401206));
#16685=CARTESIAN_POINT('Origin',(1.49999998211861,11.700000037998,5.0000000692904));
#16686=CARTESIAN_POINT('',(1.32857143240315,12.,-4.00714283016112));
#16687=CARTESIAN_POINT('',(1.32857143240316,12.,2.5000000346452));
#16688=CARTESIAN_POINT('',(1.4999999821186,11.700000037998,-4.19999994859099));
#16689=CARTESIAN_POINT('',(1.49999998211861,11.700000037998,5.0000000692904));
#16690=CARTESIAN_POINT('',(-0.396774204376857,15.019354864365,-2.0661289887836));
#16691=CARTESIAN_POINT('Origin',(0.0999999821186059,11.700000037998,5.0000000692904));
#16692=CARTESIAN_POINT('',(-0.0714285675968454,12.,-4.37142849830644));
#16693=CARTESIAN_POINT('',(-0.0714285675968455,12.,-4.49943314543991));
#16694=CARTESIAN_POINT('',(-0.071428567596844,12.,2.5000000346452));
#16695=CARTESIAN_POINT('',(0.514814800465547,10.9740741058908,-3.78518513024405));
#16696=CARTESIAN_POINT('',(0.0999999821186059,11.700000037998,-4.95724910645231));
#16697=CARTESIAN_POINT('',(0.0999999821186059,11.700000037998,5.0000000692904));
#16698=CARTESIAN_POINT('',(2.89705879901567E-10,11.8750000056916,-4.83071898193527));
#16699=CARTESIAN_POINT('Ctrl Pts',(5.79412835226428E-10,11.8750000056916,
-4.83071898193527));
#16700=CARTESIAN_POINT('Ctrl Pts',(0.00244521466125324,11.8707208810483,
-4.83557105337545));
#16701=CARTESIAN_POINT('Ctrl Pts',(0.00490328767077507,11.8664192532817,
-4.84025651495684));
#16702=CARTESIAN_POINT('Ctrl Pts',(0.0326311968077268,11.817895412292,-4.89118109917366));
#16703=CARTESIAN_POINT('Ctrl Pts',(0.0679107309437768,11.7561562275539,
-4.93338286398417));
#16704=CARTESIAN_POINT('Ctrl Pts',(0.0999999821186061,11.700000037998,-4.95724910645231));
#16705=CARTESIAN_POINT('Ctrl Pts',(-0.0714285675968442,12.,-4.49943314543991));
#16706=CARTESIAN_POINT('Ctrl Pts',(-0.0714285675968442,12.,-4.55876016338876));
#16707=CARTESIAN_POINT('Ctrl Pts',(-0.0637824702811428,11.9866193296975,
-4.62826452111278));
#16708=CARTESIAN_POINT('Ctrl Pts',(-0.0400523168521655,11.9450915611968,
-4.73436743154293));
#16709=CARTESIAN_POINT('Ctrl Pts',(-0.0208513591723421,11.9114898852571,
-4.78934334620188));
#16710=CARTESIAN_POINT('Ctrl Pts',(5.79412835226428E-10,11.8750000056916,
-4.83071898193527));
#16711=CARTESIAN_POINT('Origin',(0.999999962002038,13.1000000067055,5.0000000692904));
#16712=CARTESIAN_POINT('',(0.292857100548489,12.,-4.49046048743451));
#16713=CARTESIAN_POINT('Ctrl Pts',(0.0999999821186057,11.700000037998,-4.95724910645231));
#16714=CARTESIAN_POINT('Ctrl Pts',(0.10023235382658,11.7003615050993,-4.95708662963306));
#16715=CARTESIAN_POINT('Ctrl Pts',(0.100464386396212,11.700722444652,-4.95692386389582));
#16716=CARTESIAN_POINT('Ctrl Pts',(0.136904399074917,11.7574069088189,-4.93127961846048));
#16717=CARTESIAN_POINT('Ctrl Pts',(0.176755488665362,11.8193974926262,-4.88700553810599));
#16718=CARTESIAN_POINT('Ctrl Pts',(0.231321749639328,11.9042783430302,-4.79456319703405));
#16719=CARTESIAN_POINT('Ctrl Pts',(0.256675380043164,11.9437173236584,-4.73191748540456));
#16720=CARTESIAN_POINT('Ctrl Pts',(0.284384623207723,11.9868205908033,-4.61868495545112));
#16721=CARTESIAN_POINT('Ctrl Pts',(0.292857100548487,12.,-4.5495411175104));
#16722=CARTESIAN_POINT('Ctrl Pts',(0.292857100548487,12.,-4.49046048743451));
#16723=CARTESIAN_POINT('',(0.292857100548489,12.,-4.37142849830645));
#16724=CARTESIAN_POINT('',(-1.09956014311799,9.83401762096326,-3.13372428171402));
#16725=CARTESIAN_POINT('',(0.292857100548488,12.,2.5000000346452));
#16726=CARTESIAN_POINT('Origin',(-4.9,11.700000037998,-4.19999994859099));
#16727=CARTESIAN_POINT('',(1.06799510988885,12.,-4.37142849830645));
#16728=CARTESIAN_POINT('',(-2.45,12.,-4.37142849830644));
#16729=CARTESIAN_POINT('',(-4.9,11.700000037998,-4.19999994859099));
#16730=CARTESIAN_POINT('',(1.3311589170426,11.995471901881,-4.368841013667));
#16731=CARTESIAN_POINT('',(1.77654319552728,11.2160494145328,-3.92345673518232));
#16732=CARTESIAN_POINT('Ctrl Pts',(1.06799510988885,12.,-4.37142849830644));
#16733=CARTESIAN_POINT('Ctrl Pts',(1.15297503370568,12.,-4.37142849830644));
#16734=CARTESIAN_POINT('Ctrl Pts',(1.24122332451917,11.9987789342695,-4.37073074646047));
#16735=CARTESIAN_POINT('Ctrl Pts',(1.3311589170426,11.995471901881,-4.368841013667));
#16736=CARTESIAN_POINT('Origin',(1.49999998211861,11.700000037998,5.0000000692904));
#16737=CARTESIAN_POINT('',(1.49999998211861,11.700000037998,-4.72591988437068));
#16738=CARTESIAN_POINT('Ctrl Pts',(1.3311589170426,11.995471901881,-4.368841013667));
#16739=CARTESIAN_POINT('Ctrl Pts',(1.3343734753039,11.9898464249237,-4.41126097735457));
#16740=CARTESIAN_POINT('Ctrl Pts',(1.34103613339203,11.9781867732695,-4.45384832577829));
#16741=CARTESIAN_POINT('Ctrl Pts',(1.36249284602483,11.9406375261621,-4.54396881751822));
#16742=CARTESIAN_POINT('Ctrl Pts',(1.38502658626143,11.901203480748,-4.60022771094016));
#16743=CARTESIAN_POINT('Ctrl Pts',(1.43351008185437,11.8163573634604,-4.67760153050637));
#16744=CARTESIAN_POINT('Ctrl Pts',(1.46823216342398,11.7555937207135,-4.71035341096711));
#16745=CARTESIAN_POINT('Ctrl Pts',(1.49951602922866,11.7008469555554,-4.72568494709018));
#16746=CARTESIAN_POINT('Ctrl Pts',(1.49975782459616,11.7004238136622,-4.72580270126818));
#16747=CARTESIAN_POINT('Ctrl Pts',(1.49999998211861,11.700000037998,-4.72591988437068));
#16748=CARTESIAN_POINT('',(1.49999998211861,11.700000037998,5.0000000692904));
#16749=CARTESIAN_POINT('Origin',(2.39999996200204,13.1000000067055,5.0000000692904));
#16750=CARTESIAN_POINT('',(1.6746106112839,11.9716165722551,-4.35520939673792));
#16751=CARTESIAN_POINT('Ctrl Pts',(1.49999998211861,11.700000037998,-4.72591988437068));
#16752=CARTESIAN_POINT('Ctrl Pts',(1.53658421951661,11.7569088517282,-4.68825000353284));
#16753=CARTESIAN_POINT('Ctrl Pts',(1.57523389836143,11.8170305743757,-4.63122459949928));
#16754=CARTESIAN_POINT('Ctrl Pts',(1.62994146053147,11.9021312266402,-4.5184669289034));
#16755=CARTESIAN_POINT('Ctrl Pts',(1.6560220901638,11.9427010949572,-4.44262725555994));
#16756=CARTESIAN_POINT('Ctrl Pts',(1.67220704823891,11.9678776964073,-4.36720796232727));
#16757=CARTESIAN_POINT('Ctrl Pts',(1.67342686319368,11.969775186337,-4.36126723664346));
#16758=CARTESIAN_POINT('Ctrl Pts',(1.6746106112839,11.9716165722551,-4.35520939673792));
#16759=CARTESIAN_POINT('',(0.134164197057965,9.5753665945703,-2.98592369520376));
#16760=CARTESIAN_POINT('Origin',(-4.9,11.700000037998,-4.19999994859099));
#16761=CARTESIAN_POINT('',(2.63520760694136,11.700000037998,-4.19999994859099));
#16762=CARTESIAN_POINT('Ctrl Pts',(1.6746106112839,11.9716165722551,-4.35520939673792));
#16763=CARTESIAN_POINT('Ctrl Pts',(1.93583921900408,11.9438239970399,-4.33932792518637));
#16764=CARTESIAN_POINT('Ctrl Pts',(2.19448684444773,11.8904678159665,-4.30883867885875));
#16765=CARTESIAN_POINT('Ctrl Pts',(2.48642275746805,11.7765654426061,-4.2437516083671));
#16766=CARTESIAN_POINT('Ctrl Pts',(2.56510970751733,11.7404742001694,-4.2231280412604));
#16767=CARTESIAN_POINT('Ctrl Pts',(2.63520760694136,11.700000037998,-4.19999994859099));
#16768=CARTESIAN_POINT('',(-4.9,11.700000037998,-4.19999994859099));
#16769=CARTESIAN_POINT('Origin',(-4.9,13.1000000067055,-3.29999996870756));
#16770=CARTESIAN_POINT('',(2.047634491124,12.,-4.00714283016111));
#16771=CARTESIAN_POINT('Ctrl Pts',(2.63520760694136,11.700000037998,-4.199999948591));
#16772=CARTESIAN_POINT('Ctrl Pts',(2.63762729025708,11.7118953936346,-4.19235293425316));
#16773=CARTESIAN_POINT('Ctrl Pts',(2.63894381526916,11.7238628854316,-4.18465954666936));
#16774=CARTESIAN_POINT('Ctrl Pts',(2.63961309340072,11.7554816239368,-4.16433321477314));
#16775=CARTESIAN_POINT('Ctrl Pts',(2.63558951733142,11.7799527825284,-4.14860175567856));
#16776=CARTESIAN_POINT('Ctrl Pts',(2.62063081810545,11.8189647232505,-4.12352265092862));
#16777=CARTESIAN_POINT('Ctrl Pts',(2.60704662774402,11.8406199673508,-4.10960142257848));
#16778=CARTESIAN_POINT('Ctrl Pts',(2.5768540874614,11.8745121958324,-4.0878135614117));
#16779=CARTESIAN_POINT('Ctrl Pts',(2.55425155293173,11.8927379916972,-4.07609697835576));
#16780=CARTESIAN_POINT('Ctrl Pts',(2.50586641931962,11.9230447806258,-4.05661404261598));
#16781=CARTESIAN_POINT('Ctrl Pts',(2.4695462485228,11.9391917533454,-4.04623384586766));
#16782=CARTESIAN_POINT('Ctrl Pts',(2.3220237631961,11.9895168750497,-4.01388198191489));
#16783=CARTESIAN_POINT('Ctrl Pts',(2.17259269546512,12.,-4.00714283016111));
#16784=CARTESIAN_POINT('Ctrl Pts',(2.047634491124,12.,-4.00714283016111));
#16785=CARTESIAN_POINT('',(1.69285710054849,12.,-4.00714283016111));
#16786=CARTESIAN_POINT('',(2.51312846221945,13.2759776737104,-3.18687146849015));
#16787=CARTESIAN_POINT('',(-2.45,12.,-4.00714283016111));
#16788=CARTESIAN_POINT('Origin',(2.39999996200204,13.1000000067055,5.0000000692904));
#16789=CARTESIAN_POINT('',(1.69285710054849,12.,-2.97142849830645));
#16790=CARTESIAN_POINT('',(1.69285710054849,12.,2.5000000346452));
#16791=CARTESIAN_POINT('',(0.281964783568229,9.80527861803071,-1.71730199432399));
#16792=CARTESIAN_POINT('Origin',(-4.9,11.700000037998,-2.79999994859099));
#16793=CARTESIAN_POINT('',(2.72857143240315,12.,-2.97142849830645));
#16794=CARTESIAN_POINT('',(-2.45,12.,-2.97142849830644));
#16795=CARTESIAN_POINT('',(2.89999998565073,11.7000000318167,-2.79999994505887));
#16796=CARTESIAN_POINT('Origin',(2.89999998211861,11.700000037998,5.0000000692904));
#16797=CARTESIAN_POINT('',(2.72857143240316,12.,-3.57839329990789));
#16798=CARTESIAN_POINT('',(2.72857143240316,12.,2.5000000346452));
#16799=CARTESIAN_POINT('',(2.89999998211861,11.700000037998,-4.02173082186738));
#16800=CARTESIAN_POINT('',(2.89999998211861,11.700000037998,5.0000000692904));
#16801=CARTESIAN_POINT('Ctrl Pts',(2.72857143240316,12.,-3.57839329990789));
#16802=CARTESIAN_POINT('Ctrl Pts',(2.72857143240316,12.,-3.65415124992011));
#16803=CARTESIAN_POINT('Ctrl Pts',(2.73655093069169,11.9860358779951,-3.7436268073052));
#16804=CARTESIAN_POINT('Ctrl Pts',(2.76593727144173,11.9346097816825,-3.86605922645257));
#16805=CARTESIAN_POINT('Ctrl Pts',(2.78857158910251,11.8949997257761,-3.92214712369098));
#16806=CARTESIAN_POINT('Ctrl Pts',(2.8371725907448,11.8099479729021,-3.99117880523845));
#16807=CARTESIAN_POINT('Ctrl Pts',(2.87052662466879,11.7515784135351,-4.01523091290778));
#16808=CARTESIAN_POINT('Ctrl Pts',(2.89999998211861,11.700000037998,-4.02173082186738));
#16809=CARTESIAN_POINT('Origin',(3.79999996200204,13.1000000067055,5.0000000692904));
#16810=CARTESIAN_POINT('',(3.09285710054849,12.,-3.26867490370931));
#16811=CARTESIAN_POINT('Ctrl Pts',(2.89999998211861,11.700000037998,-4.02173082186738));
#16812=CARTESIAN_POINT('Ctrl Pts',(2.93535016718545,11.7549892147686,-3.9666525461703));
#16813=CARTESIAN_POINT('Ctrl Pts',(2.97023631040734,11.8092565486693,-3.89346504669705));
#16814=CARTESIAN_POINT('Ctrl Pts',(3.02511776307409,11.8946276972621,-3.74507549096756));
#16815=CARTESIAN_POINT('Ctrl Pts',(3.05272860316377,11.9375778929571,-3.64036153256145));
#16816=CARTESIAN_POINT('Ctrl Pts',(3.08306306490922,11.98476483345,-3.46293305869588));
#16817=CARTESIAN_POINT('Ctrl Pts',(3.09285710054849,12.,-3.35767720135141));
#16818=CARTESIAN_POINT('Ctrl Pts',(3.09285710054849,12.,-3.26867490370931));
#16819=CARTESIAN_POINT('',(3.09285710054849,12.,-2.97142849830645));
#16820=CARTESIAN_POINT('',(1.51568912374418,9.54662759163774,-1.56950140781373));
#16821=CARTESIAN_POINT('',(3.09285710054849,12.,2.5000000346452));
#16822=CARTESIAN_POINT('Origin',(-4.9,13.1000000067055,-1.89999996870756));
#16823=CARTESIAN_POINT('',(-3.66780682884088,12.,-2.60714283016111));
#16824=CARTESIAN_POINT('',(-2.45,12.,-2.60714283016111));
#16825=CARTESIAN_POINT('',(-4.0919822809656,11.700000037998,-2.79999994859099));
#16826=CARTESIAN_POINT('',(-4.9,11.700000037998,-2.79999994859099));
#16827=CARTESIAN_POINT('',(-4.09026234499933,11.7151475291478,-2.79026227570893));
#16828=CARTESIAN_POINT('Ctrl Pts',(-4.09026234499934,11.7151475291478,-2.79026227570893));
#16829=CARTESIAN_POINT('Ctrl Pts',(-4.09085481126056,11.710869599388,-2.7930123734117));
#16830=CARTESIAN_POINT('Ctrl Pts',(-4.09135005989247,11.7066304230321,-2.79573755821187));
#16831=CARTESIAN_POINT('Ctrl Pts',(-4.09183398615272,11.7016312751394,-2.79895129614295));
#16832=CARTESIAN_POINT('Ctrl Pts',(-4.0919096571111,11.7008165405041,-2.79947505412278));
#16833=CARTESIAN_POINT('Ctrl Pts',(-4.0919822809656,11.700000037998,-2.79999994859099));
#16834=CARTESIAN_POINT('',(-3.95591101725433,11.9241384834178,-2.65591094796393));
#16835=CARTESIAN_POINT('',(-2.61173187297608,14.0150838189618,-1.31173180368568));
#16836=CARTESIAN_POINT('Ctrl Pts',(-3.66780682884088,12.,-2.60714283016111));
#16837=CARTESIAN_POINT('Ctrl Pts',(-3.74042957736245,12.,-2.60714283016111));
#16838=CARTESIAN_POINT('Ctrl Pts',(-3.8260768432308,11.9864573547316,-2.61584881640507));
#16839=CARTESIAN_POINT('Ctrl Pts',(-3.91278838031749,11.9496927169101,-2.63948322643318));
#16840=CARTESIAN_POINT('Ctrl Pts',(-3.93518220858739,11.9379778997852,-2.64701418029922));
#16841=CARTESIAN_POINT('Ctrl Pts',(-3.95591101725433,11.9241384834178,-2.65591094796393));
#16842=CARTESIAN_POINT('Origin',(-4.9,11.700000037998,-2.79999994859099));
#16843=CARTESIAN_POINT('',(3.37943979825126,12.,-2.97142849830645));
#16844=CARTESIAN_POINT('',(-2.45,12.,-2.97142849830644));
#16845=CARTESIAN_POINT('',(4.0919822809656,11.700000037998,-2.799999948591));
#16846=CARTESIAN_POINT('',(-4.9,11.700000037998,-2.79999994859099));
#16847=CARTESIAN_POINT('Ctrl Pts',(3.37943979825126,12.,-2.97142849830645));
#16848=CARTESIAN_POINT('Ctrl Pts',(3.46548246079357,12.,-2.97142849830645));
#16849=CARTESIAN_POINT('Ctrl Pts',(3.56721586050241,11.9846852969131,-2.96267723939965));
#16850=CARTESIAN_POINT('Ctrl Pts',(3.73665477213126,11.9369933770938,-2.9354247137886));
#16851=CARTESIAN_POINT('Ctrl Pts',(3.83543254171407,11.8940032025878,-2.91085889978521));
#16852=CARTESIAN_POINT('Ctrl Pts',(3.97408850547499,11.8086423218693,-2.86208125366036));
#16853=CARTESIAN_POINT('Ctrl Pts',(4.04171530372798,11.7546476693067,-2.83122716648172));
#16854=CARTESIAN_POINT('Ctrl Pts',(4.0919822809656,11.700000037998,-2.799999948591));
#16855=CARTESIAN_POINT('Origin',(-4.9,13.1000000067055,-1.89999996870756));
#16856=CARTESIAN_POINT('',(3.66780682884088,12.,-2.60714283016111));
#16857=CARTESIAN_POINT('Ctrl Pts',(4.0919822809656,11.700000037998,-2.799999948591));
#16858=CARTESIAN_POINT('Ctrl Pts',(4.0919096571111,11.7008165405041,-2.79947505412278));
#16859=CARTESIAN_POINT('Ctrl Pts',(4.09183398615272,11.7016312751394,-2.79895129614295));
#16860=CARTESIAN_POINT('Ctrl Pts',(4.08677666195009,11.7538754158434,-2.76536577711895));
#16861=CARTESIAN_POINT('Ctrl Pts',(4.06447714271491,11.8128876545094,-2.72742933797648));
#16862=CARTESIAN_POINT('Ctrl Pts',(3.99776675687592,11.8974368831122,-2.67307626244614));
#16863=CARTESIAN_POINT('Ctrl Pts',(3.94387400265115,11.9365127908593,-2.64795603603726));
#16864=CARTESIAN_POINT('Ctrl Pts',(3.8260768432308,11.9864573547316,-2.61584881640507));
#16865=CARTESIAN_POINT('Ctrl Pts',(3.74042957736244,12.,-2.60714283016111));
#16866=CARTESIAN_POINT('Ctrl Pts',(3.66780682884088,12.,-2.60714283016111));
#16867=CARTESIAN_POINT('',(3.09285710054849,12.,-2.60714283016111));
#16868=CARTESIAN_POINT('',(3.59636868568314,12.7832402435428,-2.10363124502646));
#16869=CARTESIAN_POINT('',(-2.45,12.,-2.60714283016111));
#16870=CARTESIAN_POINT('Origin',(3.79999996200204,13.1000000067055,5.0000000692904));
#16871=CARTESIAN_POINT('',(3.09285710054849,12.,-1.57142849830645));
#16872=CARTESIAN_POINT('',(3.09285710054849,12.,2.5000000346452));
#16873=CARTESIAN_POINT('',(2.89999998211861,11.700000037998,5.0000000692904));
#16874=CARTESIAN_POINT('',(1.66348971025445,9.77653961509816,-0.300879706933965));
#16875=CARTESIAN_POINT('Origin',(-4.9,11.700000037998,-1.39999994859099));
#16876=CARTESIAN_POINT('',(4.12857143240316,12.,-1.57142849830645));
#16877=CARTESIAN_POINT('',(-2.45,12.,-1.57142849830644));
#16878=CARTESIAN_POINT('',(-4.9,11.700000037998,-1.39999994859099));
#16879=CARTESIAN_POINT('',(4.02345677577419,12.1839506491007,-1.67654315493541));
#16880=CARTESIAN_POINT('Origin',(4.29999998211861,11.700000037998,5.0000000692904));
#16881=CARTESIAN_POINT('',(4.12857143240316,12.,-1.79022305819605));
#16882=CARTESIAN_POINT('',(4.12857143240316,12.,2.5000000346452));
#16883=CARTESIAN_POINT('',(4.29999998211861,11.700000037998,-2.46866742466983));
#16884=CARTESIAN_POINT('',(4.29999998211861,11.700000037998,5.0000000692904));
#16885=CARTESIAN_POINT('Ctrl Pts',(4.12857143240316,12.,-1.79022305819605));
#16886=CARTESIAN_POINT('Ctrl Pts',(4.12857143240316,12.,-1.93244991116748));
#16887=CARTESIAN_POINT('Ctrl Pts',(4.13430305122236,11.9899696670664,-2.1027307053394));
#16888=CARTESIAN_POINT('Ctrl Pts',(4.16898044323124,11.9292842310508,-2.29753435478595));
#16889=CARTESIAN_POINT('Ctrl Pts',(4.1872837836154,11.8972533853786,-2.36589903571212));
#16890=CARTESIAN_POINT('Ctrl Pts',(4.2200721131054,11.8398738087711,-2.42540984393704));
#16891=CARTESIAN_POINT('Ctrl Pts',(4.23204718774762,11.8189174281472,-2.44155004049063));
#16892=CARTESIAN_POINT('Ctrl Pts',(4.25328565895612,11.7817501035323,-2.46042300402468));
#16893=CARTESIAN_POINT('Ctrl Pts',(4.26631531565111,11.7589482043161,-2.46712616883326));
#16894=CARTESIAN_POINT('Ctrl Pts',(4.28450039242994,11.7271243199531,-2.4703419871718));
#16895=CARTESIAN_POINT('Ctrl Pts',(4.29234439199422,11.7133973207156,-2.47025849886371));
#16896=CARTESIAN_POINT('Ctrl Pts',(4.29999998211861,11.700000037998,-2.46866742466983));
#16897=CARTESIAN_POINT('Origin',(5.19999996200204,13.1000000067055,5.0000000692904));
#16898=CARTESIAN_POINT('',(4.46025127353776,11.94927982465,-1.54244554096358));
#16899=CARTESIAN_POINT('Ctrl Pts',(4.29999998211861,11.700000037998,-2.46866742466983));
#16900=CARTESIAN_POINT('Ctrl Pts',(4.34091015769568,11.7636380888956,-2.34162558626678));
#16901=CARTESIAN_POINT('Ctrl Pts',(4.37543545112779,11.8173441009011,-2.18699737517867));
#16902=CARTESIAN_POINT('Ctrl Pts',(4.42613665648112,11.8962126425619,-1.89168291546089));
#16903=CARTESIAN_POINT('Ctrl Pts',(4.44620428553546,11.9274289544242,-1.71995667902151));
#16904=CARTESIAN_POINT('Ctrl Pts',(4.46025127353776,11.94927982465,-1.54244554096358));
#16905=CARTESIAN_POINT('',(2.8972140504304,9.51788858870519,-0.153079120423701));
#16906=CARTESIAN_POINT('Origin',(-4.9,11.700000037998,-1.39999994859099));
#16907=CARTESIAN_POINT('',(4.75650279552017,11.700000037998,-1.399999948591));
#16908=CARTESIAN_POINT('Ctrl Pts',(4.46025127353776,11.94927982465,-1.54244554096357));
#16909=CARTESIAN_POINT('Ctrl Pts',(4.51543638419773,11.9259369988588,-1.52910678336859));
#16910=CARTESIAN_POINT('Ctrl Pts',(4.570581604438,11.8925621622316,-1.51003544815307));
#16911=CARTESIAN_POINT('Ctrl Pts',(4.66753930807031,11.816022161602,-1.46629830493617));
#16912=CARTESIAN_POINT('Ctrl Pts',(4.72130003482827,11.7564926846751,-1.43228146097792));
#16913=CARTESIAN_POINT('Ctrl Pts',(4.75650279552017,11.700000037998,-1.399999948591));
#16914=CARTESIAN_POINT('',(-4.9,11.700000037998,-1.39999994859099));
#16915=CARTESIAN_POINT('Origin',(-4.9,13.1000000067055,-0.499999968707562));
#16916=CARTESIAN_POINT('',(4.47947384515269,11.9791816027176,-1.22052608555692));
#16917=CARTESIAN_POINT('Ctrl Pts',(4.75650279552017,11.700000037998,-1.399999948591));
#16918=CARTESIAN_POINT('Ctrl Pts',(4.75617987135329,11.7012152566812,-1.39921873658034));
#16919=CARTESIAN_POINT('Ctrl Pts',(4.75585212193562,11.7024255434045,-1.39844069511538));
#16920=CARTESIAN_POINT('Ctrl Pts',(4.7405936721756,11.7577419981696,-1.36288011705209));
#16921=CARTESIAN_POINT('Ctrl Pts',(4.70812227514847,11.8185473956413,-1.32379093296312));
#16922=CARTESIAN_POINT('Ctrl Pts',(4.63104216369612,11.9028348153567,-1.2696061631461));
#16923=CARTESIAN_POINT('Ctrl Pts',(4.57540365889279,11.941879950383,-1.2445057192006));
#16924=CARTESIAN_POINT('Ctrl Pts',(4.50810142127698,11.9697132899419,-1.22661285805561));
#16925=CARTESIAN_POINT('Ctrl Pts',(4.4940859463234,11.9747582090841,-1.22336969574988));
#16926=CARTESIAN_POINT('Ctrl Pts',(4.47947384515269,11.9791816027176,-1.22052608555692));
#16927=CARTESIAN_POINT('',(4.67960890914683,12.2905028133752,-1.02039102156277));
#16928=CARTESIAN_POINT('Origin',(5.19999996200204,13.1000000067055,5.0000000692904));
#16929=CARTESIAN_POINT('',(4.49285710054849,12.,-0.253447715719184));
#16930=CARTESIAN_POINT('Ctrl Pts',(4.47947384515269,11.9791816027176,-1.22052608555692));
#16931=CARTESIAN_POINT('Ctrl Pts',(4.49345885391558,12.0009360607933,-0.891468813968508));
#16932=CARTESIAN_POINT('Ctrl Pts',(4.49285710054849,12.,-0.55631052652204));
#16933=CARTESIAN_POINT('Ctrl Pts',(4.49285710054849,12.,-0.253447715719184));
#16934=CARTESIAN_POINT('',(4.49285710054849,12.,-0.171428498306447));
#16935=CARTESIAN_POINT('',(3.04501463694066,9.7478006121656,1.11554258045606));
#16936=CARTESIAN_POINT('',(4.49285710054849,12.,2.5000000346452));
#16937=CARTESIAN_POINT('Origin',(-4.9,11.700000037998,5.14090070513618E-8));
#16938=CARTESIAN_POINT('',(4.49673358567312,12.,-0.171428498306448));
#16939=CARTESIAN_POINT('',(-2.45,12.,-0.171428498306444));
#16940=CARTESIAN_POINT('',(4.95825762741772,11.700000037998,5.14090048623888E-8));
#16941=CARTESIAN_POINT('',(-4.9,11.700000037998,5.14090070513618E-8));
#16942=CARTESIAN_POINT('Ctrl Pts',(4.49673358567312,12.,-0.171428498306446));
#16943=CARTESIAN_POINT('Ctrl Pts',(4.55615902888308,12.,-0.171428498306446));
#16944=CARTESIAN_POINT('Ctrl Pts',(4.62578154351268,11.9866082843787,-0.16377608937999));
#16945=CARTESIAN_POINT('Ctrl Pts',(4.73855305353627,11.9427456249435,-0.138711712559868));
#16946=CARTESIAN_POINT('Ctrl Pts',(4.80046723707612,11.9030376949719,-0.116021466861837));
#16947=CARTESIAN_POINT('Ctrl Pts',(4.8908128187136,11.8179007919326,-0.067371807982194));
#16948=CARTESIAN_POINT('Ctrl Pts',(4.93372017961436,11.7562223820049,-0.0321270023092401));
#16949=CARTESIAN_POINT('Ctrl Pts',(4.95825762741772,11.700000037998,5.14090048623888E-8));
#16950=CARTESIAN_POINT('Origin',(-4.9,13.1000000067055,0.900000031292438));
#16951=CARTESIAN_POINT('',(4.49586552096412,12.,0.192857169838888));
#16952=CARTESIAN_POINT('Ctrl Pts',(4.95825762741772,11.700000037998,5.14090048623888E-8));
#16953=CARTESIAN_POINT('Ctrl Pts',(4.95805633008817,11.7004612680115,0.000296556417722133));
#16954=CARTESIAN_POINT('Ctrl Pts',(4.95785454699953,11.7009216506688,0.000592516697409322));
#16955=CARTESIAN_POINT('Ctrl Pts',(4.93292459208453,11.7575618320456,0.0370040618682172));
#16956=CARTESIAN_POINT('Ctrl Pts',(4.88951711222116,11.8194877392575,0.0768135736472659));
#16957=CARTESIAN_POINT('Ctrl Pts',(4.79829800719951,11.9042975134573,0.131334142775731));
#16958=CARTESIAN_POINT('Ctrl Pts',(4.73630177151988,11.9436878428416,0.156656497379923));
#16959=CARTESIAN_POINT('Ctrl Pts',(4.62376304747748,11.9868354100494,0.184394219156376));
#16960=CARTESIAN_POINT('Ctrl Pts',(4.55479778005772,12.,0.192857169838888));
#16961=CARTESIAN_POINT('Ctrl Pts',(4.49586552096412,12.,0.192857169838888));
#16962=CARTESIAN_POINT('',(4.49285710054849,12.,0.192857169838887));
#16963=CARTESIAN_POINT('',(4.52122902087867,12.0441340982914,0.221229090169071));
#16964=CARTESIAN_POINT('',(-2.45,12.,0.192857169838889));
#16965=CARTESIAN_POINT('Origin',(5.19999996200204,13.1000000067055,5.0000000692904));
#16966=CARTESIAN_POINT('',(4.49285710054849,12.,0.253447715719183));
#16967=CARTESIAN_POINT('',(4.49285710054849,12.,2.5000000346452));
#16968=CARTESIAN_POINT('',(4.29999998211861,11.700000037998,5.0000000692904));
#16969=CARTESIAN_POINT('',(4.47857187757348,11.9777785420389,1.24126947767134));
#16970=CARTESIAN_POINT('',(3.19281522345093,9.97771263562601,2.38416428133583));
#16971=CARTESIAN_POINT('Ctrl Pts',(4.49285710054849,12.,0.253447715719183));
#16972=CARTESIAN_POINT('Ctrl Pts',(4.49285710054849,12.,0.562675131409837));
#16973=CARTESIAN_POINT('Ctrl Pts',(4.49350094289535,12.0010015325396,0.905577592469281));
#16974=CARTESIAN_POINT('Ctrl Pts',(4.47857187757348,11.9777785420389,1.24126947767134));
#16975=CARTESIAN_POINT('Origin',(-4.9,11.700000037998,2.80000005140901));
#16976=CARTESIAN_POINT('',(-3.96455014033418,11.9106998475158,2.67960016025593));
#16977=CARTESIAN_POINT('',(-3.65248032589318,12.,2.62857150169355));
#16978=CARTESIAN_POINT('Ctrl Pts',(-3.96455014033418,11.9106998475158,2.67960016025593));
#16979=CARTESIAN_POINT('Ctrl Pts',(-3.93848079020619,11.9299813750683,2.66858214451165));
#16980=CARTESIAN_POINT('Ctrl Pts',(-3.90902500752841,11.9460549407475,2.65939724983783));
#16981=CARTESIAN_POINT('Ctrl Pts',(-3.81395255454632,11.9860702427793,2.63653136296252));
#16982=CARTESIAN_POINT('Ctrl Pts',(-3.72654048785904,12.,2.62857150169355));
#16983=CARTESIAN_POINT('Ctrl Pts',(-3.65248032589318,12.,2.62857150169355));
#16984=CARTESIAN_POINT('',(-4.08921461653836,11.716777328976,2.79041302799298));
#16985=CARTESIAN_POINT('',(-4.06173023109453,11.7595308174442,2.76598246315401));
#16986=CARTESIAN_POINT('',(-4.09198221061084,11.700000037998,2.80000005140901));
#16987=CARTESIAN_POINT('Ctrl Pts',(-4.09198221061084,11.700000037998,2.80000005140901));
#16988=CARTESIAN_POINT('Ctrl Pts',(-4.09122156775014,11.705519097488,2.79684630312901));
#16989=CARTESIAN_POINT('Ctrl Pts',(-4.0903033547647,11.7111225755415,2.79364431566981));
#16990=CARTESIAN_POINT('Ctrl Pts',(-4.08921461653836,11.716777328976,2.79041302799298));
#16991=CARTESIAN_POINT('',(-4.9,11.700000037998,2.80000005140901));
#16992=CARTESIAN_POINT('',(-2.45,12.,2.62857150169356));
#16993=CARTESIAN_POINT('Origin',(-4.9,11.700000037998,1.40000005140901));
#16994=CARTESIAN_POINT('',(4.75650276525735,11.700000037998,1.400000051409));
#16995=CARTESIAN_POINT('Ctrl Pts',(4.47857187757348,11.9777785420389,1.24126947767134));
#16996=CARTESIAN_POINT('Ctrl Pts',(4.49229846059227,11.9734958375871,1.24371673735805));
#16997=CARTESIAN_POINT('Ctrl Pts',(4.50549223919864,11.9686755328196,1.24647119722521));
#16998=CARTESIAN_POINT('Ctrl Pts',(4.57237991553641,11.9408873684867,1.26235014827256));
#16999=CARTESIAN_POINT('Ctrl Pts',(4.62884925885759,11.9014556396213,1.28488256476709));
#17000=CARTESIAN_POINT('Ctrl Pts',(4.70693505391272,11.816615674049,1.33336254509414));
#17001=CARTESIAN_POINT('Ctrl Pts',(4.740315863283,11.7557612964064,1.36813647517558));
#17002=CARTESIAN_POINT('Ctrl Pts',(4.75625415958598,11.7008642990194,1.39950618796816));
#17003=CARTESIAN_POINT('Ctrl Pts',(4.75637875312761,11.7004325018462,1.39975292921002));
#17004=CARTESIAN_POINT('Ctrl Pts',(4.75650276525735,11.700000037998,1.400000051409));
#17005=CARTESIAN_POINT('',(-4.9,11.700000037998,1.40000005140901));
#17006=CARTESIAN_POINT('Origin',(-4.9,13.1000000067055,2.30000003129244));
#17007=CARTESIAN_POINT('',(4.45892845372337,11.9472221049387,1.55892852301376));
#17008=CARTESIAN_POINT('Ctrl Pts',(4.75650276525735,11.700000037998,1.400000051409));
#17009=CARTESIAN_POINT('Ctrl Pts',(4.71982667950641,11.75693609933,1.43660180512247));
#17010=CARTESIAN_POINT('Ctrl Pts',(4.66378574855248,11.8173173750611,1.47541833952101));
#17011=CARTESIAN_POINT('Ctrl Pts',(4.56567136498987,11.8925397522972,1.52377558202992));
#17012=CARTESIAN_POINT('Ctrl Pts',(4.51263085230418,11.9243082776785,1.54419820548937));
#17013=CARTESIAN_POINT('Ctrl Pts',(4.45892845372337,11.9472221049387,1.55892852301376));
#17014=CARTESIAN_POINT('',(4.36284913261052,11.7977653832076,1.46284920190091));
#17015=CARTESIAN_POINT('Origin',(5.19999996200204,13.1000000067055,5.0000000692904));
#17016=CARTESIAN_POINT('',(4.29999998211861,11.700000037998,2.46866742466983));
#17017=CARTESIAN_POINT('Ctrl Pts',(4.45892845372336,11.9472221049387,1.55892852301376));
#17018=CARTESIAN_POINT('Ctrl Pts',(4.44495865163598,11.9254913016916,1.73058789105693));
#17019=CARTESIAN_POINT('Ctrl Pts',(4.42528729902489,11.8948914198522,1.8966300865695));
#17020=CARTESIAN_POINT('Ctrl Pts',(4.37543545112779,11.8173441009011,2.18699737517867));
#17021=CARTESIAN_POINT('Ctrl Pts',(4.34091015769568,11.7636380888956,2.34162558626677));
#17022=CARTESIAN_POINT('Ctrl Pts',(4.29999998211861,11.700000037998,2.46866742466983));
#17023=CARTESIAN_POINT('',(4.29999998211861,11.700000037998,5.0000000692904));
#17024=CARTESIAN_POINT('Origin',(4.29999998211861,11.700000037998,5.0000000692904));
#17025=CARTESIAN_POINT('',(4.12857143240316,12.,1.79022305819605));
#17026=CARTESIAN_POINT('Ctrl Pts',(4.29999998211861,11.700000037998,2.46866742466983));
#17027=CARTESIAN_POINT('Ctrl Pts',(4.29234439199422,11.7133973207156,2.47025849886371));
#17028=CARTESIAN_POINT('Ctrl Pts',(4.28450039242994,11.7271243199531,2.4703419871718));
#17029=CARTESIAN_POINT('Ctrl Pts',(4.26631531565111,11.7589482043161,2.46712616883326));
#17030=CARTESIAN_POINT('Ctrl Pts',(4.25328565895612,11.7817501035323,2.46042300402468));
#17031=CARTESIAN_POINT('Ctrl Pts',(4.23204718774762,11.8189174281472,2.44155004049063));
#17032=CARTESIAN_POINT('Ctrl Pts',(4.2200721131054,11.8398738087711,2.42540984393704));
#17033=CARTESIAN_POINT('Ctrl Pts',(4.1872837836154,11.8972533853786,2.36589903571213));
#17034=CARTESIAN_POINT('Ctrl Pts',(4.16898044323124,11.9292842310508,2.29753435478595));
#17035=CARTESIAN_POINT('Ctrl Pts',(4.13430305122236,11.9899696670664,2.1027307053394));
#17036=CARTESIAN_POINT('Ctrl Pts',(4.12857143240316,12.,1.93244991116748));
#17037=CARTESIAN_POINT('Ctrl Pts',(4.12857143240316,12.,1.79022305819605));
#17038=CARTESIAN_POINT('',(4.12857143240316,12.,1.59285716983889));
#17039=CARTESIAN_POINT('',(2.73167154342373,14.444574805714,3.16436954494074));
#17040=CARTESIAN_POINT('',(4.12857143240316,12.,2.5000000346452));
#17041=CARTESIAN_POINT('Origin',(-4.9,13.1000000067055,2.30000003129244));
#17042=CARTESIAN_POINT('',(3.09285710054849,12.,1.59285716983889));
#17043=CARTESIAN_POINT('',(-2.45,12.,1.59285716983889));
#17044=CARTESIAN_POINT('',(3.12122902087867,12.0441340982914,1.62122909016907));
#17045=CARTESIAN_POINT('Origin',(3.79999996200204,13.1000000067055,5.0000000692904));
#17046=CARTESIAN_POINT('',(3.09285710054849,12.,2.62857150169355));
#17047=CARTESIAN_POINT('',(3.09285710054849,12.,2.5000000346452));
#17048=CARTESIAN_POINT('',(2.89999998211861,11.700000037998,2.800000051409));
#17049=CARTESIAN_POINT('',(2.89999998211861,11.700000037998,5.0000000692904));
#17050=CARTESIAN_POINT('',(2.10689146978524,10.4662756854794,3.50498539570533));
#17051=CARTESIAN_POINT('Origin',(-4.9,11.700000037998,2.80000005140901));
#17052=CARTESIAN_POINT('',(3.65248032589318,12.,2.62857150169355));
#17053=CARTESIAN_POINT('',(-2.45,12.,2.62857150169356));
#17054=CARTESIAN_POINT('',(4.09198221061084,11.700000037998,2.800000051409));
#17055=CARTESIAN_POINT('',(-4.9,11.700000037998,2.80000005140901));
#17056=CARTESIAN_POINT('Ctrl Pts',(3.65248032589318,12.,2.62857150169355));
#17057=CARTESIAN_POINT('Ctrl Pts',(3.72654048785904,12.,2.62857150169355));
#17058=CARTESIAN_POINT('Ctrl Pts',(3.81395255454632,11.9860702427793,2.63653136296252));
#17059=CARTESIAN_POINT('Ctrl Pts',(3.9346903878928,11.9352525693473,2.66557003349509));
#17060=CARTESIAN_POINT('Ctrl Pts',(3.99058201054116,11.8956523920091,2.68819870625978));
#17061=CARTESIAN_POINT('Ctrl Pts',(4.06014193120705,11.8105791382282,2.73681199413461));
#17062=CARTESIAN_POINT('Ctrl Pts',(4.0848323497739,11.7518778762626,2.77035557240067));
#17063=CARTESIAN_POINT('Ctrl Pts',(4.09198221061084,11.700000037998,2.800000051409));
#17064=CARTESIAN_POINT('Origin',(-4.9,13.1000000067055,3.70000003129244));
#17065=CARTESIAN_POINT('',(3.36047714342714,12.,2.99285716983889));
#17066=CARTESIAN_POINT('Ctrl Pts',(4.09198221061084,11.700000037998,2.800000051409));
#17067=CARTESIAN_POINT('Ctrl Pts',(4.03843771647489,11.7552738125212,2.83553319217397));
#17068=CARTESIAN_POINT('Ctrl Pts',(3.96658834084621,11.8101484517423,2.87080974595894));
#17069=CARTESIAN_POINT('Ctrl Pts',(3.82177434536686,11.8954764505797,2.92566345949728));
#17070=CARTESIAN_POINT('Ctrl Pts',(3.72018667094746,11.9381939701111,2.95312472205317));
#17071=CARTESIAN_POINT('Ctrl Pts',(3.5482389831865,11.9849331838491,2.98317135945619));
#17072=CARTESIAN_POINT('Ctrl Pts',(3.44653488771636,12.,2.99285716983889));
#17073=CARTESIAN_POINT('Ctrl Pts',(3.36047714342714,12.,2.99285716983889));
#17074=CARTESIAN_POINT('',(3.09285710054849,12.,2.99285716983889));
#17075=CARTESIAN_POINT('',(2.96284913261052,11.7977653832076,2.86284920190091));
#17076=CARTESIAN_POINT('',(-2.45,12.,2.99285716983889));
#17077=CARTESIAN_POINT('Origin',(3.79999996200204,13.1000000067055,5.0000000692904));
#17078=CARTESIAN_POINT('',(3.09285710054849,12.,3.26867490370931));
#17079=CARTESIAN_POINT('',(3.09285710054849,12.,2.5000000346452));
#17080=CARTESIAN_POINT('',(2.89999998211861,11.700000037998,4.02173082186738));
#17081=CARTESIAN_POINT('',(2.89999998211861,11.700000037998,5.0000000692904));
#17082=CARTESIAN_POINT('Ctrl Pts',(3.09285710054849,12.,3.26867490370931));
#17083=CARTESIAN_POINT('Ctrl Pts',(3.09285710054849,12.,3.35767720135141));
#17084=CARTESIAN_POINT('Ctrl Pts',(3.08306306490922,11.98476483345,3.46293305869587));
#17085=CARTESIAN_POINT('Ctrl Pts',(3.05272860316377,11.9375778929571,3.64036153256145));
#17086=CARTESIAN_POINT('Ctrl Pts',(3.0251177630741,11.8946276972621,3.74507549096756));
#17087=CARTESIAN_POINT('Ctrl Pts',(2.97023631040734,11.8092565486693,3.89346504669705));
#17088=CARTESIAN_POINT('Ctrl Pts',(2.93535016718545,11.7549892147686,3.9666525461703));
#17089=CARTESIAN_POINT('Ctrl Pts',(2.89999998211861,11.700000037998,4.02173082186738));
#17090=CARTESIAN_POINT('Origin',(2.89999998211861,11.700000037998,5.0000000692904));
#17091=CARTESIAN_POINT('',(2.72857143240315,12.,3.57839329990789));
#17092=CARTESIAN_POINT('Ctrl Pts',(2.89999998211861,11.700000037998,4.02173082186738));
#17093=CARTESIAN_POINT('Ctrl Pts',(2.87052662466879,11.7515784135351,4.01523091290778));
#17094=CARTESIAN_POINT('Ctrl Pts',(2.8371725907448,11.8099479729021,3.99117880523845));
#17095=CARTESIAN_POINT('Ctrl Pts',(2.78857158910251,11.8949997257761,3.92214712369098));
#17096=CARTESIAN_POINT('Ctrl Pts',(2.76593727144173,11.9346097816825,3.86605922645257));
#17097=CARTESIAN_POINT('Ctrl Pts',(2.73655093069169,11.9860358779951,3.7436268073052));
#17098=CARTESIAN_POINT('Ctrl Pts',(2.72857143240316,12.,3.65415124992011));
#17099=CARTESIAN_POINT('Ctrl Pts',(2.72857143240316,12.,3.57839329990789));
#17100=CARTESIAN_POINT('',(2.72857143240316,12.,2.99285716983889));
#17101=CARTESIAN_POINT('',(1.61085042905423,13.9560117558606,4.25029329860643));
#17102=CARTESIAN_POINT('',(2.72857143240316,12.,2.5000000346452));
#17103=CARTESIAN_POINT('Origin',(-4.9,13.1000000067055,3.70000003129244));
#17104=CARTESIAN_POINT('',(1.69285710054849,12.,2.99285716983889));
#17105=CARTESIAN_POINT('',(-2.45,12.,2.99285716983889));
#17106=CARTESIAN_POINT('',(-4.9,11.700000037998,2.80000005140901));
#17107=CARTESIAN_POINT('',(1.72122902087867,12.0441340982914,3.02122909016907));
#17108=CARTESIAN_POINT('Origin',(2.39999996200204,13.1000000067055,5.0000000692904));
#17109=CARTESIAN_POINT('',(1.69285710054849,12.,4.02857150169355));
#17110=CARTESIAN_POINT('',(1.69285710054849,12.,2.5000000346452));
#17111=CARTESIAN_POINT('',(1.02096771611955,10.9548387353328,4.62580651007483));
#17112=CARTESIAN_POINT('Origin',(-4.9,11.700000037998,4.20000005140901));
#17113=CARTESIAN_POINT('',(2.00514646006091,12.,4.02857150169355));
#17114=CARTESIAN_POINT('',(-2.45,12.,4.02857150169356));
#17115=CARTESIAN_POINT('',(2.63520744306977,11.700000037998,4.20000005140901));
#17116=CARTESIAN_POINT('',(-4.9,11.700000037998,4.20000005140901));
#17117=CARTESIAN_POINT('Ctrl Pts',(2.00514646006091,12.,4.02857150169355));
#17118=CARTESIAN_POINT('Ctrl Pts',(2.1378517670684,12.,4.02857150169355));
#17119=CARTESIAN_POINT('Ctrl Pts',(2.29655654286854,11.9886064799159,4.03508208459877));
#17120=CARTESIAN_POINT('Ctrl Pts',(2.45362834695734,11.9343825843458,4.06606716778164));
#17121=CARTESIAN_POINT('Ctrl Pts',(2.49235515376197,11.917006605174,4.07599629873699));
#17122=CARTESIAN_POINT('Ctrl Pts',(2.54396031118782,11.8844762335524,4.09458508252073));
#17123=CARTESIAN_POINT('Ctrl Pts',(2.56808298754525,11.8650083179502,4.10570960572204));
#17124=CARTESIAN_POINT('Ctrl Pts',(2.60042055006719,11.8288543858957,4.12636899546741));
#17125=CARTESIAN_POINT('Ctrl Pts',(2.61510746496873,11.8058114396234,4.13953639333734));
#17126=CARTESIAN_POINT('Ctrl Pts',(2.63138601297901,11.7645687427423,4.16310364869798));
#17127=CARTESIAN_POINT('Ctrl Pts',(2.63605677458292,11.7389064872557,4.17776779469032));
#17128=CARTESIAN_POINT('Ctrl Pts',(2.63599321713269,11.711694727971,4.19331737142443));
#17129=CARTESIAN_POINT('Ctrl Pts',(2.63573613890619,11.7059025631721,4.19662717988094));
#17130=CARTESIAN_POINT('Ctrl Pts',(2.63520744306977,11.700000037998,4.20000005140901));
#17131=CARTESIAN_POINT('Origin',(-4.9,13.1000000067055,5.10000003129244));
#17132=CARTESIAN_POINT('',(1.67132250315193,11.9665017373831,4.37132257244233));
#17133=CARTESIAN_POINT('Ctrl Pts',(2.63520744306977,11.700000037998,4.20000005140901));
#17134=CARTESIAN_POINT('Ctrl Pts',(2.55841017532698,11.7416074251188,4.22674765741524));
#17135=CARTESIAN_POINT('Ctrl Pts',(2.47709323708698,11.7767004311446,4.24930744700328));
#17136=CARTESIAN_POINT('Ctrl Pts',(2.18132022261614,11.8856344909015,4.3193364854184));
#17137=CARTESIAN_POINT('Ctrl Pts',(1.92852560220114,11.93773539048,4.35282992086173));
#17138=CARTESIAN_POINT('Ctrl Pts',(1.67132250315193,11.9665017373831,4.37132257244233));
#17139=CARTESIAN_POINT('',(1.56284913261052,11.7977653832076,4.26284920190091));
#17140=CARTESIAN_POINT('Origin',(2.39999996200204,13.1000000067055,5.0000000692904));
#17141=CARTESIAN_POINT('',(1.49999998211861,11.700000037998,4.72591988437068));
#17142=CARTESIAN_POINT('Ctrl Pts',(1.67132250315193,11.9665017373831,4.37132257244233));
#17143=CARTESIAN_POINT('Ctrl Pts',(1.67120243448193,11.9663149638965,4.37188690060375));
#17144=CARTESIAN_POINT('Ctrl Pts',(1.67108211446065,11.9661277994189,4.37244997222908));
#17145=CARTESIAN_POINT('Ctrl Pts',(1.6560220901638,11.9427010949572,4.44262725555994));
#17146=CARTESIAN_POINT('Ctrl Pts',(1.62994146053147,11.9021312266402,4.5184669289034));
#17147=CARTESIAN_POINT('Ctrl Pts',(1.57523389836143,11.8170305743757,4.63122459949928));
#17148=CARTESIAN_POINT('Ctrl Pts',(1.53658421951661,11.7569088517282,4.68825000353284));
#17149=CARTESIAN_POINT('Ctrl Pts',(1.49999998211861,11.700000037998,4.72591988437068));
#17150=CARTESIAN_POINT('',(1.49999998211861,11.700000037998,5.0000000692904));
#17151=CARTESIAN_POINT('Origin',(-0.400000037997962,13.1000000067055,5.0000000692904));
#17152=CARTESIAN_POINT('',(-1.10714289945151,12.,-2.97142849830645));
#17153=CARTESIAN_POINT('',(-1.10714289945151,12.,2.5000000346452));
#17154=CARTESIAN_POINT('',(-1.30000001788139,11.700000037998,5.0000000692904));
#17155=CARTESIAN_POINT('',(-2.18548389678368,10.3225806708166,-2.01290316734452));
#17156=CARTESIAN_POINT('Origin',(-0.400000037997962,13.1000000067055,5.0000000692904));
#17157=CARTESIAN_POINT('',(-1.10714289945151,12.,-1.57142849830645));
#17158=CARTESIAN_POINT('',(-1.10714289945151,12.,2.5000000346452));
#17159=CARTESIAN_POINT('',(-1.30000001788139,11.700000037998,5.0000000692904));
#17160=CARTESIAN_POINT('',(-2.03768331027341,10.552492694277,-0.744281466464758));
#17161=CARTESIAN_POINT('Origin',(-0.400000037997962,13.1000000067055,5.0000000692904));
#17162=CARTESIAN_POINT('',(-1.10714289945151,12.,-0.171428498306447));
#17163=CARTESIAN_POINT('',(-1.10714289945151,12.,2.5000000346452));
#17164=CARTESIAN_POINT('',(-1.30000001788139,11.700000037998,5.0000000692904));
#17165=CARTESIAN_POINT('',(-1.88988272376315,10.7824047177374,0.52434023441501));
#17166=CARTESIAN_POINT('Origin',(-0.400000037997962,13.1000000067055,5.0000000692904));
#17167=CARTESIAN_POINT('',(-1.10714289945151,12.,1.22857150169356));
#17168=CARTESIAN_POINT('',(-1.10714289945151,12.,2.5000000346452));
#17169=CARTESIAN_POINT('',(-1.30000001788139,11.700000037998,5.0000000692904));
#17170=CARTESIAN_POINT('',(-1.74208213725288,11.0123167411979,1.79296193529478));
#17171=CARTESIAN_POINT('Origin',(-0.400000037997962,13.1000000067055,5.0000000692904));
#17172=CARTESIAN_POINT('',(-1.10714289945151,12.,2.62857150169356));
#17173=CARTESIAN_POINT('',(-1.10714289945151,12.,2.5000000346452));
#17174=CARTESIAN_POINT('',(-1.30000001788139,11.700000037998,5.0000000692904));
#17175=CARTESIAN_POINT('',(-1.59428155074262,11.2422287646583,3.06158363617454));
#17176=CARTESIAN_POINT('Origin',(-0.400000037997962,13.1000000067055,5.0000000692904));
#17177=CARTESIAN_POINT('',(-1.10714289945151,12.,4.02857150169355));
#17178=CARTESIAN_POINT('',(-1.10714289945151,12.,2.5000000346452));
#17179=CARTESIAN_POINT('',(-1.30000001788139,11.700000037998,4.20000005140901));
#17180=CARTESIAN_POINT('',(-1.30000001788139,11.700000037998,5.0000000692904));
#17181=CARTESIAN_POINT('',(-1.44648096423236,11.4721407881187,4.33020533705431));
#17182=CARTESIAN_POINT('Origin',(-0.400000037997962,13.1000000067055,5.0000000692904));
#17183=CARTESIAN_POINT('',(-1.1077147708912,11.9991104222049,4.3922852983992));
#17184=CARTESIAN_POINT('',(-1.30000001788139,11.700000037998,4.78480079557701));
#17185=CARTESIAN_POINT('Ctrl Pts',(-1.1077147708912,11.9991104222049,4.3922852983992));
#17186=CARTESIAN_POINT('Ctrl Pts',(-1.10969180172691,11.9960350409049,4.44488573030661));
#17187=CARTESIAN_POINT('Ctrl Pts',(-1.11798662251686,11.9831319863428,4.50150359425283));
#17188=CARTESIAN_POINT('Ctrl Pts',(-1.14436211140298,11.9421034480755,4.60110067061817));
#17189=CARTESIAN_POINT('Ctrl Pts',(-1.16946693303425,11.9030515033157,4.65704157351423));
#17190=CARTESIAN_POINT('Ctrl Pts',(-1.22365812768453,11.8187540894153,4.73498258859999));
#17191=CARTESIAN_POINT('Ctrl Pts',(-1.26280887527624,11.7578529264949,4.76818478372527));
#17192=CARTESIAN_POINT('Ctrl Pts',(-1.29846067874585,11.7023945655421,4.78413013384342));
#17193=CARTESIAN_POINT('Ctrl Pts',(-1.29922878377352,11.7011997354991,4.78446776292834));
#17194=CARTESIAN_POINT('Ctrl Pts',(-1.30000001788139,11.700000037998,4.78480079557701));
#17195=CARTESIAN_POINT('',(-0.920391090853172,12.2905028133752,4.57960897843723));
#17196=CARTESIAN_POINT('',(-1.30000001788139,11.700000037998,5.0000000692904));
#17197=CARTESIAN_POINT('Origin',(-0.400000037997962,13.1000000067055,5.0000000692904));
#17198=CARTESIAN_POINT('',(-1.30000001788139,11.700000037998,-4.78480079557701));
#17199=CARTESIAN_POINT('',(-1.10719990412824,11.9999113260584,-4.37137782748269));
#17200=CARTESIAN_POINT('Ctrl Pts',(-1.30000001788139,11.700000037998,-4.78480079557701));
#17201=CARTESIAN_POINT('Ctrl Pts',(-1.29922878377352,11.7011997354991,-4.78446776292834));
#17202=CARTESIAN_POINT('Ctrl Pts',(-1.29846067874585,11.7023945655421,-4.78413013384342));
#17203=CARTESIAN_POINT('Ctrl Pts',(-1.26280887527624,11.7578529264949,-4.76818478372527));
#17204=CARTESIAN_POINT('Ctrl Pts',(-1.22365812768453,11.8187540894153,-4.73498258859999));
#17205=CARTESIAN_POINT('Ctrl Pts',(-1.16946693303425,11.9030515033157,-4.65704157351423));
#17206=CARTESIAN_POINT('Ctrl Pts',(-1.14436211140298,11.9421034480755,-4.60110067061817));
#17207=CARTESIAN_POINT('Ctrl Pts',(-1.1163812104218,11.9856292940462,-4.49544136155945));
#17208=CARTESIAN_POINT('Ctrl Pts',(-1.10788328165785,11.9988482943457,-4.42942342980895));
#17209=CARTESIAN_POINT('Ctrl Pts',(-1.10719990412824,11.9999113260584,-4.37137782748269));
#17210=CARTESIAN_POINT('',(-1.30000001788139,11.700000037998,5.0000000692904));
#17211=CARTESIAN_POINT('',(-2.33328448329394,10.0926686473562,-3.28152486822429));
#17212=CARTESIAN_POINT('Origin',(-1.30000001788139,11.700000037998,5.0000000692904));
#17213=CARTESIAN_POINT('',(-1.46293753090601,11.985140685791,4.3833047535617));
#17214=CARTESIAN_POINT('Ctrl Pts',(-1.30000001788139,11.700000037998,4.78480079557701));
#17215=CARTESIAN_POINT('Ctrl Pts',(-1.33229802273599,11.7565215464935,4.7504633625821));
#17216=CARTESIAN_POINT('Ctrl Pts',(-1.36645356467253,11.8162937448824,4.6975538469629));
#17217=CARTESIAN_POINT('Ctrl Pts',(-1.4150807009487,11.9013912333658,4.59129053931758));
#17218=CARTESIAN_POINT('Ctrl Pts',(-1.43830076443687,11.94202634447,4.51894285634591));
#17219=CARTESIAN_POINT('Ctrl Pts',(-1.4558847003017,11.9727982322335,4.43091068803748));
#17220=CARTESIAN_POINT('Ctrl Pts',(-1.45980461151926,11.9796580768642,4.40752644255536));
#17221=CARTESIAN_POINT('Ctrl Pts',(-1.46293753090601,11.985140685791,4.3833047535617));
#17222=CARTESIAN_POINT('',(-2.0472140870748,13.0076246590864,5.04061587925159));
#17223=CARTESIAN_POINT('Origin',(-1.30000001788139,11.700000037998,5.0000000692904));
#17224=CARTESIAN_POINT('',(-1.47142856759685,12.,4.02857150169356));
#17225=CARTESIAN_POINT('',(-1.47142856759685,12.,2.99285716983889));
#17226=CARTESIAN_POINT('',(-1.47142856759684,12.,2.5000000346452));
#17227=CARTESIAN_POINT('',(-1.57654322422581,12.1839506491007,3.92345684506459));
#17228=CARTESIAN_POINT('',(-2.19501467358507,13.2662756854794,3.80689153907564));
#17229=CARTESIAN_POINT('Origin',(-1.30000001788139,11.700000037998,5.0000000692904));
#17230=CARTESIAN_POINT('',(-1.47142856759685,12.,1.59285716983889));
#17231=CARTESIAN_POINT('',(-1.47142856759684,12.,2.5000000346452));
#17232=CARTESIAN_POINT('',(-2.34281526009533,13.5249267118724,2.57316719889969));
#17233=CARTESIAN_POINT('Origin',(-1.30000001788139,11.700000037998,5.0000000692904));
#17234=CARTESIAN_POINT('',(-1.47142856759685,12.,0.192857169838889));
#17235=CARTESIAN_POINT('',(-1.47142856759684,12.,2.5000000346452));
#17236=CARTESIAN_POINT('',(-2.4906158466056,13.7835777382653,1.33944285872373));
#17237=CARTESIAN_POINT('Origin',(-1.30000001788139,11.700000037998,5.0000000692904));
#17238=CARTESIAN_POINT('',(-1.47142856759685,12.,-1.20714283016111));
#17239=CARTESIAN_POINT('',(-1.47142856759684,12.,2.5000000346452));
#17240=CARTESIAN_POINT('',(-2.63841643311586,14.0422287646583,0.105718518547779));
#17241=CARTESIAN_POINT('Origin',(-1.30000001788139,11.700000037998,5.0000000692904));
#17242=CARTESIAN_POINT('',(-1.47142856759685,12.,-2.60714283016111));
#17243=CARTESIAN_POINT('',(-1.47142856759684,12.,2.5000000346452));
#17244=CARTESIAN_POINT('',(-2.78621701962612,14.3008797910512,-1.12800582162817));
#17245=CARTESIAN_POINT('Origin',(-1.30000001788139,11.700000037998,5.0000000692904));
#17246=CARTESIAN_POINT('',(-1.47142856759685,12.,-2.97142849830644));
#17247=CARTESIAN_POINT('',(-1.47142856759685,12.,-4.00714283016111));
#17248=CARTESIAN_POINT('',(-1.47142856759684,12.,2.5000000346452));
#17249=CARTESIAN_POINT('',(-0.885185199534453,10.9740741058908,-2.38518513024405));
#17250=CARTESIAN_POINT('',(-2.93401760613639,14.5595308174442,-2.36173016180413));
#17251=CARTESIAN_POINT('Origin',(-1.30000001788139,11.700000037998,5.0000000692904));
#17252=CARTESIAN_POINT('',(-1.4651254896374,11.988969613571,-4.365125420347));
#17253=CARTESIAN_POINT('Ctrl Pts',(-1.4651254896374,11.988969613571,-4.365125420347));
#17254=CARTESIAN_POINT('Ctrl Pts',(-1.46171098354231,11.9829942279046,-4.39577959574634));
#17255=CARTESIAN_POINT('Ctrl Pts',(-1.45694631216728,11.9746560529983,-4.42559583730394));
#17256=CARTESIAN_POINT('Ctrl Pts',(-1.43830076443687,11.94202634447,-4.51894285634591));
#17257=CARTESIAN_POINT('Ctrl Pts',(-1.4150807009487,11.9013912333658,-4.59129053931758));
#17258=CARTESIAN_POINT('Ctrl Pts',(-1.36645356467252,11.8162937448824,-4.6975538469629));
#17259=CARTESIAN_POINT('Ctrl Pts',(-1.33229802273599,11.7565215464935,-4.7504633625821));
#17260=CARTESIAN_POINT('Ctrl Pts',(-1.30000001788139,11.700000037998,-4.78480079557701));
#17261=CARTESIAN_POINT('',(-0.746913594596181,10.7320987972488,-3.64691352530578));
#17262=CARTESIAN_POINT('Origin',(-4.9,11.700000037998,-4.19999994859099));
#17263=CARTESIAN_POINT('',(-1.06799510988886,12.,-4.37142849830645));
#17264=CARTESIAN_POINT('',(-2.45,12.,-4.37142849830644));
#17265=CARTESIAN_POINT('Ctrl Pts',(-1.10719990412824,11.9999113260584,-4.37137782748268));
#17266=CARTESIAN_POINT('Ctrl Pts',(-1.09405939134282,11.999971470555,-4.37141219576643));
#17267=CARTESIAN_POINT('Ctrl Pts',(-1.08098925213315,12.,-4.37142849830644));
#17268=CARTESIAN_POINT('Ctrl Pts',(-1.06799510988886,12.,-4.37142849830644));
#17269=CARTESIAN_POINT('Origin',(-4.9,11.700000037998,-4.19999994859099));
#17270=CARTESIAN_POINT('',(-2.63520760694137,11.700000037998,-4.19999994859099));
#17271=CARTESIAN_POINT('Ctrl Pts',(-2.63520760694137,11.700000037998,-4.19999994859099));
#17272=CARTESIAN_POINT('Ctrl Pts',(-2.56510970751733,11.7404742001694,-4.2231280412604));
#17273=CARTESIAN_POINT('Ctrl Pts',(-2.48642275746806,11.7765654426061,-4.2437516083671));
#17274=CARTESIAN_POINT('Ctrl Pts',(-2.13544265042966,11.9135046316917,-4.32200257355885));
#17275=CARTESIAN_POINT('Ctrl Pts',(-1.79446846525391,11.9689065159158,-4.35366079311545));
#17276=CARTESIAN_POINT('Ctrl Pts',(-1.4651254896374,11.988969613571,-4.365125420347));
#17277=CARTESIAN_POINT('',(-4.9,11.700000037998,-4.19999994859099));
#17278=CARTESIAN_POINT('Origin',(-4.9,13.1000000067055,-3.29999996870756));
#17279=CARTESIAN_POINT('',(-2.047634491124,12.,-4.00714283016111));
#17280=CARTESIAN_POINT('Ctrl Pts',(-2.047634491124,12.,-4.00714283016111));
#17281=CARTESIAN_POINT('Ctrl Pts',(-2.17259269546512,12.,-4.00714283016111));
#17282=CARTESIAN_POINT('Ctrl Pts',(-2.3220237631961,11.9895168750497,-4.01388198191489));
#17283=CARTESIAN_POINT('Ctrl Pts',(-2.4695462485228,11.9391917533454,-4.04623384586766));
#17284=CARTESIAN_POINT('Ctrl Pts',(-2.50586641931962,11.9230447806258,-4.05661404261597));
#17285=CARTESIAN_POINT('Ctrl Pts',(-2.55425155293173,11.8927379916972,-4.07609697835576));
#17286=CARTESIAN_POINT('Ctrl Pts',(-2.5768540874614,11.8745121958324,-4.0878135614117));
#17287=CARTESIAN_POINT('Ctrl Pts',(-2.60704662774402,11.8406199673508,-4.10960142257848));
#17288=CARTESIAN_POINT('Ctrl Pts',(-2.62063081810545,11.8189647232505,-4.12352265092862));
#17289=CARTESIAN_POINT('Ctrl Pts',(-2.63558951733142,11.7799527825284,-4.14860175567856));
#17290=CARTESIAN_POINT('Ctrl Pts',(-2.63961309340073,11.7554816239368,-4.16433321477314));
#17291=CARTESIAN_POINT('Ctrl Pts',(-2.63894381526917,11.7238628854316,-4.18465954666936));
#17292=CARTESIAN_POINT('Ctrl Pts',(-2.63762729025708,11.7118953936346,-4.19235293425316));
#17293=CARTESIAN_POINT('Ctrl Pts',(-2.63520760694136,11.700000037998,-4.199999948591));
#17294=CARTESIAN_POINT('',(-2.45,12.,-4.00714283016111));
#17295=CARTESIAN_POINT('Origin',(-4.9,11.700000037998,-2.79999994859099));
#17296=CARTESIAN_POINT('',(-2.50714289945151,12.,-2.97142849830645));
#17297=CARTESIAN_POINT('',(-2.45,12.,-2.97142849830644));
#17298=CARTESIAN_POINT('',(-3.41920823695963,10.5812316972096,-2.16070375385479));
#17299=CARTESIAN_POINT('',(-4.9,11.700000037998,-2.79999994859099));
#17300=CARTESIAN_POINT('Origin',(-4.9,13.1000000067055,-1.89999996870756));
#17301=CARTESIAN_POINT('',(-2.45,12.,-2.60714283016111));
#17302=CARTESIAN_POINT('Origin',(-4.9,13.1000000067055,-0.499999968707562));
#17303=CARTESIAN_POINT('',(-2.45,12.,-1.20714283016111));
#17304=CARTESIAN_POINT('Origin',(-4.9,11.700000037998,5.14090070513618E-8));
#17305=CARTESIAN_POINT('',(-2.45,12.,-0.171428498306444));
#17306=CARTESIAN_POINT('Origin',(-4.9,13.1000000067055,0.900000031292438));
#17307=CARTESIAN_POINT('',(-2.45,12.,0.192857169838889));
#17308=CARTESIAN_POINT('Origin',(-4.9,11.700000037998,1.40000005140901));
#17309=CARTESIAN_POINT('',(-2.45,12.,1.22857150169355));
#17310=CARTESIAN_POINT('Origin',(-4.9,13.1000000067055,2.30000003129244));
#17311=CARTESIAN_POINT('',(-2.45,12.,1.59285716983889));
#17312=CARTESIAN_POINT('Origin',(0.0999999821186059,11.700000037998,5.0000000692904));
#17313=CARTESIAN_POINT('',(-0.0714285675968466,12.,4.49943314543991));
#17314=CARTESIAN_POINT('',(-0.0714285675968464,12.,4.39285716983889));
#17315=CARTESIAN_POINT('',(-0.071428567596844,12.,2.5000000346452));
#17316=CARTESIAN_POINT('',(0.0999999821186059,11.700000037998,4.95724910645231));
#17317=CARTESIAN_POINT('Ctrl Pts',(0.0999999821186054,11.700000037998,4.95724910645231));
#17318=CARTESIAN_POINT('Ctrl Pts',(0.067910730943776,11.7561562275539,4.93338286398417));
#17319=CARTESIAN_POINT('Ctrl Pts',(0.0326311968077257,11.817895412292,4.89118109917366));
#17320=CARTESIAN_POINT('Ctrl Pts',(-0.0160215197535981,11.9030376662743,
4.80182638621399));
#17321=CARTESIAN_POINT('Ctrl Pts',(-0.0386880383505673,11.942704073819,
4.74046743085773));
#17322=CARTESIAN_POINT('Ctrl Pts',(-0.0637824702811439,11.9866193296975,
4.62826452111278));
#17323=CARTESIAN_POINT('Ctrl Pts',(-0.0714285675968453,12.,4.55876016338876));
#17324=CARTESIAN_POINT('Ctrl Pts',(-0.0714285675968453,12.,4.49943314543992));
#17325=CARTESIAN_POINT('',(0.0999999821186059,11.700000037998,5.0000000692904));
#17326=CARTESIAN_POINT('',(-0.778592386195038,13.2375366825468,5.18841646576186));
#17327=CARTESIAN_POINT('Origin',(-4.9,13.1000000067055,3.70000003129244));
#17328=CARTESIAN_POINT('',(-2.50714289945151,12.,2.99285716983889));
#17329=CARTESIAN_POINT('',(-2.45,12.,2.99285716983889));
#17330=CARTESIAN_POINT('',(-2.00363131431686,12.7832402435428,3.49636875497354));
#17331=CARTESIAN_POINT('Origin',(-4.9,11.700000037998,4.20000005140901));
#17332=CARTESIAN_POINT('',(-2.45,12.,4.02857150169356));
#17333=CARTESIAN_POINT('',(-4.9,11.700000037998,4.20000005140901));
#17334=CARTESIAN_POINT('Origin',(-4.9,11.700000037998,4.20000005140901));
#17335=CARTESIAN_POINT('',(-2.00514646006091,12.,4.02857150169355));
#17336=CARTESIAN_POINT('',(-2.45,12.,4.02857150169356));
#17337=CARTESIAN_POINT('',(-2.63520744306977,11.700000037998,4.20000005140901));
#17338=CARTESIAN_POINT('Ctrl Pts',(-2.63520744306977,11.700000037998,4.20000005140901));
#17339=CARTESIAN_POINT('Ctrl Pts',(-2.63573613890619,11.7059025631721,4.19662717988094));
#17340=CARTESIAN_POINT('Ctrl Pts',(-2.63599321713269,11.711694727971,4.19331737142443));
#17341=CARTESIAN_POINT('Ctrl Pts',(-2.63605677458292,11.7389064872557,4.17776779469032));
#17342=CARTESIAN_POINT('Ctrl Pts',(-2.63138601297901,11.7645687427423,4.16310364869798));
#17343=CARTESIAN_POINT('Ctrl Pts',(-2.61510746496873,11.8058114396234,4.13953639333734));
#17344=CARTESIAN_POINT('Ctrl Pts',(-2.60042055006719,11.8288543858957,4.12636899546741));
#17345=CARTESIAN_POINT('Ctrl Pts',(-2.56808298754525,11.8650083179502,4.10570960572204));
#17346=CARTESIAN_POINT('Ctrl Pts',(-2.54396031118782,11.8844762335524,4.09458508252073));
#17347=CARTESIAN_POINT('Ctrl Pts',(-2.49235515376197,11.917006605174,4.07599629873699));
#17348=CARTESIAN_POINT('Ctrl Pts',(-2.45362834695733,11.9343825843458,4.06606716778164));
#17349=CARTESIAN_POINT('Ctrl Pts',(-2.29655654286854,11.9886064799159,4.03508208459878));
#17350=CARTESIAN_POINT('Ctrl Pts',(-2.13785176706839,12.,4.02857150169356));
#17351=CARTESIAN_POINT('Ctrl Pts',(-2.00514646006091,12.,4.02857150169356));
#17352=CARTESIAN_POINT('',(-4.9,11.700000037998,4.20000005140901));
#17353=CARTESIAN_POINT('Origin',(-4.9,13.1000000067055,5.10000003129244));
#17354=CARTESIAN_POINT('Ctrl Pts',(-1.46293753090601,11.985140685791,4.3833047535617));
#17355=CARTESIAN_POINT('Ctrl Pts',(-1.7894265497792,11.9627659009867,4.36892096333034));
#17356=CARTESIAN_POINT('Ctrl Pts',(-2.12243655812847,11.9073215154513,4.33327814405757));
#17357=CARTESIAN_POINT('Ctrl Pts',(-2.47709323708698,11.7767004311446,4.24930744700328));
#17358=CARTESIAN_POINT('Ctrl Pts',(-2.55841017532698,11.7416074251188,4.22674765741525));
#17359=CARTESIAN_POINT('Ctrl Pts',(-2.63520744306977,11.700000037998,4.20000005140901));
#17360=CARTESIAN_POINT('Origin',(-4.9,13.1000000067055,5.10000003129244));
#17361=CARTESIAN_POINT('',(-0.976118105531966,12.,4.39285716983889));
#17362=CARTESIAN_POINT('Ctrl Pts',(-0.976118105531966,12.,4.39285716983889));
#17363=CARTESIAN_POINT('Ctrl Pts',(-1.01924790753445,12.,4.39285716983889));
#17364=CARTESIAN_POINT('Ctrl Pts',(-1.06317481312074,11.9997376471213,4.39268851441687));
#17365=CARTESIAN_POINT('Ctrl Pts',(-1.1077147708912,11.9991104222049,4.3922852983992));
#17366=CARTESIAN_POINT('',(-2.45,12.,4.39285716983889));
#17367=CARTESIAN_POINT('Origin',(-4.9,13.1000000067055,3.70000003129244));
#17368=CARTESIAN_POINT('',(0.292857100548489,12.,2.99285716983889));
#17369=CARTESIAN_POINT('',(-2.45,12.,2.99285716983889));
#17370=CARTESIAN_POINT('',(-4.9,11.700000037998,2.80000005140901));
#17371=CARTESIAN_POINT('',(0.479608909146829,12.2905028133752,3.17960897843723));
#17372=CARTESIAN_POINT('Origin',(-4.9,13.1000000067055,3.70000003129244));
#17373=CARTESIAN_POINT('',(-3.36047714342714,12.,2.99285716983889));
#17374=CARTESIAN_POINT('Ctrl Pts',(-3.36047714342714,12.,2.99285716983889));
#17375=CARTESIAN_POINT('Ctrl Pts',(-3.44653488771636,12.,2.99285716983889));
#17376=CARTESIAN_POINT('Ctrl Pts',(-3.5482389831865,11.9849331838491,2.9831713594562));
#17377=CARTESIAN_POINT('Ctrl Pts',(-3.72018667094746,11.9381939701111,2.95312472205318));
#17378=CARTESIAN_POINT('Ctrl Pts',(-3.82177434536685,11.8954764505797,2.92566345949728));
#17379=CARTESIAN_POINT('Ctrl Pts',(-3.96658834084621,11.8101484517423,2.87080974595894));
#17380=CARTESIAN_POINT('Ctrl Pts',(-4.03843771647489,11.7552738125212,2.83553319217397));
#17381=CARTESIAN_POINT('Ctrl Pts',(-4.09198221061084,11.700000037998,2.80000005140901));
#17382=CARTESIAN_POINT('',(-2.87142856759685,12.,2.99285716983889));
#17383=CARTESIAN_POINT('',(-2.45,12.,2.99285716983889));
#17384=CARTESIAN_POINT('',(-3.46363637446483,13.036363662019,3.65909095256538));
#17385=CARTESIAN_POINT('Origin',(-4.9,11.700000037998,2.80000005140901));
#17386=CARTESIAN_POINT('',(-2.45,12.,2.62857150169356));
#17387=CARTESIAN_POINT('Origin',(-4.9,11.700000037998,2.80000005140901));
#17388=CARTESIAN_POINT('',(1.32857143240316,12.,2.62857150169355));
#17389=CARTESIAN_POINT('',(-2.45,12.,2.62857150169356));
#17390=CARTESIAN_POINT('',(1.08518517083592,12.4259259577427,2.38518524012632));
#17391=CARTESIAN_POINT('Origin',(-4.9,11.700000037998,2.80000005140901));
#17392=CARTESIAN_POINT('',(2.72857143240315,12.,2.62857150169355));
#17393=CARTESIAN_POINT('',(-2.45,12.,2.62857150169356));
#17394=CARTESIAN_POINT('',(2.34691356589765,12.6679012663846,2.24691363518805));
#17395=CARTESIAN_POINT('Origin',(-4.9,12.4000000223517,4.25000005029142));
#17396=CARTESIAN_POINT('',(-4.9,11.7994432934735,0.0639278585004543));
#17397=CARTESIAN_POINT('',(-4.9,11.7995592579698,-0.056890931432061));
#17398=CARTESIAN_POINT('Ctrl Pts',(-4.9,11.7994432934735,0.0639278585004542));
#17399=CARTESIAN_POINT('Ctrl Pts',(-4.9,11.7998203476356,0.0423131797682562));
#17400=CARTESIAN_POINT('Ctrl Pts',(-4.9,11.800000099341,0.020980762849158));
#17401=CARTESIAN_POINT('Ctrl Pts',(-4.9,11.800000099341,-0.0187006147342758));
#17402=CARTESIAN_POINT('Ctrl Pts',(-4.9,11.7998573066015,-0.0376806443564686));
#17403=CARTESIAN_POINT('Ctrl Pts',(-4.9,11.7995592579698,-0.056890931432061));
#17404=CARTESIAN_POINT('',(-4.9,11.700000037998,5.14090070513618E-8));
#17405=CARTESIAN_POINT('',(-4.9,13.1000000067055,0.900000031292438));
#17406=CARTESIAN_POINT('',(-4.9,11.700000037998,5.14090070513618E-8));
#17407=CARTESIAN_POINT('Origin',(-4.10000001788139,11.700000037998,5.0000000692904));
#17408=CARTESIAN_POINT('',(-4.10000001788139,11.700000037998,2.78824650151642));
#17409=CARTESIAN_POINT('',(-4.26960893120128,11.9968156363078,1.59081007889388));
#17410=CARTESIAN_POINT('Ctrl Pts',(-4.10000001788139,11.700000037998,2.78824650151642));
#17411=CARTESIAN_POINT('Ctrl Pts',(-4.1353714567212,11.7619000559676,2.6881935983311));
#17412=CARTESIAN_POINT('Ctrl Pts',(-4.1664131242838,11.8162229742022,2.56377939503602));
#17413=CARTESIAN_POINT('Ctrl Pts',(-4.23741635328879,11.9404786249609,2.19678676054214));
#17414=CARTESIAN_POINT('Ctrl Pts',(-4.26342304161509,11.9859903295319,1.88082260865979));
#17415=CARTESIAN_POINT('Ctrl Pts',(-4.26960893120128,11.9968156363078,1.59081007889388));
#17416=CARTESIAN_POINT('',(-4.10000001788139,11.700000037998,5.0000000692904));
#17417=CARTESIAN_POINT('',(-4.88005866185486,13.0651026649515,2.27756602587916));
#17418=CARTESIAN_POINT('Origin',(2.89999998211861,11.700000037998,5.0000000692904));
#17419=CARTESIAN_POINT('',(2.72857143240316,12.,2.5000000346452));
#17420=CARTESIAN_POINT('Origin',(-2.70000001788139,11.700000037998,5.0000000692904));
#17421=CARTESIAN_POINT('',(-2.87142856759685,12.,3.46480860246868));
#17422=CARTESIAN_POINT('',(-2.87142856759684,12.,2.5000000346452));
#17423=CARTESIAN_POINT('',(-2.70000001788139,11.700000037998,4.15864384184153));
#17424=CARTESIAN_POINT('Ctrl Pts',(-2.70000001788139,11.700000037998,4.15864384184153));
#17425=CARTESIAN_POINT('Ctrl Pts',(-2.73137945179394,11.7549140473449,4.10969608786739));
#17426=CARTESIAN_POINT('Ctrl Pts',(-2.76256039477994,11.8094806975704,4.0432085894564));
#17427=CARTESIAN_POINT('Ctrl Pts',(-2.81131498785861,11.8948012354581,3.90761688493796));
#17428=CARTESIAN_POINT('Ctrl Pts',(-2.83575510757251,11.9375714449574,3.81154622757141));
#17429=CARTESIAN_POINT('Ctrl Pts',(-2.86276711448155,11.9848424570482,3.64688494491638));
#17430=CARTESIAN_POINT('Ctrl Pts',(-2.87142856759685,12.,3.5482675324709));
#17431=CARTESIAN_POINT('Ctrl Pts',(-2.87142856759685,12.,3.46480860246868));
#17432=CARTESIAN_POINT('',(-2.70000001788139,11.700000037998,5.0000000692904));
#17433=CARTESIAN_POINT('Origin',(1.49999998211861,11.700000037998,5.0000000692904));
#17434=CARTESIAN_POINT('',(1.32857143240316,12.,2.5000000346452));
#17435=CARTESIAN_POINT('Origin',(-4.9,13.1000000067055,-0.499999968707562));
#17436=CARTESIAN_POINT('',(3.09285710054849,12.,-1.20714283016111));
#17437=CARTESIAN_POINT('',(-2.45,12.,-1.20714283016111));
#17438=CARTESIAN_POINT('',(3.43798879741499,12.536871528459,-0.862011133294618));
#17439=CARTESIAN_POINT('Origin',(-4.9,13.1000000067055,-0.499999968707562));
#17440=CARTESIAN_POINT('',(1.69285710054849,12.,-1.20714283016111));
#17441=CARTESIAN_POINT('',(-2.45,12.,-1.20714283016111));
#17442=CARTESIAN_POINT('',(-4.9,11.700000037998,-1.39999994859099));
#17443=CARTESIAN_POINT('',(2.19636868568314,12.7832402435428,-0.70363124502646));
#17444=CARTESIAN_POINT('Origin',(-4.9,13.1000000067055,-0.499999968707562));
#17445=CARTESIAN_POINT('',(0.292857100548489,12.,-1.20714283016111));
#17446=CARTESIAN_POINT('',(-2.45,12.,-1.20714283016111));
#17447=CARTESIAN_POINT('',(-4.9,11.700000037998,-1.39999994859099));
#17448=CARTESIAN_POINT('',(0.954748573951297,13.0296089586266,-0.545251356758304));
#17449=CARTESIAN_POINT('Origin',(-4.9,13.1000000067055,-0.499999968707562));
#17450=CARTESIAN_POINT('',(-3.90714289945151,12.,-1.20714283016111));
#17451=CARTESIAN_POINT('',(-2.45,12.,-1.20714283016111));
#17452=CARTESIAN_POINT('',(-4.10000001788139,11.700000037998,-1.39999994859099));
#17453=CARTESIAN_POINT('',(-4.9,11.700000037998,-1.39999994859099));
#17454=CARTESIAN_POINT('',(-2.77011176124423,13.768715103878,-0.0701116919538336));
#17455=CARTESIAN_POINT('Origin',(-4.9,13.1000000067055,-0.499999968707562));
#17456=CARTESIAN_POINT('',(-4.33506711114636,12.,-1.20714283016111));
#17457=CARTESIAN_POINT('',(-4.75650279552017,11.700000037998,-1.39999994859099));
#17458=CARTESIAN_POINT('Ctrl Pts',(-4.33506711114636,12.,-1.20714283016111));
#17459=CARTESIAN_POINT('Ctrl Pts',(-4.39571830744385,12.,-1.20714283016111));
#17460=CARTESIAN_POINT('Ctrl Pts',(-4.46678763579983,11.9867989123578,-1.2156292436454));
#17461=CARTESIAN_POINT('Ctrl Pts',(-4.57540365889279,11.941879950383,-1.2445057192006));
#17462=CARTESIAN_POINT('Ctrl Pts',(-4.63104216369612,11.9028348153567,-1.2696061631461));
#17463=CARTESIAN_POINT('Ctrl Pts',(-4.70812227514847,11.8185473956413,-1.32379093296311));
#17464=CARTESIAN_POINT('Ctrl Pts',(-4.7405936721756,11.7577419981696,-1.36288011705209));
#17465=CARTESIAN_POINT('Ctrl Pts',(-4.75585212193562,11.7024255434045,-1.39844069511538));
#17466=CARTESIAN_POINT('Ctrl Pts',(-4.75617987135329,11.7012152566812,-1.39921873658033));
#17467=CARTESIAN_POINT('Ctrl Pts',(-4.75650279552017,11.700000037998,-1.39999994859099));
#17468=CARTESIAN_POINT('',(-4.27142856759685,12.,-1.20714283016111));
#17469=CARTESIAN_POINT('',(-2.45,12.,-1.20714283016111));
#17470=CARTESIAN_POINT('',(-5.17565983487539,13.5824047177375,-0.189882654472748));
#17471=CARTESIAN_POINT('',(-4.9,11.700000037998,-1.39999994859099));
#17472=CARTESIAN_POINT('Origin',(-4.9,11.700000037998,-1.39999994859099));
#17473=CARTESIAN_POINT('',(-4.2700241583567,11.9975422838297,-1.57002408906629));
#17474=CARTESIAN_POINT('Ctrl Pts',(-4.75650279552017,11.700000037998,-1.39999994859099));
#17475=CARTESIAN_POINT('Ctrl Pts',(-4.72130003482827,11.7564926846751,-1.43228146097792));
#17476=CARTESIAN_POINT('Ctrl Pts',(-4.66753930807031,11.816022161602,-1.46629830493617));
#17477=CARTESIAN_POINT('Ctrl Pts',(-4.55973833234131,11.9011220189734,-1.51492679486268));
#17478=CARTESIAN_POINT('Ctrl Pts',(-4.48626643242504,11.941863266454,-1.53820750770871));
#17479=CARTESIAN_POINT('Ctrl Pts',(-4.37421287233017,11.9806206320097,-1.56035457374057));
#17480=CARTESIAN_POINT('Ctrl Pts',(-4.32105227453626,11.9928677752519,-1.56735294130754));
#17481=CARTESIAN_POINT('Ctrl Pts',(-4.2700241583567,11.9975422838297,-1.5700240890663));
#17482=CARTESIAN_POINT('',(-3.54691359459618,10.7320987972488,-0.84691352530578));
#17483=CARTESIAN_POINT('Origin',(-4.9,11.700000037998,-1.39999994859099));
#17484=CARTESIAN_POINT('',(-3.90714289945151,12.,-1.57142849830644));
#17485=CARTESIAN_POINT('',(-2.45,12.,-1.57142849830644));
#17486=CARTESIAN_POINT('',(-4.50513199062532,11.069794747063,-1.03988263948528));
#17487=CARTESIAN_POINT('Origin',(-4.9,11.700000037998,-1.39999994859099));
#17488=CARTESIAN_POINT('',(-2.45,12.,-1.57142849830644));
#17489=CARTESIAN_POINT('Origin',(-4.9,11.700000037998,-1.39999994859099));
#17490=CARTESIAN_POINT('',(1.32857143240315,12.,-1.57142849830645));
#17491=CARTESIAN_POINT('',(-2.45,12.,-1.57142849830644));
#17492=CARTESIAN_POINT('',(1.49999998565073,11.7000000318167,-1.39999994505887));
#17493=CARTESIAN_POINT('Origin',(-4.9,11.700000037998,-1.39999994859099));
#17494=CARTESIAN_POINT('',(2.72857143240315,12.,-1.57142849830645));
#17495=CARTESIAN_POINT('',(-2.45,12.,-1.57142849830644));
#17496=CARTESIAN_POINT('',(2.76172838071246,11.9419753404587,-1.53827154999714));
#17497=CARTESIAN_POINT('Origin',(3.79999996200204,13.1000000067055,5.0000000692904));
#17498=CARTESIAN_POINT('',(3.09285710054849,12.,2.5000000346452));
#17499=CARTESIAN_POINT('Origin',(2.89999998211861,11.700000037998,5.0000000692904));
#17500=CARTESIAN_POINT('',(2.72857143240316,12.,2.5000000346452));
#17501=CARTESIAN_POINT('Origin',(1.49999998211861,11.700000037998,5.0000000692904));
#17502=CARTESIAN_POINT('',(1.32857143240316,12.,2.5000000346452));
#17503=CARTESIAN_POINT('Origin',(-4.9,11.700000037998,5.14090070513618E-8));
#17504=CARTESIAN_POINT('',(-4.49673358567312,12.,-0.171428498306446));
#17505=CARTESIAN_POINT('',(-4.27142856759685,12.,-0.171428498306446));
#17506=CARTESIAN_POINT('',(-2.45,12.,-0.171428498306444));
#17507=CARTESIAN_POINT('Ctrl Pts',(-4.9,11.7995592579698,-0.056890931432061));
#17508=CARTESIAN_POINT('Ctrl Pts',(-4.88277396571204,11.8223762423081,-0.0699292081968033));
#17509=CARTESIAN_POINT('Ctrl Pts',(-4.86349958780721,11.8436393377388,-0.0820795484429093));
#17510=CARTESIAN_POINT('Ctrl Pts',(-4.80046723707612,11.9030376949719,-0.116021466861835));
#17511=CARTESIAN_POINT('Ctrl Pts',(-4.73855305353627,11.9427456249435,-0.138711712559865));
#17512=CARTESIAN_POINT('Ctrl Pts',(-4.62578154351268,11.9866082843787,-0.163776089379988));
#17513=CARTESIAN_POINT('Ctrl Pts',(-4.55615902888308,12.,-0.171428498306444));
#17514=CARTESIAN_POINT('Ctrl Pts',(-4.49673358567312,12.,-0.171428498306444));
#17515=CARTESIAN_POINT('',(-4.9,11.700000037998,5.14090070513618E-8));
#17516=CARTESIAN_POINT('',(-3.68518519953445,10.9740741058908,0.414814869755948));
#17517=CARTESIAN_POINT('Origin',(-3.20000003799796,13.1000000067055,5.0000000692904));
#17518=CARTESIAN_POINT('',(-3.90714289945151,12.,-2.23254004080955));
#17519=CARTESIAN_POINT('',(-3.90714289945151,12.,2.5000000346452));
#17520=CARTESIAN_POINT('Ctrl Pts',(-3.95591101725433,11.9241384834178,-2.65591094796393));
#17521=CARTESIAN_POINT('Ctrl Pts',(-3.95009810515708,11.9331807911247,-2.63858329477517));
#17522=CARTESIAN_POINT('Ctrl Pts',(-3.945000120512,11.9411109894615,-2.62019170252491));
#17523=CARTESIAN_POINT('Ctrl Pts',(-3.91463952366722,11.9883385845533,-2.49424110314268));
#17524=CARTESIAN_POINT('Ctrl Pts',(-3.90714289945151,12.,-2.35180099517918));
#17525=CARTESIAN_POINT('Ctrl Pts',(-3.90714289945151,12.,-2.23254004080955));
#17526=CARTESIAN_POINT('',(-4.10000001788139,11.700000037998,-2.78824650151642));
#17527=CARTESIAN_POINT('Ctrl Pts',(-4.10000001788139,11.700000037998,-2.78824650151642));
#17528=CARTESIAN_POINT('Ctrl Pts',(-4.09745620770799,11.7039570760455,-2.78891600604564));
#17529=CARTESIAN_POINT('Ctrl Pts',(-4.09494922751001,11.7078568230201,-2.78946462556616));
#17530=CARTESIAN_POINT('Ctrl Pts',(-4.0917609140966,11.7128164216632,-2.79002727287622));
#17531=CARTESIAN_POINT('Ctrl Pts',(-4.09101497005877,11.7139767790554,-2.79014930734126));
#17532=CARTESIAN_POINT('Ctrl Pts',(-4.09026234499933,11.7151475291478,-2.79026227570894));
#17533=CARTESIAN_POINT('',(-4.10000001788139,11.700000037998,5.0000000692904));
#17534=CARTESIAN_POINT('Origin',(-4.10000001788139,11.700000037998,5.0000000692904));
#17535=CARTESIAN_POINT('Ctrl Pts',(-4.2700241583567,11.9975422838297,-1.57002408906629));
#17536=CARTESIAN_POINT('Ctrl Pts',(-4.26451681388354,11.9879044310017,-1.86563471757588));
#17537=CARTESIAN_POINT('Ctrl Pts',(-4.23860550228988,11.9425596357128,-2.19064043549701));
#17538=CARTESIAN_POINT('Ctrl Pts',(-4.1664131242838,11.8162229742022,-2.56377939503602));
#17539=CARTESIAN_POINT('Ctrl Pts',(-4.1353714567212,11.7619000559676,-2.6881935983311));
#17540=CARTESIAN_POINT('Ctrl Pts',(-4.10000001788139,11.700000037998,-2.78824650151642));
#17541=CARTESIAN_POINT('Origin',(-4.10000001788139,11.700000037998,5.0000000692904));
#17542=CARTESIAN_POINT('',(-4.27142856759685,12.,2.5000000346452));
#17543=CARTESIAN_POINT('',(-4.10000001788139,11.700000037998,5.0000000692904));
#17544=CARTESIAN_POINT('Origin',(4.29999998211861,11.700000037998,5.0000000692904));
#17545=CARTESIAN_POINT('',(4.12857143240316,12.,0.192857169838888));
#17546=CARTESIAN_POINT('',(4.12857143240316,12.,2.5000000346452));
#17547=CARTESIAN_POINT('',(2.58387095691347,14.703225832107,1.93064520476479));
#17548=CARTESIAN_POINT('Origin',(-4.9,13.1000000067055,0.900000031292438));
#17549=CARTESIAN_POINT('',(-2.45,12.,0.192857169838889));
#17550=CARTESIAN_POINT('Origin',(-4.9,13.1000000067055,2.30000003129244));
#17551=CARTESIAN_POINT('',(-4.75650276525735,11.700000037998,1.40000005140901));
#17552=CARTESIAN_POINT('Ctrl Pts',(-4.26960893120128,11.9968156363078,1.59081007889388));
#17553=CARTESIAN_POINT('Ctrl Pts',(-4.31792838064186,11.9918083591791,1.58759111502544));
#17554=CARTESIAN_POINT('Ctrl Pts',(-4.36759978701981,11.980234746759,1.58015093561256));
#17555=CARTESIAN_POINT('Ctrl Pts',(-4.47822172933401,11.9428732007595,1.55613279889859));
#17556=CARTESIAN_POINT('Ctrl Pts',(-4.55278858952832,11.9024167240563,1.53012506387511));
#17557=CARTESIAN_POINT('Ctrl Pts',(-4.66378574855248,11.8173173750611,1.47541833952101));
#17558=CARTESIAN_POINT('Ctrl Pts',(-4.71982667950641,11.75693609933,1.43660180512247));
#17559=CARTESIAN_POINT('Ctrl Pts',(-4.75650276525735,11.700000037998,1.40000005140901));
#17560=CARTESIAN_POINT('',(-4.9,11.700000037998,1.40000005140901));
#17561=CARTESIAN_POINT('Origin',(-4.9,13.1000000067055,2.30000003129244));
#17562=CARTESIAN_POINT('',(-3.90714289945151,12.,1.59285716983889));
#17563=CARTESIAN_POINT('',(-2.45,12.,1.59285716983889));
#17564=CARTESIAN_POINT('',(-4.9,11.700000037998,1.40000005140901));
#17565=CARTESIAN_POINT('',(-3.08687153778055,13.2759776737104,2.41312853150985));
#17566=CARTESIAN_POINT('Origin',(-4.9,11.700000037998,1.40000005140901));
#17567=CARTESIAN_POINT('',(2.72857143240315,12.,1.22857150169355));
#17568=CARTESIAN_POINT('',(-2.45,12.,1.22857150169355));
#17569=CARTESIAN_POINT('',(2.48518517083592,12.4259259577427,0.985185240126317));
#17570=CARTESIAN_POINT('Origin',(-4.9,11.700000037998,1.40000005140901));
#17571=CARTESIAN_POINT('',(-4.32904293531246,12.,1.22857150169355));
#17572=CARTESIAN_POINT('',(-4.27142856759685,12.,1.22857150169356));
#17573=CARTESIAN_POINT('',(-2.45,12.,1.22857150169355));
#17574=CARTESIAN_POINT('Ctrl Pts',(-4.75650276525735,11.700000037998,1.40000005140901));
#17575=CARTESIAN_POINT('Ctrl Pts',(-4.75637875312761,11.7004325018462,1.39975292921002));
#17576=CARTESIAN_POINT('Ctrl Pts',(-4.75625415958598,11.7008642990194,1.39950618796816));
#17577=CARTESIAN_POINT('Ctrl Pts',(-4.740315863283,11.7557612964064,1.36813647517558));
#17578=CARTESIAN_POINT('Ctrl Pts',(-4.70693505391272,11.816615674049,1.33336254509414));
#17579=CARTESIAN_POINT('Ctrl Pts',(-4.62884925885759,11.9014556396213,1.28488256476709));
#17580=CARTESIAN_POINT('Ctrl Pts',(-4.57237991553641,11.9408873684867,1.26235014827256));
#17581=CARTESIAN_POINT('Ctrl Pts',(-4.46250623583609,11.9865338617503,1.23626643783623));
#17582=CARTESIAN_POINT('Ctrl Pts',(-4.39045828215255,12.,1.22857150169355));
#17583=CARTESIAN_POINT('Ctrl Pts',(-4.32904293531246,12.,1.22857150169355));
#17584=CARTESIAN_POINT('',(-3.82345680447272,11.2160494145328,1.67654326481768));
#17585=CARTESIAN_POINT('Origin',(-4.9,11.700000037998,1.40000005140901));
#17586=CARTESIAN_POINT('',(1.32857143240315,12.,1.22857150169355));
#17587=CARTESIAN_POINT('',(-2.45,12.,1.22857150169355));
#17588=CARTESIAN_POINT('',(1.22345677577419,12.1839506491007,1.12345684506459));
#17589=CARTESIAN_POINT('Origin',(-4.9,11.700000037998,1.40000005140901));
#17590=CARTESIAN_POINT('',(-2.87142856759685,12.,1.22857150169355));
#17591=CARTESIAN_POINT('',(-2.45,12.,1.22857150169355));
#17592=CARTESIAN_POINT('',(-2.561728409411,11.4580247231748,1.5382716598794));
#17593=CARTESIAN_POINT('Origin',(-1.80000003799796,13.1000000067055,5.0000000692904));
#17594=CARTESIAN_POINT('',(-2.50714289945151,12.,3.73687505173536));
#17595=CARTESIAN_POINT('Ctrl Pts',(-2.50714289945151,12.,3.73687505173536));
#17596=CARTESIAN_POINT('Ctrl Pts',(-2.50714289945151,12.,3.80803758220945));
#17597=CARTESIAN_POINT('Ctrl Pts',(-2.51583439131585,11.9864799015444,3.89190639153406));
#17598=CARTESIAN_POINT('Ctrl Pts',(-2.54759186694918,11.9370793838925,4.00835752146806));
#17599=CARTESIAN_POINT('Ctrl Pts',(-2.5727125860652,11.898002709712,4.06219741414093));
#17600=CARTESIAN_POINT('Ctrl Pts',(-2.62703864961863,11.81349549974,4.12955600587406));
#17601=CARTESIAN_POINT('Ctrl Pts',(-2.66508325564456,11.7543150014775,4.15260717958161));
#17602=CARTESIAN_POINT('Ctrl Pts',(-2.69886531930655,11.7017651246699,4.1584583841307));
#17603=CARTESIAN_POINT('Ctrl Pts',(-2.69943198700188,11.7008836415883,4.15855285045009));
#17604=CARTESIAN_POINT('Ctrl Pts',(-2.70000001788139,11.700000037998,4.15864384184153));
#17605=CARTESIAN_POINT('',(-2.50714289945151,12.,2.5000000346452));
#17606=CARTESIAN_POINT('Origin',(-2.70000001788139,11.700000037998,5.0000000692904));
#17607=CARTESIAN_POINT('',(-2.87142856759684,12.,2.5000000346452));
#17608=CARTESIAN_POINT('Origin',(0.999999962002038,13.1000000067055,5.0000000692904));
#17609=CARTESIAN_POINT('',(0.292857100548488,12.,2.5000000346452));
#17610=CARTESIAN_POINT('Origin',(1.49999998211861,11.700000037998,5.0000000692904));
#17611=CARTESIAN_POINT('',(1.32857143240316,12.,2.5000000346452));
#17612=CARTESIAN_POINT('Origin',(-4.10000001788139,11.700000037998,5.0000000692904));
#17613=CARTESIAN_POINT('',(-4.27142856759685,12.,0.19285716983889));
#17614=CARTESIAN_POINT('',(-4.27142856759685,12.,2.5000000346452));
#17615=CARTESIAN_POINT('',(-5.02785924836513,13.3237536913445,1.04384168570321));
#17616=CARTESIAN_POINT('Origin',(-4.9,13.1000000067055,0.900000031292438));
#17617=CARTESIAN_POINT('',(-4.49586552096412,12.,0.19285716983889));
#17618=CARTESIAN_POINT('Ctrl Pts',(-4.49586552096412,12.,0.19285716983889));
#17619=CARTESIAN_POINT('Ctrl Pts',(-4.55479778005772,12.,0.19285716983889));
#17620=CARTESIAN_POINT('Ctrl Pts',(-4.62376304747748,11.9868354100494,0.184394219156378));
#17621=CARTESIAN_POINT('Ctrl Pts',(-4.73630177151988,11.9436878428416,0.156656497379925));
#17622=CARTESIAN_POINT('Ctrl Pts',(-4.79829800719951,11.9042975134573,0.131334142775734));
#17623=CARTESIAN_POINT('Ctrl Pts',(-4.86215850278488,11.8449240498655,0.093165487609542));
#17624=CARTESIAN_POINT('Ctrl Pts',(-4.88220995919459,11.8229663986264,0.0790498546701623));
#17625=CARTESIAN_POINT('Ctrl Pts',(-4.9,11.7994432934735,0.0639278585004546));
#17626=CARTESIAN_POINT('',(-2.45,12.,0.192857169838889));
#17627=CARTESIAN_POINT('Origin',(2.89999998211861,11.700000037998,5.0000000692904));
#17628=CARTESIAN_POINT('',(2.72857143240316,12.,2.5000000346452));
#17629=CARTESIAN_POINT('Origin',(-4.9,13.1000000067055,-3.29999996870756));
#17630=CARTESIAN_POINT('',(0.29285710054849,12.,-4.00714283016111));
#17631=CARTESIAN_POINT('',(-2.45,12.,-4.00714283016111));
#17632=CARTESIAN_POINT('',(1.27150835048761,13.5223463887942,-3.02849158022199));
#17633=CARTESIAN_POINT('Origin',(-2.70000001788139,11.700000037998,5.0000000692904));
#17634=CARTESIAN_POINT('',(-2.87142856759685,12.,-3.46480860246868));
#17635=CARTESIAN_POINT('',(-2.70000001788139,11.700000037998,-4.15864384184153));
#17636=CARTESIAN_POINT('Ctrl Pts',(-2.87142856759684,12.,-3.46480860246868));
#17637=CARTESIAN_POINT('Ctrl Pts',(-2.87142856759684,12.,-3.5482675324709));
#17638=CARTESIAN_POINT('Ctrl Pts',(-2.86276711448155,11.9848424570482,-3.64688494491638));
#17639=CARTESIAN_POINT('Ctrl Pts',(-2.83575510757251,11.9375714449574,-3.81154622757142));
#17640=CARTESIAN_POINT('Ctrl Pts',(-2.8113149878586,11.8948012354581,-3.90761688493796));
#17641=CARTESIAN_POINT('Ctrl Pts',(-2.76256039477994,11.8094806975704,-4.0432085894564));
#17642=CARTESIAN_POINT('Ctrl Pts',(-2.73137945179393,11.7549140473449,-4.10969608786739));
#17643=CARTESIAN_POINT('Ctrl Pts',(-2.70000001788139,11.700000037998,-4.15864384184153));
#17644=CARTESIAN_POINT('',(-2.87142856759685,12.,-2.97142849830644));
#17645=CARTESIAN_POINT('',(-2.87142856759684,12.,2.5000000346452));
#17646=CARTESIAN_POINT('',(-2.14691359459618,10.7320987972488,-2.24691352530578));
#17647=CARTESIAN_POINT('',(-2.70000001788139,11.700000037998,5.0000000692904));
#17648=CARTESIAN_POINT('Origin',(-4.9,11.700000037998,-2.79999994859099));
#17649=CARTESIAN_POINT('',(-2.45,12.,-2.97142849830644));
#17650=CARTESIAN_POINT('Origin',(0.999999962002038,13.1000000067055,5.0000000692904));
#17651=CARTESIAN_POINT('',(0.292857100548488,12.,2.5000000346452));
#17652=CARTESIAN_POINT('Origin',(-4.9,11.700000037998,-2.79999994859099));
#17653=CARTESIAN_POINT('',(-3.37943979825127,12.,-2.97142849830645));
#17654=CARTESIAN_POINT('',(-2.45,12.,-2.97142849830644));
#17655=CARTESIAN_POINT('Ctrl Pts',(-4.0919822809656,11.700000037998,-2.79999994859099));
#17656=CARTESIAN_POINT('Ctrl Pts',(-4.04171530372798,11.7546476693067,-2.83122716648172));
#17657=CARTESIAN_POINT('Ctrl Pts',(-3.97408850547499,11.8086423218693,-2.86208125366035));
#17658=CARTESIAN_POINT('Ctrl Pts',(-3.83543254171407,11.8940032025878,-2.91085889978521));
#17659=CARTESIAN_POINT('Ctrl Pts',(-3.73665477213126,11.9369933770938,-2.9354247137886));
#17660=CARTESIAN_POINT('Ctrl Pts',(-3.56721586050241,11.9846852969131,-2.96267723939965));
#17661=CARTESIAN_POINT('Ctrl Pts',(-3.46548246079357,12.,-2.97142849830644));
#17662=CARTESIAN_POINT('Ctrl Pts',(-3.37943979825127,12.,-2.97142849830644));
#17663=CARTESIAN_POINT('Origin',(0.999999962002038,13.1000000067055,5.0000000692904));
#17664=CARTESIAN_POINT('',(0.292857100548488,12.,2.5000000346452));
#17665=CARTESIAN_POINT('Origin',(-1.80000003799796,13.1000000067055,5.0000000692904));
#17666=CARTESIAN_POINT('',(-2.50714289945151,12.,-3.73687505173536));
#17667=CARTESIAN_POINT('',(-2.50714289945151,12.,2.5000000346452));
#17668=CARTESIAN_POINT('Ctrl Pts',(-2.70000001788139,11.700000037998,-4.15864384184153));
#17669=CARTESIAN_POINT('Ctrl Pts',(-2.69943198700188,11.7008836415883,-4.15855285045009));
#17670=CARTESIAN_POINT('Ctrl Pts',(-2.69886531930655,11.7017651246699,-4.1584583841307));
#17671=CARTESIAN_POINT('Ctrl Pts',(-2.66508325564456,11.7543150014775,-4.1526071795816));
#17672=CARTESIAN_POINT('Ctrl Pts',(-2.62703864961863,11.81349549974,-4.12955600587406));
#17673=CARTESIAN_POINT('Ctrl Pts',(-2.5727125860652,11.898002709712,-4.06219741414093));
#17674=CARTESIAN_POINT('Ctrl Pts',(-2.54759186694919,11.9370793838925,-4.00835752146806));
#17675=CARTESIAN_POINT('Ctrl Pts',(-2.51583439131585,11.9864799015444,-3.89190639153406));
#17676=CARTESIAN_POINT('Ctrl Pts',(-2.50714289945151,12.,-3.80803758220945));
#17677=CARTESIAN_POINT('Ctrl Pts',(-2.50714289945151,12.,-3.73687505173536));
#17678=CARTESIAN_POINT('Origin',(-3.20000003799796,13.1000000067055,5.0000000692904));
#17679=CARTESIAN_POINT('',(-3.90714289945151,12.,2.5000000346452));
#17680=CARTESIAN_POINT('Origin',(0.999999962002038,13.1000000067055,5.0000000692904));
#17681=CARTESIAN_POINT('',(0.29285710054849,12.,4.49046048743451));
#17682=CARTESIAN_POINT('Ctrl Pts',(0.292857100548489,12.,4.49046048743451));
#17683=CARTESIAN_POINT('Ctrl Pts',(0.292857100548489,12.,4.5495411175104));
#17684=CARTESIAN_POINT('Ctrl Pts',(0.284384623207724,11.9868205908033,4.61868495545112));
#17685=CARTESIAN_POINT('Ctrl Pts',(0.256675380043165,11.9437173236584,4.73191748540456));
#17686=CARTESIAN_POINT('Ctrl Pts',(0.231321749639329,11.9042783430302,4.79456319703405));
#17687=CARTESIAN_POINT('Ctrl Pts',(0.176755488665363,11.8193974926262,4.88700553810599));
#17688=CARTESIAN_POINT('Ctrl Pts',(0.136904399074919,11.7574069088189,4.93127961846048));
#17689=CARTESIAN_POINT('Ctrl Pts',(0.100464386396214,11.700722444652,4.95692386389582));
#17690=CARTESIAN_POINT('Ctrl Pts',(0.100232353826581,11.7003615050993,4.95708662963306));
#17691=CARTESIAN_POINT('Ctrl Pts',(0.0999999821186064,11.700000037998,4.95724910645231));
#17692=CARTESIAN_POINT('',(0.292857100548489,12.,4.39285716983889));
#17693=CARTESIAN_POINT('',(0.292857100548488,12.,2.5000000346452));
#17694=CARTESIAN_POINT('',(0.321229020878672,12.0441340982914,4.42122909016907));
#17695=CARTESIAN_POINT('Origin',(1.49999998211861,11.700000037998,5.0000000692904));
#17696=CARTESIAN_POINT('',(1.33283114969656,11.9925454947365,4.3880649878838));
#17697=CARTESIAN_POINT('Ctrl Pts',(1.49999998211861,11.700000037998,4.72591988437068));
#17698=CARTESIAN_POINT('Ctrl Pts',(1.49975782459616,11.7004238136622,4.72580270126818));
#17699=CARTESIAN_POINT('Ctrl Pts',(1.49951602922866,11.7008469555554,4.72568494709018));
#17700=CARTESIAN_POINT('Ctrl Pts',(1.46823216342398,11.7555937207135,4.71035341096711));
#17701=CARTESIAN_POINT('Ctrl Pts',(1.43351008185436,11.8163573634604,4.67760153050637));
#17702=CARTESIAN_POINT('Ctrl Pts',(1.38502658626143,11.901203480748,4.60022771094016));
#17703=CARTESIAN_POINT('Ctrl Pts',(1.36249284602483,11.9406375261621,4.54396881751822));
#17704=CARTESIAN_POINT('Ctrl Pts',(1.34232237467323,11.9759358510274,4.45925067695583));
#17705=CARTESIAN_POINT('Ctrl Pts',(1.33636601538312,11.9863594797851,4.42401121382441));
#17706=CARTESIAN_POINT('Ctrl Pts',(1.33283114969656,11.9925454947365,4.3880649878838));
#17707=CARTESIAN_POINT('',(0.490029314684728,13.4674487060072,5.33621705227212));
#17708=CARTESIAN_POINT('Origin',(-4.9,13.1000000067055,5.10000003129244));
#17709=CARTESIAN_POINT('',(0.976118105531968,12.,4.39285716983889));
#17710=CARTESIAN_POINT('',(-2.45,12.,4.39285716983889));
#17711=CARTESIAN_POINT('Ctrl Pts',(1.33283114969656,11.9925454947365,4.3880649878838));
#17712=CARTESIAN_POINT('Ctrl Pts',(1.21059029764808,11.9981479868867,4.39166658998032));
#17713=CARTESIAN_POINT('Ctrl Pts',(1.09053378993741,12.,4.39285716983889));
#17714=CARTESIAN_POINT('Ctrl Pts',(0.976118105531968,12.,4.39285716983889));
#17715=CARTESIAN_POINT('Origin',(2.39999996200204,13.1000000067055,5.0000000692904));
#17716=CARTESIAN_POINT('',(1.69285710054849,12.,2.5000000346452));
#17717=CARTESIAN_POINT('Origin',(-3.20000003799796,13.1000000067055,5.0000000692904));
#17718=CARTESIAN_POINT('',(-3.90714289945151,12.,2.23254004080955));
#17719=CARTESIAN_POINT('Ctrl Pts',(-3.90714289945151,12.,2.23254004080955));
#17720=CARTESIAN_POINT('Ctrl Pts',(-3.90714289945151,12.,2.35180099517918));
#17721=CARTESIAN_POINT('Ctrl Pts',(-3.91463952366722,11.9883385845533,2.49424110314269));
#17722=CARTESIAN_POINT('Ctrl Pts',(-3.94694076232406,11.9380922133094,2.62824243356504));
#17723=CARTESIAN_POINT('Ctrl Pts',(-3.95525923430418,11.925152368007,2.65617721071546));
#17724=CARTESIAN_POINT('Ctrl Pts',(-3.96455014033418,11.9106998475158,2.67960016025593));
#17725=CARTESIAN_POINT('',(-3.90714289945151,12.,2.5000000346452));
#17726=CARTESIAN_POINT('Ctrl Pts',(-4.08921461653836,11.716777328976,2.79041302799297));
#17727=CARTESIAN_POINT('Ctrl Pts',(-4.0903238910122,11.7150517909056,2.7902603238056));
#17728=CARTESIAN_POINT('Ctrl Pts',(-4.09141964029624,11.7133472920193,2.79008749806768));
#17729=CARTESIAN_POINT('Ctrl Pts',(-4.09494922751001,11.7078568230201,2.78946462556616));
#17730=CARTESIAN_POINT('Ctrl Pts',(-4.09745620770799,11.7039570760455,2.78891600604564));
#17731=CARTESIAN_POINT('Ctrl Pts',(-4.10000001788139,11.700000037998,2.78824650151642));
#17732=CARTESIAN_POINT('Origin',(0.,11.5,0.));
#17733=CARTESIAN_POINT('',(-6.12323408698006E-16,11.5,-5.00000007450581));
#17734=CARTESIAN_POINT('Origin',(-5.51091068740639E-16,11.5,-4.50000007450581));
#17735=CARTESIAN_POINT('',(5.00000007450581,11.5,-6.12323408698006E-16));
#17736=CARTESIAN_POINT('Origin',(0.,11.5,0.));
#17737=CARTESIAN_POINT('Origin',(0.,11.5,0.));
#17738=CARTESIAN_POINT('Origin',(0.,12.,0.));
#17739=CARTESIAN_POINT('Origin',(0.,12.,0.));
#17740=CARTESIAN_POINT('Origin',(0.,12.,0.));
#17741=CARTESIAN_POINT('Origin',(0.,12.,0.));
#17742=CARTESIAN_POINT('Origin',(0.,12.,0.));
#17743=CARTESIAN_POINT('Origin',(0.,12.,0.));
#17744=CARTESIAN_POINT('Origin',(0.,12.,0.));
#17745=CARTESIAN_POINT('Origin',(0.,12.,0.));
#17746=CARTESIAN_POINT('Origin',(0.,12.,0.));
#17747=CARTESIAN_POINT('Origin',(0.,12.,0.));
#17748=CARTESIAN_POINT('Origin',(0.,12.,0.));
#17749=CARTESIAN_POINT('Origin',(0.,12.,0.));
#17750=CARTESIAN_POINT('Origin',(0.,12.,0.));
#17751=CARTESIAN_POINT('Origin',(0.,12.,0.));
#17752=CARTESIAN_POINT('Origin',(0.,12.,0.));
#17753=CARTESIAN_POINT('Origin',(0.,12.,0.));
#17754=CARTESIAN_POINT('Origin',(0.,12.,0.));
#17755=CARTESIAN_POINT('Origin',(0.,12.,0.));
#17756=CARTESIAN_POINT('Origin',(0.,11.5,0.));
#17757=CARTESIAN_POINT('Origin',(0.,12.,0.));
#17758=CARTESIAN_POINT('Origin',(0.,11.5,0.));
#17759=CARTESIAN_POINT('Origin',(0.,12.,0.));
#17760=CARTESIAN_POINT('Origin',(0.,12.,0.));
#17761=CARTESIAN_POINT('Origin',(0.,12.,0.));
#17762=CARTESIAN_POINT('Origin',(0.,12.,0.));
#17763=CARTESIAN_POINT('Origin',(0.,12.,0.));
#17764=CARTESIAN_POINT('Origin',(0.,12.,0.));
#17765=CARTESIAN_POINT('Origin',(0.,12.,0.));
#17766=CARTESIAN_POINT('Origin',(0.,12.,0.));
#17767=CARTESIAN_POINT('Origin',(0.,12.,0.));
#17768=CARTESIAN_POINT('Origin',(0.,12.,0.));
#17769=CARTESIAN_POINT('Origin',(0.,12.,0.));
#17770=CARTESIAN_POINT('Origin',(0.,12.,0.));
#17771=CARTESIAN_POINT('Origin',(0.,12.,0.));
#17772=CARTESIAN_POINT('Origin',(0.,12.,0.));
#17773=CARTESIAN_POINT('Origin',(0.,12.,0.));
#17774=CARTESIAN_POINT('Origin',(0.,12.,0.));
#17775=CARTESIAN_POINT('Origin',(0.,12.,0.));
#17776=CARTESIAN_POINT('Origin',(0.,12.,0.));
#17777=CARTESIAN_POINT('Origin',(0.,12.,0.));
#17778=CARTESIAN_POINT('Origin',(0.,12.,0.));
#17779=CARTESIAN_POINT('Origin',(0.,12.,0.));
#17780=CARTESIAN_POINT('Origin',(0.,12.,0.));
#17781=CARTESIAN_POINT('Origin',(0.,12.,0.));
#17782=CARTESIAN_POINT('Origin',(0.,12.,0.));
#17783=CARTESIAN_POINT('Origin',(0.,12.,0.));
#17784=CARTESIAN_POINT('Origin',(0.,12.,0.));
#17785=CARTESIAN_POINT('Origin',(0.,12.,0.));
#17786=CARTESIAN_POINT('Origin',(0.,12.,0.));
#17787=CARTESIAN_POINT('Origin',(0.,12.,0.));
#17788=CARTESIAN_POINT('Origin',(0.,12.,0.));
#17789=CARTESIAN_POINT('Origin',(0.,12.,0.));
#17790=CARTESIAN_POINT('Origin',(0.,12.,0.));
#17791=CARTESIAN_POINT('Origin',(0.,12.,0.));
#17792=CARTESIAN_POINT('Origin',(0.,12.,0.));
#17793=CARTESIAN_POINT('Origin',(0.,12.,0.));
#17794=CARTESIAN_POINT('Origin',(0.,12.,0.));
#17795=CARTESIAN_POINT('Origin',(0.,12.,0.));
#17796=CARTESIAN_POINT('Origin',(0.,12.,0.));
#17797=CARTESIAN_POINT('Origin',(0.,12.,0.));
#17798=CARTESIAN_POINT('Origin',(0.,12.,0.));
#17799=CARTESIAN_POINT('Origin',(0.,12.,0.));
#17800=CARTESIAN_POINT('Origin',(0.,12.,0.));
#17801=CARTESIAN_POINT('Origin',(0.,12.,0.));
#17802=CARTESIAN_POINT('Origin',(0.,12.,0.));
#17803=CARTESIAN_POINT('Origin',(0.,10.5,0.));
#17804=CARTESIAN_POINT('',(5.00000007450581,10.5,-6.12323408698006E-16));
#17805=CARTESIAN_POINT('',(5.00000007450581,10.5,-6.12323408698006E-16));
#17806=CARTESIAN_POINT('Origin',(0.,10.5,0.));
#17807=CARTESIAN_POINT('Origin',(0.,12.,0.));
#17808=CARTESIAN_POINT('Origin',(0.,8.3,0.));
#17809=CARTESIAN_POINT('',(1.16189500386223,8.7,-1.1));
#17810=CARTESIAN_POINT('',(1.16189500386222,8.7,1.1));
#17811=CARTESIAN_POINT('Origin',(0.,8.7,0.));
#17812=CARTESIAN_POINT('',(1.3228756555323,8.3,-1.5));
#17813=CARTESIAN_POINT('Ctrl Pts',(1.16189500386223,8.7,-1.1));
#17814=CARTESIAN_POINT('Ctrl Pts',(1.1623083969516,8.7,-1.10096063873034));
#17815=CARTESIAN_POINT('Ctrl Pts',(1.16272160331142,8.69999653939975,-1.10192135622793));
#17816=CARTESIAN_POINT('Ctrl Pts',(1.17582293667764,8.69977693506936,-1.13239858492399));
#17817=CARTESIAN_POINT('Ctrl Pts',(1.18830680702248,8.69629694984388,-1.16192724573697));
#17818=CARTESIAN_POINT('Ctrl Pts',(1.21233876418256,8.68283066453433,-1.21962232638688));
#17819=CARTESIAN_POINT('Ctrl Pts',(1.22385230163723,8.67293270988136,-1.24769593077916));
#17820=CARTESIAN_POINT('Ctrl Pts',(1.25324385467354,8.6377236999231,-1.32027773833378));
#17821=CARTESIAN_POINT('Ctrl Pts',(1.26971803130586,8.60673482041838,-1.3619979879868));
#17822=CARTESIAN_POINT('Ctrl Pts',(1.29610995987682,8.53165117590163,-1.42973826810303));
#17823=CARTESIAN_POINT('Ctrl Pts',(1.3061346642295,8.48922749529864,-1.45594172049104));
#17824=CARTESIAN_POINT('Ctrl Pts',(1.31949729528526,8.39719146705019,-1.49102985128644));
#17825=CARTESIAN_POINT('Ctrl Pts',(1.3228756555323,8.34890889917556,-1.5));
#17826=CARTESIAN_POINT('Ctrl Pts',(1.3228756555323,8.3,-1.5));
#17827=CARTESIAN_POINT('',(1.3228756555323,8.3,1.5));
#17828=CARTESIAN_POINT('Origin',(0.,8.3,0.));
#17829=CARTESIAN_POINT('Ctrl Pts',(1.16189500386222,8.7,1.1));
#17830=CARTESIAN_POINT('Ctrl Pts',(1.16230839695159,8.7,1.10096063873034));
#17831=CARTESIAN_POINT('Ctrl Pts',(1.16272160331142,8.69999653939975,1.10192135622794));
#17832=CARTESIAN_POINT('Ctrl Pts',(1.17582293667762,8.69977693506936,1.13239858492391));
#17833=CARTESIAN_POINT('Ctrl Pts',(1.18830680702247,8.69629694984388,1.16192724573695));
#17834=CARTESIAN_POINT('Ctrl Pts',(1.21233876418256,8.68283066453433,1.21962232638687));
#17835=CARTESIAN_POINT('Ctrl Pts',(1.22385230163723,8.67293270988136,1.24769593077916));
#17836=CARTESIAN_POINT('Ctrl Pts',(1.25324385467354,8.6377236999231,1.32027773833378));
#17837=CARTESIAN_POINT('Ctrl Pts',(1.26971803130586,8.60673482041838,1.3619979879868));
#17838=CARTESIAN_POINT('Ctrl Pts',(1.29610995987682,8.53165117590163,1.42973826810303));
#17839=CARTESIAN_POINT('Ctrl Pts',(1.30613466422951,8.48922749529864,1.45594172049104));
#17840=CARTESIAN_POINT('Ctrl Pts',(1.31949729528526,8.39719146705019,1.49102985128644));
#17841=CARTESIAN_POINT('Ctrl Pts',(1.3228756555323,8.34890889917556,1.5));
#17842=CARTESIAN_POINT('Ctrl Pts',(1.3228756555323,8.3,1.5));
#17843=CARTESIAN_POINT('Origin',(2.,8.3,1.1));
#17844=CARTESIAN_POINT('',(-1.16189500386223,8.7,1.1));
#17845=CARTESIAN_POINT('',(2.,8.7,1.1));
#17846=CARTESIAN_POINT('',(-1.3228756555323,8.3,1.5));
#17847=CARTESIAN_POINT('',(2.,8.3,1.5));
#17848=CARTESIAN_POINT('Ctrl Pts',(-1.16189500386222,8.7,1.1));
#17849=CARTESIAN_POINT('Ctrl Pts',(-1.1623083969516,8.7,1.10096063873034));
#17850=CARTESIAN_POINT('Ctrl Pts',(-1.16272160331142,8.69999653939975,1.10192135622793));
#17851=CARTESIAN_POINT('Ctrl Pts',(-1.17582293667764,8.69977693506936,1.13239858492398));
#17852=CARTESIAN_POINT('Ctrl Pts',(-1.18830680702248,8.69629694984388,1.16192724573697));
#17853=CARTESIAN_POINT('Ctrl Pts',(-1.21233876418256,8.68283066453433,1.21962232638687));
#17854=CARTESIAN_POINT('Ctrl Pts',(-1.22385230163723,8.67293270988136,1.24769593077916));
#17855=CARTESIAN_POINT('Ctrl Pts',(-1.25324385467354,8.6377236999231,1.32027773833378));
#17856=CARTESIAN_POINT('Ctrl Pts',(-1.26971803130586,8.60673482041838,1.3619979879868));
#17857=CARTESIAN_POINT('Ctrl Pts',(-1.29610995987682,8.53165117590163,1.42973826810303));
#17858=CARTESIAN_POINT('Ctrl Pts',(-1.30613466422951,8.48922749529864,1.45594172049104));
#17859=CARTESIAN_POINT('Ctrl Pts',(-1.31949729528526,8.39719146705019,1.49102985128644));
#17860=CARTESIAN_POINT('Ctrl Pts',(-1.3228756555323,8.34890889917556,1.5));
#17861=CARTESIAN_POINT('Ctrl Pts',(-1.3228756555323,8.3,1.5));
#17862=CARTESIAN_POINT('Origin',(0.,8.3,0.));
#17863=CARTESIAN_POINT('',(-1.16189500386223,8.7,-1.1));
#17864=CARTESIAN_POINT('Origin',(0.,8.7,0.));
#17865=CARTESIAN_POINT('',(-1.3228756555323,8.3,-1.5));
#17866=CARTESIAN_POINT('Origin',(0.,8.3,0.));
#17867=CARTESIAN_POINT('Ctrl Pts',(-1.16189500386223,8.7,-1.1));
#17868=CARTESIAN_POINT('Ctrl Pts',(-1.1623083969516,8.7,-1.10096063873034));
#17869=CARTESIAN_POINT('Ctrl Pts',(-1.16272160331142,8.69999653939975,-1.10192135622794));
#17870=CARTESIAN_POINT('Ctrl Pts',(-1.17582293667763,8.69977693506936,-1.13239858492395));
#17871=CARTESIAN_POINT('Ctrl Pts',(-1.18830680702248,8.69629694984388,-1.16192724573696));
#17872=CARTESIAN_POINT('Ctrl Pts',(-1.21233876418256,8.68283066453433,-1.21962232638687));
#17873=CARTESIAN_POINT('Ctrl Pts',(-1.22385230163723,8.67293270988136,-1.24769593077916));
#17874=CARTESIAN_POINT('Ctrl Pts',(-1.25324385467354,8.6377236999231,-1.32027773833378));
#17875=CARTESIAN_POINT('Ctrl Pts',(-1.26971803130586,8.60673482041838,-1.3619979879868));
#17876=CARTESIAN_POINT('Ctrl Pts',(-1.29610995987682,8.53165117590163,-1.42973826810303));
#17877=CARTESIAN_POINT('Ctrl Pts',(-1.3061346642295,8.48922749529864,-1.45594172049104));
#17878=CARTESIAN_POINT('Ctrl Pts',(-1.31949729528526,8.39719146705019,-1.49102985128644));
#17879=CARTESIAN_POINT('Ctrl Pts',(-1.3228756555323,8.34890889917556,-1.5));
#17880=CARTESIAN_POINT('Ctrl Pts',(-1.3228756555323,8.3,-1.5));
#17881=CARTESIAN_POINT('Origin',(-2.,8.3,-1.1));
#17882=CARTESIAN_POINT('',(-2.,8.3,-1.5));
#17883=CARTESIAN_POINT('',(-2.,8.7,-1.1));
#17884=CARTESIAN_POINT('Origin',(-4.,5.5,-1.5));
#17885=CARTESIAN_POINT('',(-1.3228756555323,5.5,-1.5));
#17886=CARTESIAN_POINT('',(-1.3228756555323,5.5,-1.5));
#17887=CARTESIAN_POINT('',(1.3228756555323,5.5,-1.5));
#17888=CARTESIAN_POINT('',(-2.,5.5,-1.5));
#17889=CARTESIAN_POINT('',(1.3228756555323,5.5,-1.5));
#17890=CARTESIAN_POINT('Origin',(0.,5.5,0.));
#17891=CARTESIAN_POINT('',(1.3228756555323,5.5,1.5));
#17892=CARTESIAN_POINT('Origin',(0.,5.5,0.));
#17893=CARTESIAN_POINT('',(1.3228756555323,5.5,1.5));
#17894=CARTESIAN_POINT('Origin',(0.,8.7,0.));
#17895=CARTESIAN_POINT('Origin',(4.,5.5,1.5));
#17896=CARTESIAN_POINT('',(-1.3228756555323,5.5,1.5));
#17897=CARTESIAN_POINT('',(2.,5.5,1.5));
#17898=CARTESIAN_POINT('',(-1.3228756555323,5.5,1.5));
#17899=CARTESIAN_POINT('Origin',(0.,5.5,0.));
#17900=CARTESIAN_POINT('Origin',(0.,5.5,0.));
#17901=CARTESIAN_POINT('Origin',(0.,10.5,0.));
#17902=CARTESIAN_POINT('',(3.,10.5,-3.67394039744206E-16));
#17903=CARTESIAN_POINT('Origin',(0.,10.5,0.));
#17904=CARTESIAN_POINT('Origin',(0.,6.5,0.));
#17905=CARTESIAN_POINT('',(3.,6.5,-3.67394039744206E-16));
#17906=CARTESIAN_POINT('',(3.,6.5,-3.67394039744206E-16));
#17907=CARTESIAN_POINT('Origin',(0.,6.5,0.));
#17908=CARTESIAN_POINT('Origin',(0.,5.5,0.));
#17909=CARTESIAN_POINT('',(-7.,6.5,8.57252759403147E-16));
#17910=CARTESIAN_POINT('Origin',(0.,6.5,0.));
#17911=CARTESIAN_POINT('',(-7.,5.5,8.57252759403147E-16));
#17912=CARTESIAN_POINT('',(-7.,5.5,8.57252759403147E-16));
#17913=CARTESIAN_POINT('Origin',(0.,5.5,0.));
#17914=CARTESIAN_POINT('Origin',(0.,6.5,0.));
#17915=CARTESIAN_POINT('Origin',(0.,5.5,0.));
#17916=UNCERTAINTY_MEASURE_WITH_UNIT(LENGTH_MEASURE(0.01),#17920,
'DISTANCE_ACCURACY_VALUE',
'Maximum model space distance between geometric entities at asserted c
onnectivities');
#17917=UNCERTAINTY_MEASURE_WITH_UNIT(LENGTH_MEASURE(0.01),#17920,
'DISTANCE_ACCURACY_VALUE',
'Maximum model space distance between geometric entities at asserted c
onnectivities');
#17918=(
GEOMETRIC_REPRESENTATION_CONTEXT(3)
GLOBAL_UNCERTAINTY_ASSIGNED_CONTEXT((#17916))
GLOBAL_UNIT_ASSIGNED_CONTEXT((#17920,#17922,#17923))
REPRESENTATION_CONTEXT('','3D')
);
#17919=(
GEOMETRIC_REPRESENTATION_CONTEXT(3)
GLOBAL_UNCERTAINTY_ASSIGNED_CONTEXT((#17917))
GLOBAL_UNIT_ASSIGNED_CONTEXT((#17920,#17922,#17923))
REPRESENTATION_CONTEXT('','3D')
);
#17920=(
LENGTH_UNIT()
NAMED_UNIT(*)
SI_UNIT(.MILLI.,.METRE.)
);
#17921=(
LENGTH_UNIT()
NAMED_UNIT(*)
SI_UNIT($,.METRE.)
);
#17922=(
NAMED_UNIT(*)
PLANE_ANGLE_UNIT()
SI_UNIT($,.RADIAN.)
);
#17923=(
NAMED_UNIT(*)
SI_UNIT($,.STERADIAN.)
SOLID_ANGLE_UNIT()
);
#17924=SHAPE_DEFINITION_REPRESENTATION(#17925,#17926);
#17925=PRODUCT_DEFINITION_SHAPE('',$,#17928);
#17926=SHAPE_REPRESENTATION('',(#10427),#17918);
#17927=PRODUCT_DEFINITION_CONTEXT('part definition',#17932,'design');
#17928=PRODUCT_DEFINITION('2 Axis Thumbstick v2',
'2 Axis Thumbstick v2 v1',#17929,#17927);
#17929=PRODUCT_DEFINITION_FORMATION('',$,#17934);
#17930=PRODUCT_RELATED_PRODUCT_CATEGORY('2 Axis Thumbstick v2 v1',
'2 Axis Thumbstick v2 v1',(#17934));
#17931=APPLICATION_PROTOCOL_DEFINITION('international standard',
'automotive_design',2009,#17932);
#17932=APPLICATION_CONTEXT(
'Core Data for Automotive Mechanical Design Process');
#17933=PRODUCT_CONTEXT('part definition',#17932,'mechanical');
#17934=PRODUCT('2 Axis Thumbstick v2','2 Axis Thumbstick v2 v1',$,(#17933));
#17935=PRESENTATION_STYLE_ASSIGNMENT((#17939));
#17936=PRESENTATION_STYLE_ASSIGNMENT((#17940));
#17937=PRESENTATION_STYLE_ASSIGNMENT((#17941));
#17938=PRESENTATION_STYLE_ASSIGNMENT((#17942));
#17939=SURFACE_STYLE_USAGE(.BOTH.,#17943);
#17940=SURFACE_STYLE_USAGE(.BOTH.,#17944);
#17941=SURFACE_STYLE_USAGE(.BOTH.,#17945);
#17942=SURFACE_STYLE_USAGE(.BOTH.,#17946);
#17943=SURFACE_SIDE_STYLE('',(#17947));
#17944=SURFACE_SIDE_STYLE('',(#17948));
#17945=SURFACE_SIDE_STYLE('',(#17949));
#17946=SURFACE_SIDE_STYLE('',(#17950));
#17947=SURFACE_STYLE_FILL_AREA(#17951);
#17948=SURFACE_STYLE_FILL_AREA(#17952);
#17949=SURFACE_STYLE_FILL_AREA(#17953);
#17950=SURFACE_STYLE_FILL_AREA(#17954);
#17951=FILL_AREA_STYLE('Steel - Satin',(#17955));
#17952=FILL_AREA_STYLE('Nylon 12 (with Formlabs Fuse 1 3D Printer)',(#17956));
#17953=FILL_AREA_STYLE('Aluminum - Bead Blasted',(#17957));
#17954=FILL_AREA_STYLE('Plastic - Glossy (Red)',(#17958));
#17955=FILL_AREA_STYLE_COLOUR('Steel - Satin',#17959);
#17956=FILL_AREA_STYLE_COLOUR(
'Nylon 12 (with Formlabs Fuse 1 3D Printer)',#17960);
#17957=FILL_AREA_STYLE_COLOUR('Aluminum - Bead Blasted',#17961);
#17958=FILL_AREA_STYLE_COLOUR('Plastic - Glossy (Red)',#17962);
#17959=COLOUR_RGB('Steel - Satin',0.627450980392157,0.627450980392157,0.627450980392157);
#17960=COLOUR_RGB('Nylon 12 (with Formlabs Fuse 1 3D Printer)',0.247058823529412,
0.247058823529412,0.247058823529412);
#17961=COLOUR_RGB('Aluminum - Bead Blasted',0.96078431372549,0.96078431372549,
0.964705882352941);
#17962=COLOUR_RGB('Plastic - Glossy (Red)',0.768627450980392,0.207843137254902,
0.152941176470588);
ENDSEC;
END-ISO-10303-21;
